# Resource object code (Python 3)
# Created by: object code
# Created by: The Resource Compiler for Qt version 6.9.0
# WARNING! All changes made in this file will be lost!

from PySide6 import QtCore

qt_resource_data = b"\
\x00\x00\x07\x0d\
\x89\
PNG\x0d\x0a\x1a\x0a\x00\x00\x00\x0dIHDR\x00\
\x00\x00`\x00\x00\x00`\x08\x06\x00\x00\x00\xe2\x98w8\
\x00\x00\x00\x09pHYs\x00\x00\x0b\x13\x00\x00\x0b\x13\
\x01\x00\x9a\x9c\x18\x00\x00\x06\xbfIDATx\x9c\xed\
\x9d\xfbOSg\x18\xc7\xf9e\xfb[\xa6K\xb6\xfd\x01\
sf9\xb0\x16,\x179E\xd4\xa9l\x82T\xa8\xa7\
8t\xe89\x83V\x17\x13\x93M\x9dfY\xf6\x83\x8b\
\x16\x14o\xf3Ba*BK\xe5NE\x06\xda.\xd9\
%s\x0bF`?xT\xd4^p\xc9\xb3\xbc\xa7=\
\xd2\xfb\xed\x94\x9d\xb6\xe7\xf9&\xdf\x04\xda\xf2\x86\xf3\xfd\
<\xcf\xf3\x9e\x13\x92\x97\x82\x02\x14\x0a\x85B\xa1P(\
\x14\x0a\x85B\xa1P(\x14\x0a\x85BE\x11\xbd\xbb\xf5\
m\xda\xc0~\xa3eX\x17\xcdp/\xb4\x06\x0e\x94l\
\x9ad\xc0\xb0.-\xc3\x1d\xabb\xd8\xd5+V4U\
&\xd3\x9b4\xc3~K\x1b\xb8\x7f\xe5\xbehm\x96\xda\
\x9f\x0d{\xa2\xbe\xbe\xfe\x8d\x8c\x87\xaf5\xb0\xfdr_\
\xa06GL3\x5c_F!\x90\xca\x97\xfb\xa2\xb49\
f\x9a\xe1\x8egp\xe6\x87\x8e\x9d\x1d\xad\x87\xc1:\xea\
\x80\xb9\x85\x05\xe0y^\xd1\x9e[X\x00\xdb\xa8\x03\xf4\
\x07\xbf\x0e\x85\xc0\xb0\xaf\xaa\x9bZWI\x07@6\xdc\
\xb0\xf0\x1f>\x9a\x93\xfd\xc2\xf9,3\xc9\x84d\x13\xd2\
\x05\x06\xf6h\x06\x00p\xbf\x04/J*_\xee\x8b\xe5\
\xb3\xd4\xfd#\x13a]\xc09%\x03\xd02\xdcb\xf0\
\xa28v\xf8\x98\x00\xe6\xe6\x17\xc2\x01,J\x07\x10\xb6\
\xb9\xc8]e|\x96;</\x04\xc0#\x00\xd9\xab\x92\
\xc7\x0e\x90?\x18^)#h\xd5\x0dw^\x9bG\x00\
n\x04\x80\x1d\xc0\xe3\x08Z\x85#\x08\xf7\x00\x1e7a\
7n\xc2\xe1U\xa0\x1e\xf4@\xe9\x90\xdf\xeaA7|\
`\xf3\xc0\xbb\xbd\xe9\x07\xf5N\xaf\x7f\x0d\xd5\xed\xe5u\
\x8b\x07=\xb0\xd6\xe6\x86\xf7z=\x92\x00|h\x9d\x87\
[\x0f\xcc\xf0\x82o\x13l}p\x0aJ\xec\xb3\xb9}\
\x17T>\xec\x89\xea56\x0f\xacN1\xa056\x0f\
\x94\x0dE_\x8f\x98\xbc\xb7v\xc0\x9d\xf2\xbab\xf8O\
\x1f\x9b\x00\x9e\xb5\x84\xf8\xd9c\xa3\xf0^\xde\x01 \xa6\
\xec\xfenX\x13T\xd1e\xc3\xcb\x15-v\x0a\x09\xb4\
\xd0\xee\x8e\xbbV\xb0\x0bo\xa7\x0e\xa1\xff/sD\xf8\
\xa2\xfb\x1e\xb4\xe7'\x80D.\x1b\xf2\x08\xe3\x86\x00J\
\xf5g\xdf\xb7%\x17<\x01E\xd6w?i\x8b\x09\xe0\
\xe5\x13\xa3P\x10\xab\x95\x06\xa0\x5c\x22<2\x8e\xd4\xb7\
\xddBWE\xed\xac\x9bn\xa0\x02\x9d\x15\x17\x00o\x14\
>C\xf63\xb2\x8f\x91\xb5\xfc{\x9a\x07\x01\x94g\xa8\
\xb3&fO\xc5\x0402\xdb\x1es-\xec\x80\xe1\xcc\
tL\xe3\x9d\x87\xf0\x9c7F\x84\xbf\xc8\x9b`\xfb\xc4\
?\x08\xa0\xfc\x7f\x18[\xb5\x13\x0bB\xb5\x93\x99OL\
\xbe\x8e\x17~\x1et\x80\x1b\x8a-\xa7\xa1\xf0\xec\x16\xc1\
\xc5\xdd\xa7\x85\xd7\xe4\xda7\xd2qN\x03(\xee9\x0f\
\x94Y\x15\xe2\xe2\x9e\xf3\xb2\x87\xaa\x08\x00\xa5\xb6\xdf\x80\
j/\x8d\x00P\xd8\xa1\x01f\xfcW0:}`t\
.\xc1\xbe\x19\x1f\xe8&}@\x8fx\x93\x0a\xa4z\xcc\
\x03\xfa\xbb^\xd8\x7fo\x09L\xce%a\x1d\xf2u\xe3\
]/T\x8f\x22\x00\x7fPC\x8bPtN\x17\x11>\
\x15p\xe9\xc5:0:_\xc0A\xd7\xd2k\xb7\xdd\xf7\
\xc1\xd6\x89\xd8\x10*\x86\xfd\xc1\x1f\x08\xfa\x99h& \
*\x94\xd4\x01;'}B\x15\x93j\x16+Z\xfb\xd3\
w1\xc3\xa7\x02\xdev\xf3\xfb\x88\xf0H\xb8\x04B\xad\
\xc3\x0b\x9f\xcf\xf8\xa0-\xd0%-3>\xe1\xfbx\xc1\
\x07{\xcf\xb4O\x80@\xba\xaaA\xec\x16\x97\xff\xf7\xdb\
\x7f\xcf\x07;\xefz\xe3v\x1cyo\xe7\xa4W\xb8\x96\
\xac\x07\x10~\xf1\x9f\x8dM\x02\xd5\xaeN\x08\xa0\xd0\xac\
\x86\xdd\xa3\xe3I\x87\x9a\xaa\x09\x04\x020\xd6\xfb\x04F\
\x8d#\x12B\x8d\xc3#\x8c5\xf1s9\x05\xa0\xed\x1e\
\x0f%\xe7\xb6$\x0c\x9f\x0a\xb8\xa4s\x13\xb4\xcd<^\
1\x08\x89L:\xce\x14\xd4\xb9\xcc\x94/b\xc4\xe5\x14\
\x80M\xdd\x87\x92\x0e\x9f\x0a\xb8\xdarP6\x00\xc98\
g\x00\xe8\x07\xfbR\x0e\x9f\x0aX?\xd8\x9fb\xe5\xfa\
\xa0~\xa8\x13*{\xea\x04\xeb\x06;\x85\xd7\x14\x0b\x80\
\x9b\x9e\x07\xf5\x19:m\x00\xaa3\x95\xc0N=J:\
\x94\x86\x91\xcb\xa0\xb9V\x11b\xf2\x9a2\x018}@\
_mI;|*\xe0\xca+\xcdp\xc0\xe5M\x18\xc8\
\xfe\x9f\xff\x842KU\x04\x80\xb2\xae*\xd87\xf5\x87\
\xf2\x00\xec\xb0^\x90\x1c>\x15p\x9d\xedB\xdc0L\
\xce\x97Pu\xbd)\x22|\xd1\xda\xeb\xbb\xc0\x14\xf6|\
\x91\xf7\x00\x8a:4\x19\x03P\xd4\xa1\x81\x96\xc9\xdfc\
\x86Qg?\x193|\xd1\xb5\xf6\x1fR\xdaK\xf6L\
tC\xc3\xc0\x17\x82\xf7\x8ewG\xec%Y\x0f S\
\xe1Sq\x9e\x92\x89\xf7\xdc\x99\x02M\xd7\xfa\x84\x00J\
\xaf\xad\x87f\xc7\x9d\xa4\x00\xecu\xf4B}\x7fc\x88\
\xc9k\x8a\x06@\x99UP\x13\xf6\x94l\xbc\xffD\xb8\
\xdbI\x14\xbe\xe8\xca\xee\xed\xc23I\xbc\xf0[gf\
Agm\x8a\x00\xa0\xb3\x1a\xa0u\xfaoe\x03\xa0\xda\
\xd5\xc2\x13\xb5\x18B\x8d\xf5\xab\xa4\xc3\x17\xbd\xb5\xffp\
\xec\xd1\xe3t\x83\xde~(\x22|\xd1\x8d\xf6/\xe1\x80\
\xeb\xa5\x82\x01\x98\x97\x9f\x92\x0dc\x03)\x87/\xda0\
>\x10\x15@\xf3\xd8\xc5\x98\xe1\x8bn\x1e\xbb\xa4l\x00\
\x94Y\x05U]\xadPa\xd9\x926\x80\x0a\xcbf\xe0\
\xa6\xe7B\xc2\xe7\xa6\x5cPo\xd5'\x04\xa0\xeb\xd7\x03\
;5\xa3l\x00\x14\xf9\x03\xce\xc5\xd2\xb4\x01\x10o\xea\
e_?_\x98\xee?\x85\x06\x1b\x9b0|\xd1\xe4\xb3\
\x8a\x07@\xb5\xaba\xdd\x95rI\x10\xc4\xa7\xe4\xdd\xc3\
'\x93\x0e_4\x020\xab\xa0\xe8l\xb1$\x00\xe4)\
\xb9i\xcc\x92r\xf8\x08\xc0\xbc<\x8a\xd4\x174\x92 \
TX6\xc0\x8e\xbe\x06\x04@\xa5}k\xaa\x82\x92\xcb\
e\x92 l\xbc\xfe1\x02\xa0$l\xc8Eg\xd4\xa0\
\xb9&m?\xf8\xa4\xb7\x0eG\x10%\x01\x82\xea\xfc:\
I\x00\xca\xbbh\xa8Ka\x14\xe1&l\x8erk\xfa\
\xa3\xb4[Sm\xcfF\x04@I\xe8\x82\xc2\x0e\x15h\
\xaeJ\x1bE[o~\x8a\x1d@I\x80\xf0Qg\x89\
\xc4[\xd3\xf5P{K\x87#\x88\x92\x00A}I\xda\
(\xaa\xec\xde\x80\x00(\x99\x9f\x927\xdf\xd8\x96\xdb\x9b\
\xb0\xd2\xadE\x00<\x02\x90\xbb\x0ay\xec\x00\xf9\x83\xe0\
\xf3f\x04\xe1\xa1}\x90l\xf8\x8f\xe6\xe6W\xe0\xd0>\
r0u\xd0\xa2\xe4\x90R\xb9\xab\x8c\xcfR\x93#=\
W\xe2\xd8\xcac\xc1\x8b\x92\x13b\xf1\xe0V>\x22|\
\x92I\xf8\xe9\xb94\xc3\x1d\x91\x0c\x80\x1c\xc9\x1e\xed\xe8\
brH)9'S\xee\xaa\xe3e6\xc9\xc0\x1a\xe3\
\xe8\xe2\xca]\xec[\x92\x01\x08]``O\x84o.\
h.~\x06\x0cw\xac S\x22G\xb1\x93#\xd91\
t.\xd9\xc2\xbb\x95\xf1\xff!\x10\x80p\x9c\xb4\x16\x82\
\xe0bT=\xfb\x8aT~\xc6\xc3\x8f\xdc\x13\xd8\xa3d\
\x87\xa7\x0d\xecs\xa5\xc3\xa0I\x06$\x0b\x86;\x92\x91\
\xe3\xeaQ(\x14\x0a\x85B\xa1P(\x14\x0a\x85B\xa1\
P(\x14\xaa \x1f\xf5\x1f\x97\x12\xd4\xcc;\xf0.\x18\
\x00\x00\x00\x00IEND\xaeB`\x82\
\x00\x00\x03`\
\x89\
PNG\x0d\x0a\x1a\x0a\x00\x00\x00\x0dIHDR\x00\
\x00\x002\x00\x00\x002\x08\x06\x00\x00\x00\x1e?\x88\xb1\
\x00\x00\x00\x09pHYs\x00\x00\x0b\x13\x00\x00\x0b\x13\
\x01\x00\x9a\x9c\x18\x00\x00\x03\x12IDATx\x9c\xed\
\x9a]oLA\x18\xc7\x7f\x09\xba\x92V\xd37\xad\x0b\
\x89\xde\xa1\x09\xcag\x10\xb2Mi/\xa8F?\x03\x91\
~\x0b\xb6TC\xb8\xc3\x8d[/\xd5&\xe5\x03\x88\x88\
\x10\x04\xdb%\x9aTI\xb0$\xb8Q+V&y*\
\x9b\xe93\xfbr\xce\x9c\xdds\xa4\xbfd\x92\xdd\xcd\xd9\
\x99\xe7\xbf3\xcf\xcb\xcc,\xac\xf1\xff\xd2\x0e\x0c\x01\x19\
`\x16\xc8\x02_\x81ei_\xe4\xb3\x19\xe0\x0c0\x0c\
\xb4\x12\x13R\xc0\x180\x07\xfc\x06\x8a5\xb6\x02p\x0f\
8&}\x95\xc3\x08\xff\x04|\x04\x0e\xe3\x89\x8d\xc08\
\xf0>\x80\xf1\xae\xf6\x018QFP\xe9XK>D\
\xa4\x817\x1e\x05\xd8\xed-\xb0_\x19\xd7~.\xd4,\
\x5c\xaa`\xc4c`\x028\x02\xec\x16\xbf\xd9\x004\xc9\
k\xf3\xd9\x08p\x16xZ\xa6\x9f?\xc0ekv\xbc\
\x08\xe9\x01\x1e9\x06\xfd\x06\x9c\x06\xb6\x07\xe8w\xa7\x08\
\xff\xee\xe8\xfb>\xb0\xc5\x97\x90^\xe0\xb5\xd2\xd1/\x89\
Pm\x84\xa7\x0b8'\xceo\x8f\x93\x03\xb6\x86\x15\xd2\
\xe3\x10\xf1B\x96\x89o\xf6\x01\xaf\x94\xf14\x9f\xac\xc9\
'\xb4\xe5t\x03h&:Z\x81\xe9*\x82B\xd5h\
\x8e}\x05XG\xf4\xac\x07\xae\xfb\x10\x92v\xccDT\
\x22\x06\x80\x85\x1a\xc3tEL\xc8\x9b\xb7\xbed\xdeo\
\x22:\x16\x03\xe4\x9b\x8a\x8c+\xd1)\x0a\xc7.\xe5\x9d\
o!)\xa5\xec0\x05^\xd4\xa4%\xa3\x17}\x09\x19\
S\x92\x9d\x8f<Qw\xeeZBL\xc6N\x1c\xedJ\
)\x1e\xa4\xech8\xc3J\x01\x98H&,!\xe6}\
\x22\x99\xb1\x84\x98R<\x91\xe4,!\xbbH(yK\
H\x07\xf1d@\xb6\xbaK\x92\x7fV\xb1l\x091\xbb\
\xba8\xb2Pb\xa3I\xa2\x89\x14\x92\xb2l\xfcY\xcd\
\xd2\xea$~tY6~\xd6\x1e\x9aO\x80\xb3\xef\xb1\
l4\xbb\xc9D\x86\xdf\x11\xcbF\xb3\x93\x5cE&\x01\
\x09q\xb2\x9aZp\xc8z\xe8\x09\xf1\xe3\xb9e\xe3\xa0\
\xf6P\x9bR4\xee >\xf4)\x1b>\xe7!\xf8\x5c\
\x036UAk\xc1\x99r\x0f\x1fW6V\xa6\xbco\
4\x9d\xc0\x0f\xcb\xb6\xd1J\x09g)\x86N\x7f\xde\xb2\
i\xb1\x9a\x84}JY\x8b&~7\x8a\xbd\xcaQ\xaa\
\xb9~\xa8HJn\x96\xeay\x1c\xe4\xa2\x19xi\xd9\
\x92\xab\xe2R\xe8\x1f\x07\x95S\x8b\x9bu:e,=\
m\xbc\xad\x5c7hw'e\xb9\xa8\x88\xb9Z\xc7#\
\xd3k\xca\xf8SA:3\xd3\xf7P\xe9\xec\x16\xd0B\
t\xb4(3a\xda\x830\x15y\xb7\xb2s\x5c)\xd6\
\xfa\x89\xc6\xb1\xb3\xcax\xc6G7\x87\xed\xbc\xd7!\xa6\
 \x973\x1d\x9e\xf2\x84\x09\xb1\x05\x87\x88mx\xa2\xdb\
\xb1\xcc\x8arm\x96\x91\x12\xa2V\xfa$O\xd9\xc9\xae\
X\xb2\x9cB\xcf\x84\xe63\x17\x1c\x03\xae\xb4g2K\
G%\xf7t\xc8\xban\x92_\xbd_J\xf1I\xa5\x00\
\xb4\xa3\xd3T\xd4\xbb\xd4\x03\x8e\xa5\xe6\xabe\x83\x84\xd8\
0\xb3s2\xe0u\x80\xab\x99\xb2\xa3\xdc\x1f\x06\x22\xa5\
I\x8a\xb7Y\x87\xa3Vj\x05\xa9bG\xe3t\xd8\xd1\
\x0a\x1c\x92\xd2\xff\x8e\x84\xe8|\xc9\x9fj\xf2RnL\
\xcb\xcen\xb0Ae\xcf\x1a\xd4\x83\xbfo\xe1+E\xfb\
6\x0f\x09\x00\x00\x00\x00IEND\xaeB`\x82\
\x00\x00\x04\x1e\
\x89\
PNG\x0d\x0a\x1a\x0a\x00\x00\x00\x0dIHDR\x00\
\x00\x00@\x00\x00\x00@\x08\x06\x00\x00\x00\xaaiq\xde\
\x00\x00\x00\x09pHYs\x00\x00\x0b\x13\x00\x00\x0b\x13\
\x01\x00\x9a\x9c\x18\x00\x00\x03\xd0IDATx\x9c\xed\
\x9aKh\xd5@\x14@O\xab\xd5Z\x7f\xf5\xd3\x0a\x95\
V\xd0.\xfc\x14EA\x05K\x15? \x8a(\x88\xdd\
\xba\x11\xc4\x95.\xdfJq\xd9\x8d\x8a+q\xebF(\
\xae,t#\xa2\xa2(\x22*\xd4\x8a\xa8\x88\x82V\xea\
\xaf\xdaZ\xfbo#\x037\xf0\x08\x99\xc9\xcb\xcb$/\
ms\xe0\xc2#/\x99\xfb\xc9d\xe6\xce\x9d\x81\x8c\x8c\
\x8c\x8c\xd2Q#2\xebX\x04\xe4\x80?\xc0 \xd0\x06\
T3\x0b\x98\x07\x9c\x06\xbe\x01\x8eG~IP\x160\
\x03\xa9\x10\xc7\xbf\xf88\xee\x95\xef\x12\x88\xf9\xcc\x00\xca\
\x81V\xe0]\x01\x8e{\xe5\x93\x04m\x0e\xd3\x94\xa3@\
\x97\xc1\xc1a\xe0\xb2\xc8\xb0\xe1\xbe.ik\xda\xd0\x0c\
<084\x06\x5c\x07V\xe7=S+\x03\xe1\x88\xe1\
\xb9\xa7\xc0~R\xccv\xa0\xc3\xe0\xc0$\xd0\x0e4\x1a\
\xdah\x90\xe0\x8c\x1b\xday\x04\xb4\x90\x226\x88cS\
\x1a\x83\xa7$0\x9bC\xb4\xb9\x1e\xb8\x01L\x18\x02q\
\x07\xd8B\x09i\x90\xb7\x15d\xe4\xb6\x08:6\x05\x04\
\xb7\x90^e\x9d\x1a\xf9^\x87\x03\xba\xe9n\x8b:w\
\x06|^\xee\xb8RG\x8c,\x03.\x02\x03\x06C\x9e\
\xc4<P\xa9\x01\xf6\x9eA\xff?\xe0\xaa\x0c\xaa\xd6X\
(\x89I_\xc0T\xa5\xe6\xfb\xa48\x00<3\xd83\
 \xbdtITEg\x81^\x83\xa2n\xe08PF\
\xf2\x94\x89\xeen\x83}\xbd\xe2C\xd18\x1a\xf9\x98\xa2\
,\xcd\xcd6\xdf\x1a\xec-\x1aG#\x9f\x81s)\xc9\
\xd7\xe7\x02'\x81\x0fI\x06\xc0\xb1\xd0\x136\xca\x14\xa6\
\xa6\xca\xad1\xbd\xf9\xd8\x03\xe0\x88\xbc\x16c\x0a\x19\x0b\
\xea}\xf2\x07w>_\x17b\x10|\x11\xc2>k\x01\
\xb8\x04\x0c\x19\x14\xdd\x967\xe3\xc7J\xe0J@\xbe?\
\x22\xf7\xa8{\xfd(\x17\x1d\xba\xe7\x87\xc4\xc6\xd8\x02\x80\
,b\xaeI\xf2\x91\xff\xdfcM\x22\xa2\xaa?\xe7\x81\
\xfe\x10o\xac_\x9eQ\xcfz\xa9\x13]\xf9\xf7\x8f\x89\
M\xee\x02+\xd6\x00\xb8\xac\xf1t\xe5C\xf8\x17A\xbe\
\x86p\xdc+?4\xc5\x91\xc3\x01\xa9p\x22\x01\xc8\x1f\
\xccn\xf9\xac\xd0\xdeGp\xdc+\xaa\xad|ZD\xa7\
\xd2\xedG\xa2\x01\xd0a\xcby\x1b\xba\x8b\xc6\xc9\x02@\
\xd6\x03\x9c\xec\x13 \x1b\x03\x9cl\x10$\x9b\x05\x9c\x88\
3H6\x0d2\xcb\xf2\x80\x1e\x8bo\xbf'A\xbb\xad\
5\xb4T\x0a\x94\xa6\xb2y\x90L\xc9\xfe\xc0\xf2\xe9\x18\
\x00\x97]\x01u;\x9d\xa8\x0d\xd5\xbd\x14G\xaa\x02\xe0\
\xae\x0cs\x01{\x09\xf9K\xdb\xb6\x88\xe5\xb6\xd4\x05\xc0\
e\x9d\x94\xc0t\xce?\x94\xad\xb6\xa8\xc4\x16\x802\x0b\
\xc6\xa96Ny\xf6\x19\xfa\xe4\x9a\xad\xf6c\x0b\xc0}\
\x8b\xfbp\xab\x80\x9b\x22\xea\xb7\x0d\x1a\xc5\xc6\xd8\x02\xe0\
H\xdd-\x97\x92=\x81\xfcZ\xa1\xaa>\xfd\xd5\xd8\x5c\
4g\x0c\xb5<u`\xa1\x89\xd2\xd3$\xb6\xf8\xd9\xd8\
/>D\xa2\x1e\xe8\xd4(\x18\x05.\xc8(\x1f\x16\xd5\
U\xf7\x88\xa8\xdfa\xa9\x10\xdd\xa3\x1a\xdb:\xc5vk\
\xb4J\x91\xd2O\xd9+`G\xc8\xf6\xa2tSu0\
\xe2\xb9\xc6\x96\xdf\xf29\xc4B\xaddf~\x8a\xc7%\
\xf3S\xbb\xc9q\x05\xa0R\xb6\xe8\xbd%yW:<\
g\x8fb\xe3\x88\xe1\xcc\x9f\xda\xa3\xdb\x17C\x00\xd4\xd9\
\x807\x86]\xe0\x13$L\xb5\xec\x0b\xf8\x1d_\x99\x92\
\xff\x16[\x08@\x95d\x86\x93\x1a\xe7\xdb\x0d;I\x89\
pP\x0e5\xeaVq\xc7\x22\x04\xa0\xd8\xb6\x13\xa7\xaa\
\x80\xb7\xb4\x22D\x00\xa2\xf6\xae\x92\xd1\x1c\xe2;\xd5\x05\
\xc0\xc6\xf8RR*\xa57L\x04\x8c\xd4\xde\xeb\xa6\x19\
fR\xdez\xa13LjN\x8evi\x1c\xfaY\xe0\
5G\xdaPmMK*d\xdd`:\x13\x10g]\
 54\x19\xf2u?y\x19\xf1\x84i*)\x97\x14\
u\xd0\xe0x\x1aW\x9a\xd6Y\x0b\xdc\xd5\x1c\xafU\x87\
\xa4g\x05e\xd2\x1b\xfa\xe5xk\xcep\xb6hF\xd3\
 \x92\x91\x91\x91A)\xf8\x0f\xb3\xde\x07\xe7\x15\xd9\x8a\
\x10\x00\x00\x00\x00IEND\xaeB`\x82\
\x00\x00\x04\x84\
\x00\
\x00\x11>x\xda\xd5XMs\xdb6\x10\xbdw\xa6\xff\
\x01\xc3\x5c\xda\x19\x92\xc2\x02\x8b/\xc5\xea\xa1\xd3\xce\xe4\
\x90\xdc:=\xe4\x92\xa1EJb\xa3\xaf\xa1\x18\xcb\xee\
\xaf\xef\x03)\xd9\xb2-\xc7\xb2\x1d\xa7\xad/\x06\xc1\x05\
A\xbc}\xfb\xf6Qg\x9b\x8b\xa9\xb8\x5c\xcc\x97\x9bQ\
2k\xdb\xf5p0\xd8n\xb7\xf9V\xe7\xabf:P\
R\xca\x01\x22\x92>d\x88\xe1\xd7\xc3\xb6u\xd9\xceF\
\x09\xfbD\xcc\xaaz:k\xfb\xf1E]m\x7f]]\
\x8e\x12)\xa4`/\xba\xb9\xaa\xd9\xd4\xab\xe5(\xa1\x9c\
\x12Q\x97\xa3\x04O\xa0n\xa7\xe1f]\x8c\xabQ\xb2\
n\xaaM\xd5\x5cT\x89\xf8\xf4i\xbc^#4\xf9\xe5\
\xc7\x1f\x848+\xab\xc9\xa6[\x12\x07tx\xfbl\x10\
\xa7\xfa\xa8i\x17\xf2[\xd1|\xfecV-\xaa\xdf\x97\
\xc5\xf9\xbc*\xdf\x17WU\x93\x88M{5\xc7\x16e\
\xbdY\xcf\x8b\xaba\xbd\x9c\xd7\xcb{\x1b\xe1!\xeb\xa2\
\x9d\x1d\x0f~;\xa9\xe7\xf3\xe1\x9b\xe2\xbc\xe4s\xd3]\
d+\xbcw\xdd^\x0de\x1e\xden\xdaf\xf5\xb9\x1a\
\xbeq\xda\x8f\xdd\xfe2\xeb\x00\x1aRnd\xd0z?\
\x19\x9f6.\xd6\xc3\xf3/m{8\xf7\xd7\xaa^\x0e\
\x17u[5\xfb\xd9\xb2\xd8\xcc\x8a\xa6\xc1;,Wx\
\x83\xdd\xec~[ \x81\x03\x7f\x10\x9c;#\xbd&\x9b\
2\xe5J[f%\xde\x09%s\xa7\x9d\xd1Z\x5c \
\x0b\x19\xb9\x5cQ\x08\x96p\xebz\x81\xf8\xd8\xa7\x22\x9e\
Zg!\xa3\xccg*3\xb7\x11\x8e7O\x86g2\
)K\x1c\xff\x16<t\x0dNI\x85#\x7f\x0f\x1c\x92\
\x81_\x13\x1c\xb2\xda\xdaTq.\x89\xac\x0d;pX\
2Q\x07\xce\x9f\xc2\xe6\xce*R\xbcG\xa7[q\x0c\
\x9d\xf0\xdd\xc1\xb9\x0bL\xb3\xfa\xb2,\xef!sk\xf6\
4d\xb4\xcb)\x18\x1b\x5c\x8a\xd3\xb3\x95\x0e\xdc\xd0\x94\
\xdb\xa01\xdd\xa3\x15t\xe0\x88\x08\xc6:h\x1f\xc4\xfb\
c\xab\x0eQR\x91?\xeaa\x8c\xfa\x22\x9d\x22\xa2m\
\x8a\xe5f\xb2j\x16\xa3dQ\xb4M}\xf9\x93L3\
TR\xf0Z#\x19i7D\x92\x8cO%.\xf0\x02\
\xacA\xdf\x94]\x1e\x1ca\xe3\x9f\x93W(T)\x89\
\xed\x11\xc4\xee\x0a\xc5\x9dt\xbfL\x1bP\x98'\xd1\xff\
\x09I\x96]\x92\x17\x91\xd8\xdah\xe7C\xaa\xa0\x0d6\
(\x13\x04P\xc61\x95I\xc9\xe4\xce\x05%\xa260\
\x82$\xa5\x99\xc9\xb5a\xc4\x8b\xbfo\xd2J\x0f\xe6\xf3\
Y0X\xebJ{\xfe]`\xa0\x1d\x0cJ\x834^\
J\x93\xf6\x0c\xb7N\x09\xa0\xa0T\x9a\x11^M;\xa7\
|\xaf\x91Z\xb3s.2\x11\xf4\xef\x90!\xd2\xd6\xb8\
4\xc6\x19\xac\xf37\xb8\x80\xec\x0f3}0\xbd\xc3y\
>\xce\xf9\xc89g\x5cH)\xed\x0a@J\x8f,\xe9\
\x10\xc7\xc4R\xb3\x09\xf4\x08\xd5\x9f\xae+\xb1\xb8\xac\xd2\
\xea\xe9L\xfff\xc2\xc6\xa8g\xf3Z\xf9\xb6\xb9g\xe5\
<Q\x1a\x95\xde\x98\xc0\xdc\xd3\xde\xa3K\x92\xcd5{\
\xeb|L/\xb1V.\x84H|\x96\xca\x1c\xd2^g\
|*\xf1\xff\x0f\xa8|\xd8W\x01\xa9X\x05\x0e\xf5\xa6\
\xba)c\xa5\xe7\x03\xa0\xde\xdd\xc0\x07\xc1\xbf\xbf\xe8\x06\
!\xce\xfc)\x05\xf0LS\xe5\x1f\x13\xceo\xde\x1ac\
YH\x19\xc2\x8eE\xe8uh;Fsg\xacz\xca\
D\x81d\x8b\xa9N-\x14:\xa4\x11\xa4rfK\x81\
Q\xccDU\x06\xaea%\xda\x97\x81\xc6vQ\xca\xf3\
!\xaf\xcc\xa3\x1e+\xc66\xd5\xb8\xa5\xafV~w\x86\
\x07Q#\x1e\x8fY\xddFM\xa1\x06 \xfe\xcf@\xee\
\x86\xc1\xeb\xa2^\xb6\xd9\xaa)\xabf\x187\x17\x0bx\
n\xd8{\xd1G^\x1b\xaf\x10\xa8\xab7\x8e\xb0:\x05\
\xa0\xa2\xd1\xc2PK\x17\x8dVg%H:\x90\x0c\x0e\
\x83\xa2\xc3\xf0\xd1w(\xa9!\xb4\xf1\xb6\x8a\xb7\x0f\xd6\
\x7f|\x89\xf9\xaa&\xf8\xbb\x8b\xd6\x9eC\xb7\xe8\xb0#\
\xd8\xfa\xf2\xe9\xa6\xf4^\xc9\x81\x1a\xa8\xae@)l\x8b\
'8\x17\x98,\x15\xc9\xe1\x1c,\xa9\xce5*\x0b\x1e\
\x9d\x15\xaa\x0fj\x1f\xe2\x9crhQZh\x1b\xad\xb1\
g\x1f\xd7B\x17<\x0c\xda\x81%\xb5\x99~\x01\x1c\xc7\
K\xceJ(\x00\xbd*&\x8b\x0e\x13\xe5\x8d\xd51\xb3\
h~\x0e\x9e$\xa0+\x13&QV&W\x06\xdf'\
,\xd0q\xada\x85\xb8\xd8\xaaY\x8b\xcc\x82%\x86\x88\
\xa3s\xc1\x87\x8eB\xd3>\xd0k\xf7\x028v\x0as\
\x07\x0e\xfe\xef \x01S\x22\xd9\x1c \x81[>\xd8\xe3\
H\xe0;\xe5\x04}\x89\x83\xf0\x02}9\xd6\xc1\xfe\x0d\
}\x89\x92\xa1\x14\xbe\x14N\xd5\x97>\xf8]\xfc\xda\xf1\
N\x92yXX\xfa&v\x16\x7f\xed\xc0\xff\x7f\x00-\
N=\x9c\
\x00\x00\x03\x01\
<\
svg xmlns=\x22http:\
//www.w3.org/200\
0/svg\x22 xmlns:svg\
=\x22http://www.w3.\
org/2000/svg\x22 wi\
dth=\x2248\x22 height=\
\x2248\x22 viewBox=\x220 \
0 48 48\x22 version\
=\x221.1\x22 id=\x22svg1\x22\
 xml:space=\x22pres\
erve\x22>\x0d\x0a  <defs \
id=\x22defs1\x22></def\
s>\x0d\x0a  <g id=\x22lay\
er4\x22>\x0d\x0a    <path\
 style=\x22display:\
inline;fill:none\
;fill-opacity:1;\
stroke:#000000;s\
troke-width:2.00\
001;stroke-linec\
ap:round;stroke-\
linejoin:round;s\
troke-dasharray:\
none;stroke-opac\
ity:1\x22 d=\x22M 17.1\
71409,31.229325 \
16.950093,5.0788\
232 38.332507,24\
.171031 25.00944\
9,23.428969 17.3\
32755,33.865384 \
17.171409,31.229\
325\x22 id=\x22path8\x22>\
</path>\x0d\x0a    <pa\
th style=\x22displa\
y:inline;fill:no\
ne;stroke:#00000\
0;stroke-width:3\
;stroke-linecap:\
round;stroke-lin\
ejoin:miter;stro\
ke-dasharray:non\
e;stroke-opacity\
:1\x22 d=\x22m 25.3,23\
.96526 7.54991,1\
6.839454\x22 id=\x22pa\
th7-7\x22></path>\x0d\x0a\
  </g>\x0d\x0a</svg>\x0d\x0a\
\
\x00\x00\x09\x0c\
<\
svg xmlns=\x22http:\
//www.w3.org/200\
0/svg\x22 xmlns:svg\
=\x22http://www.w3.\
org/2000/svg\x22 wi\
dth=\x2248\x22 height=\
\x2248\x22 viewBox=\x220 \
0 48 48\x22 version\
=\x221.1\x22 id=\x22svg1\x22\
 xml:space=\x22pres\
erve\x22>\x0d\x0a  <defs \
id=\x22defs1\x22></def\
s>\x0d\x0a  <g id=\x22Lig\
htThemeEnabledLa\
yer\x22 style=\x22disp\
lay:inline\x22>\x0d\x0a  \
  <rect style=\x22d\
isplay:inline;fi\
ll:#aad4b5;fill-\
opacity:1;fill-r\
ule:evenodd;stro\
ke:none;stroke-w\
idth:2;stroke-da\
sharray:none;str\
oke-opacity:1\x22 i\
d=\x22rect1\x22 width=\
\x224\x22 height=\x2210\x22 \
x=\x22-36\x22 y=\x229\x22 rx\
=\x220.60000002\x22 ry\
=\x220.60000002\x22 tr\
ansform=\x22rotate(\
-90)\x22></rect>\x0d\x0a \
   <rect style=\x22\
display:inline;f\
ill:#aad4b5;fill\
-opacity:1;fill-\
rule:evenodd;str\
oke:none;stroke-\
width:1.99999;st\
roke-dasharray:n\
one;stroke-opaci\
ty:1\x22 id=\x22rect2\x22\
 width=\x224\x22 heigh\
t=\x229.9999981\x22 x=\
\x22-36\x22 y=\x2229\x22 rx=\
\x220.60000002\x22 ry=\
\x220.60000002\x22 tra\
nsform=\x22rotate(-\
90)\x22></rect>\x0d\x0a  \
  <path id=\x22path\
2\x22 style=\x22fill:#\
aad4b5;fill-opac\
ity:1;fill-rule:\
evenodd;stroke:#\
000000;stroke-wi\
dth:2;stroke-das\
harray:none;stro\
ke-opacity:1\x22 d=\
\x22m 23.838453,5.7\
385491 -4.230049\
,7.7651119 c 0,0\
 -0.931498,1.611\
627 -0.975351,2.\
90497 0,2.678669\
 2.513357,4.5914\
65 5.215734,4.59\
1369 2.702377,9.\
5e-5 5.151214,-1\
.9127 5.151213,-\
4.591369 -1.66e-\
4,-1.047309 -0.3\
42338,-2.066429 \
-0.975351,-2.904\
97 z\x22></path>\x0d\x0a \
   <path style=\x22\
fill:none;stroke\
:#000000;stroke-\
width:2;stroke-l\
inecap:round;str\
oke-linejoin:mit\
er;stroke-dashar\
ray:none;stroke-\
opacity:1\x22 d=\x22m \
4,30.999999 h 5 \
v 7.999999 h 10 \
v -7.999999 h 10\
 v 7.999999 h 10\
 v -7.981102 h 4\
.994419\x22 id=\x22pat\
h15\x22></path>\x0d\x0a  \
  <path style=\x22f\
ill:none;stroke:\
#aad4b5;stroke-w\
idth:2;stroke-li\
necap:square;str\
oke-linejoin:mit\
er;stroke-dashar\
ray:none;stroke-\
opacity:1\x22 d=\x22m \
17,32 v 1.999999\
\x22 id=\x22path18\x22></\
path>\x0d\x0a    <path\
 style=\x22fill:non\
e;stroke:#aad4b5\
;stroke-width:2;\
stroke-linecap:s\
quare;stroke-lin\
ejoin:miter;stro\
ke-dasharray:non\
e;stroke-opacity\
:1\x22 d=\x22m 31,32 v\
 1.999999\x22 id=\x22p\
ath19\x22></path>\x0d\x0a\
    <rect style=\
\x22fill:#738c79;fi\
ll-rule:evenodd\x22\
 id=\x22rect3\x22 widt\
h=\x228\x22 height=\x222.\
1410782\x22 x=\x2210\x22 \
y=\x2236\x22></rect>\x0d\x0a\
    <rect style=\
\x22fill:#738c79;fi\
ll-rule:evenodd\x22\
 id=\x22rect4\x22 widt\
h=\x228\x22 height=\x222.\
1410782\x22 x=\x2230\x22 \
y=\x2236\x22></rect>\x0d\x0a\
    <path id=\x22pa\
th1\x22 style=\x22fill\
:#738c79;fill-op\
acity:1;fill-rul\
e:evenodd;stroke\
:#000000;stroke-\
width:2;stroke-d\
asharray:none;st\
roke-opacity:1\x22 \
d=\x22m 18.951172,1\
8 c 0.75817,1.81\
2972 2.769874,3.\
000076 4.898437,\
3 2.128615,7.5e-\
5 4.098716,-1.18\
6954 4.839844,-3\
\x22></path>\x0d\x0a  </g\
>\x0d\x0a</svg>\x0d\x0a\
\x00\x00\x04\x1b\
\x00\
\x00\x19Hx\xda\xd5Y\xc1\x92\xaa8\x14\xddO\xd5\xfc\
C\x8a\xde*$7\x09\x10Z\xdfn\xaaz1\xb3\x9d\
\xc5\xecP\xa22\x0f\xc1\x09\xb4>\xe7\xeb'AEE\
\x1aP\xb1\xea\x0dT51\x5c<\xe7\x9e{\xbcI\xd1\
\x93|\xbbD\xbb8*VS\x8b\xf9\x16Z\xc9x\xb9\
*\x0e\xe3\xadTy\x9c\xa5S\x8b\xd8\xc4Bq4\xb5\
t0X\xe8\xc7:\x09\xf2M8\x97Sk\xa3d.\
\xd5V\x96\x93i>\xb5VE\xb1\x09\x1cg\xb7\xdb\xd9\
;jgj\xe9\x00\xc6\xd8\xd1\x0f\x1eC\x02=\xec\x13\
\xa6\xa2ES\x18\x11B8\x18\x1c\x80\xb1\x8e\x18\xe7\xfb\
\xb4\x08\x7f\x8c\xd3\xfc\xed\xf4\xdc|^=6W2,\
\xe2\xad\x9cg\xebu\x96\xe6\xe5\xf3\x17\x91\xd19r\xf3\
\xa9\x92\xf2v4wd\x22\xd72-rGg\xedX\
\xdf~\xfd\x05\xa1I$\x17y)\x80\x19\xc0q\xd21\
\x1f\x0e\xc3ey\xf3\xb74\x9c%2\xfa=\xdcKu\
\x88\xd1\xb76a\xb1*\xef\x9a\x01\xd1:\xe6\xc5>\xd1\
\xca-\xe2$\x09\xde\x84o\xcew\xf3a\xac>\x13\x19\
\xc8\xadL\xb3(z\xcf\x0b\x95}\x97\xe3\xb22\x01\xb6\
\x859\xa8\x85\xf4\xf7\xfc\x81@\x8c@\xa0\x0fD\x05\xfa\
\xd3\xfc\xf9\xd03\xe8/\xeb\xdb\xc41\x18\xcd\xc0P\x03\
\x9e\x819\xef\x04&G`\xa8\x80I'0\x1d\x02\xf8\
\x88K*\xdc.X\xaf\x86\xba\x88\x08\xa3\xf4\x80\x9ai\
\xeb\xc6\xc5> \xf7\xcb^\xa9Nz\xa9.j,|\
l\xce\xfbE\xaf4'\xfd4\xc75\x5c\xb7<\xee\xd6\
\xbc\x92\x9c\xf4\x91\xdc\xad\x81\xce\xcb\xe3~\x8dI%2\
\xf4\x12\x99\xd5pyh\xce\xe7JM\x8e4\xa0\xa2\xd1\
*\xba\x92\xf3\x02\x86\xd1\x9cT\xa2C\x1f\xd1i\xddb\
\x0b\xe9z\x18?\x96\xbdW\xb2X#\xf0m\x0fS\x02\
|D|[\xf8\x9cs\xb4B\xdc\xc6\xbev/A[\
3\xc4\x1e\x00\xd3\xb3\xe3j\xfa\xdf\xf6\x22\xe1\x1b\x9e!\
\x87\xbe\xee`7\xc4\x80\xea;\xe0y\xec\x9a\x19\xb3\x19\
\xb8\xd8\xa3\xf70#\x03\xb6\x8a\x93\x82\x94\x1e\x88\xb2\x06\
\x05\xa1YA\xe8\xe2\x09-\x95\xee\xad\xe0\x99X\x83\x82\
\xd0\xac`'3\xdaR\xdb\xe7=\x08\xc2v1\xc1x\
\x00\x13\xb2aMH\x99f\xe6\x83\xfe\xa1>mB\xfe\
\x82\x9f\xf1E\xado%|\xd4\x85\xee\x10\x12\x9e\x995\
H\xf8\xa8\x0b\xebK>\x91D.\xfc\xe7$\xd4\xa5v\
}\xc6]\xa3 \x17\xd4\xf3\xbf\xf0\xe0G\x15\xd9\xb5X\
\xf9\x03\xb2du\x96\xa5\x9a\xba\xce_u\xc5\xfe4\xeb\
\xcb\x0a\x8df\xb3\xc5\xe291\x09=\x80\xf3\x065\x1f\
\xb4#\xc7\x03\xf2d7<\x1b\xf4|\xd0\x9d\x9c\xbc\xc4\
\x9d\xbe Z\xc7r\x911\xbd\x9c\xb7\xd8\xf3\x10\xdaQ\
w\x0e/\xb1\xe7\x91f\xb9\xe4\x98\xa3\xc5\x9e\xfdh\xd2\
\xd7\xd8\xb3\x04w\x9b\xe4|\xd4\x9f\xec5\xfe<\x12m\
\x10\xf4Q\x7f\xd6\x17 w>c\xf8YEu\xb7\x11\
\x1e\xa7]\xdb\xc8\x8f*\xb2\xab\xee\xee\x80,Y\x9de\
\xd7\x9e\xb2?M\xef\x15\x1b\x22\xfa\xa5\x98p-\xe6)\
\xb2\x8be})\x8af\xe1\xe2\xee\x0deE\xabk?\
\xd9\x9f\x97x\x85\x15\x85M\x802\x9f\x8c\xa0\xa3W\xf6\
\xdf\xb4\xb9\xf8\x15n\xac\x88\xd2\x8eny\x07Q\xd2R\
\xe9\x87\xfd\xc8Z\x14}\xb0]\xba0\x88%Y\x8b\x84\
w\xf6\xc7K6i\x96\xca#p\xf0\xa6\xb7\x05\xfa\xbc\
\xe6\x01\xa7\x8fI\x9c\xcay\xb8\x09\xf2\x7f>C%/\
g\xff\xce\xe24X\xc7\x85T\xa7\xd9(\xccW\xa1R\
\xe1\xfe\xf2\xfb\xcfU9\xbd\x18\xb09P,H\xb9w\
\xc2X\xeb\xed\x9a\xb7$\xbe\xcd<\xeeR\xabR\xd0\xff\
\x9fdq^b\x9b\xb2\xe0?u\x16e\x05<\xa2\xb7\
\xdb:\x09\x0e\x9a\xb9yE\x86\xf5$\xc6\xc0\xceY\xd0\
\x9f:\x8b\xb2\x02\x9a\xb1\xe8J\x03Z_{\x9d[K\
\x14\xe7\x9bD\x83\xc6\xa9\xa1\xf5~N\xf0\xaa\xcd`\x9b\
\x9f3.\x8f\x8e\x8cU\xf6\x99F7\x09\x1ff7a\
\x9c\x16\xe3LER\x05\x06\x05\xadC\xf5]\xaa\x1c\x1d\
\xc2\xab\xfd\xa7y\xc3\xe6\x92\x918\xe6\x86\xa8\xc9\x92\x80\
\xe7\x8f\xc6f\xa4\xd7\xd2\xf2\x0a\xba\xa4\xfaJ\xb0\x96\x03\
\x8du\x99\x85\xf0\xdd\x8b\xa0\xeb\x161q\x96\xfa:1\
\xff\xb3\xd0\xd7\xff\x00\xc2\x93Y\x9b\
\x00\x00\x02\x10\
\x00\
\x00\x07\x07x\xda\xddUM\x8f\x9b0\x10\xbdW\xea\x7f\
\xb0\xbc\x97\xadD\xc0cHl\xd8P\xa9\x95z\xdb\xde\
\xaa^W\xde`\xc0-_2\xde\x90\xfc\xfb\xda\x10\xb6\
I\xd3D9\xf4\xd0\x16\x1f<3\x8c=\xef\xcd\x1b\xc1\
\xba\xdf\x16hWWM\x9f\xe2\xd2\x98.\x09\x82a\x18\
\xfc!\xf4[]\x04\x94\x10\x12\xd8\x0c<\xa5$\xd6\xbc\
\x9e6\xa8\xcc\x94)\x8e8F\xa5TEi&{\xab\
\xe4\xf0\xb1\xdd\xa5\x98 \x82\x22\x8e\xc6\x98\xd4\xbdj\x9b\
\x14\x83\x0f\x18\xa9,\xc5\xf6\x06\x18+%}'62\
\xc5\x9d\x96\xbd\xd4[\x89\xd1\xd3\xd3\xa6\xebl*~\xff\
\xf6\x0dB\xebL\xe6\xfdx\xc4\x19p\xfcz\x1d\xb8\xd0\
\x94U\x8c)\x8f\x0e\xc6\x97R\xd6\xf2S#\x9e+\x99\
=\x8a\xbd\xd4\x18\xf5f_\xd9\x1a\x99\xea\xbbJ\xec\x13\
\xd5T\xaa9\xabdo\xd1rc\xe6\xe4\x5cUUr\
\x17\x0a\x16\xe6\xf9\x83s\x16\xadE\xaa\xcc>\x81\xc9\xd5\
/\x95L\xe4V6m\x96=\xf4F\xb7\xdferG\
\xc6\xe7\xe0.\xc6\x16%tv3\xd1\x97Bk\x8b\xa0\
i]}\x07\xd9\x95\x84\xd7f\x02\xfd\xd9L \xb6A\
)f\x18\xedSL\xd9)sw\xec2\xeal\x19\xe6\
!\xfb\xd30\xe95\x984>\xe0\xf4\x09\xf0\xd5\x92_\
\x86\xdb\x09S\x9e\xc0uUnC\xe6d\xdb\x88.y\
~1\xe68\xf6\xadUMR+#\xf5\xef9\xcc\xd1\
W\x051\xb2\x9cjD\x89GcT\x22\xee\x8fU\x0f\
\xb3\xe9\x00\xd2S\xfc.4\xe3\x9fF\xadXad\xb4\
h\xfa\xbc\xd5u\x8aG\xb3\x12F\xde\x13/zw>\
Z\x7f\x13\xef\xcf\x88y4D_\x11\x10?\x0e\x01\xa2\
#\xde\xe1E\xde3\x839s\x89\xcf\xc9\x5c\x1e8\xa0\
n\xdd@oF\xe8\x14\xe1\x843\x0f\xc0\xa7+X2\
@\x1fP\xe4E\xc8}V\x00\x01x\xcc\x0f#\x88c\
\xbe:\x0eG>\x0d\x974\x8e<\xee\xc7<fqx\
E\xc8\xa0\xf8ERv\x22i-\x8cV\xbb\xfb\x05x\
\xc4.\xf0\x22\xeeE\xd3p3\xf6\x0f+\xbc\xbaYa\
\xf6\xbf(<\xedk\xf7\xdb\xb2\xfb\x0fU\xd7$\x7f\
\x00\x00\x0e\xfc\
<\
svg xmlns=\x22http:\
//www.w3.org/200\
0/svg\x22 xmlns:svg\
=\x22http://www.w3.\
org/2000/svg\x22 wi\
dth=\x2248\x22 height=\
\x2248\x22 viewBox=\x220 \
0 48 48\x22 version\
=\x221.1\x22 id=\x22svg1\x22\
 xml:space=\x22pres\
erve\x22>\x0d\x0a  <defs \
id=\x22defs1\x22></def\
s>\x0d\x0a  <g id=\x22Lig\
htThemeEnabledLa\
yer\x22 style=\x22disp\
lay:inline\x22>\x0d\x0a  \
  <circle style=\
\x22fill:#abd4b5;fi\
ll-opacity:1;fil\
l-rule:evenodd\x22 \
id=\x22circle1\x22 cx=\
\x2229.599918\x22 cy=\x22\
29.599918\x22 r=\x228.\
0883493\x22></circl\
e>\x0d\x0a    <circle \
style=\x22fill:#f9e\
883;fill-opacity\
:1;fill-rule:eve\
nodd\x22 id=\x22path1\x22\
 cx=\x2218.327856\x22 \
cy=\x2218.327856\x22 r\
=\x228.0883493\x22></c\
ircle>\x0d\x0a    <pat\
h id=\x22circle11\x22 \
style=\x22display:i\
nline;fill:none;\
fill-rule:evenod\
d;stroke:#d1a718\
;stroke-width:2;\
stroke-dasharray\
:none;stroke-opa\
city:1\x22 d=\x22m 20.\
481593,27.517754\
 c -0.106585,-0.\
105651 -0.21681,\
-0.207635 -0.330\
075,-0.305762 -0\
.233742,-0.20240\
1 -0.481627,-0.3\
87854 -0.741766,\
-0.554969 -0.260\
454,-0.167941 -0\
.532587,-0.31703\
2 -0.814311,-0.4\
46149 -0.281523,\
-0.128143 -0.571\
834,-0.236024 -0\
.868719,-0.32282\
6 -0.291921,-0.0\
8543 -0.597011,-\
0.154115 -0.8850\
41,-0.221259 -0.\
270226,-0.09072 \
-5.827608,-1.740\
858 -5.841635,-7\
.238118 0,-4.102\
672 3.325877,-7.\
428548 7.428545,\
-7.428548 l 10e-\
7,-1.71e-4 v 0 c\
 3.503521,0.0093\
 6.524524,2.4646\
1 7.248997,5.892\
417 v 0 c 0.0432\
2,0.29171 0.1316\
26,0.554746 0.21\
4007,0.837885 0.\
0868,0.296891 0.\
196496,0.587199 \
0.324637,0.86872\
2 0.128528,0.281\
672 0.277018,0.5\
53808 0.444333,0\
.814308 0.167693\
,0.260204 0.3537\
6,0.508085 0.556\
779,0.741769 0.0\
9696,0.112202 0.\
197692,0.221018 \
0.302024,0.32626\
3\x22></path>\x0d\x0a    \
<path id=\x22path25\
\x22 style=\x22display\
:inline;fill:non\
e;fill-rule:even\
odd;stroke:#abd4\
b5;stroke-width:\
2;stroke-linecap\
:round;stroke-da\
sharray:none;str\
oke-dashoffset:0\
;stroke-opacity:\
0.8\x22 d=\x22M 17.632\
975,34.00708 A 1\
3,13 0 0 0 30,43\
 13,13 0 0 0 43,\
30 13,13 0 0 0 3\
4.00708,17.63297\
\x22></path>\x0d\x0a    <\
path id=\x22path26\x22\
 style=\x22display:\
inline;fill:none\
;fill-rule:eveno\
dd;stroke:#f0bd2\
8;stroke-width:2\
;stroke-linecap:\
round;stroke-das\
harray:none;stro\
ke-dashoffset:0;\
stroke-opacity:0\
.8\x22 d=\x22M 30.3670\
25,13.99292 A 13\
,13 0 0 0 18,5 1\
3,13 0 0 0 5,18 \
13,13 0 0 0 13.9\
9292,30.36702\x22><\
/path>\x0d\x0a    <rec\
t style=\x22display\
:inline;fill:#28\
b84d;fill-opacit\
y:1;fill-rule:ev\
enodd;stroke:#01\
0101;stroke-widt\
h:0.999998;strok\
e-dasharray:none\
;stroke-opacity:\
1\x22 id=\x22rect2\x22 wi\
dth=\x224.9644918\x22 \
height=\x224.964491\
8\x22 x=\x2227.517754\x22\
 y=\x2227.517754\x22 r\
x=\x220.60000002\x22 r\
y=\x220.60000002\x22><\
/rect>\x0d\x0a    <rec\
t style=\x22display\
:inline;fill:#d1\
a718;fill-opacit\
y:1;fill-rule:ev\
enodd;stroke:#01\
0101;stroke-widt\
h:0.999999;strok\
e-dasharray:none\
;stroke-opacity:\
1\x22 id=\x22rect3\x22 wi\
dth=\x224.9631858\x22 \
height=\x224.963185\
8\x22 x=\x22-20.481592\
\x22 y=\x22-20.481592\x22\
 rx=\x220.60000002\x22\
 ry=\x220.60000002\x22\
 transform=\x22scal\
e(-1)\x22></rect>\x0d\x0a\
    <path id=\x22pa\
th7\x22 style=\x22disp\
lay:inline;fill:\
none;fill-rule:e\
venodd;stroke:#7\
38c79;stroke-wid\
th:2;stroke-dash\
array:none;strok\
e-opacity:1\x22 d=\x22\
m 27.519369,20.4\
81316 c 0.113393\
,0.114385 0.2310\
35,0.224552 0.35\
2689,0.330263 0.\
234323,0.202465 \
0.482816,0.38792\
8 0.74358,0.5549\
68 0.260508,0.16\
7319 0.532638,0.\
315806 0.81431,0\
.444338 0.281474\
,0.128756 0.5717\
86,0.23724 0.868\
719,0.324637 0.1\
33656,0.03881 0.\
270841,0.0728 0.\
409876,0.101558 \
0.0085,0.0019 0.\
01684,0.0037 0.0\
2539,0.0056 0.00\
55,9.29e-4 0.010\
88,0.0028 0.0163\
2,0.0037 0.14229\
6,0.02851 0.2854\
77,0.05181 0.426\
199,0.07252 v 0 \
c 3.402275,0.744\
822 5.813948,3.7\
69749 5.823499,7\
.252593 0,4.1026\
72 -3.325876,7.4\
28549 -7.428544,\
7.428549 -3.4954\
25,-0.0095 -6.51\
1371,-2.454572 -\
7.243556,-5.8724\
72 v 0 c -0.0424\
6,-0.283631 -0.1\
14542,-0.558701 \
-0.194058,-0.834\
254 -0.08739,-0.\
296937 -0.195878\
,-0.587245 -0.32\
4636,-0.868722 -\
0.128529,-0.2816\
72 -0.277018,-0.\
553808 -0.444335\
,-0.814308 -0.16\
711,-0.260148 -0\
.35257,-0.508029\
 -0.554964,-0.74\
1769 -0.104784,-\
0.120947 -0.2144\
5,-0.237946 -0.3\
28265,-0.350763\x22\
></path>\x0d\x0a    <p\
ath style=\x22fill:\
none;stroke:#fff\
fff;stroke-width\
:3;stroke-lineca\
p:round;stroke-l\
inejoin:miter;st\
roke-dasharray:n\
one;stroke-opaci\
ty:1\x22 d=\x22M 38,10\
 8,40\x22 id=\x22path5\
\x22></path>\x0d\x0a  </g\
>\x0d\x0a</svg>\x0d\x0a\
\x00\x00\x038\
\x00\
\x00\x0a\xeax\xda\xb5VMs\x9b@\x0c\xbdw\xa6\xff\
a\x87\x5c\xda\x19XK\xfb\xbd$\xce\xa1\xbd\xf4\xd2\x1f\
A\xc2\xda\xa6u\xc0\x03\xc4\x8e\xff}\xb5\x10\xd7v>\
\x1ag\xea\xe0\x83\x17\xb1H\xefi\xf5$\xae\xba\xf5\x9c\
=\xdc-\xebn\x9a,\xfa~\x95O&\x9b\xcd\x86o\
$o\xda\xf9D\x00\xc0\x84v$\xe3\x96\x9c\x96\xff\xde\
\xb6\xa9\xca~1M\x94K\xd8\x22T\xf3E?\xae\xd7\
U\xd8|k\x1e\xa6\x090`\xca\xb1\xc1\x16\xda\xaej\
\xeai\x82\x1c\x13V\x95\xd3\x84<\xe0\x10)\xefV\xc5\
m\x98&\xab6t\xa1]\x87\xe4\xfa\xf3'\xc6\xae\xca\
0\xeb\x86\x8dq\x81\xc9\xf5\xd5$.\xc6g\xf3\xe1\xc1\
\xb2\xd8\x86V\x8d\xdb\xc9\xd8\x86\xdb\x9eu\xfdvI\xbe\
f\xd5r\x99_\x147\xa5\xbc\xd1\x97\xf1&k(H\
\xd5os\xe0\x1e\xd0\x1b\x1c\xad\xed\xfd2\xe4a\x1d\xea\
\xa6,/\xbb\xbem~\x87l`\x15\xf7\xc5\xcb\x8d`\
\xa3o\xfd\x97\xb0\x80=a\x01\x5c\x83\x13:r!v\
\x8aC\xbc\xe8nK\xc9\xe0\xd6\x0bm\xbc\x88\xe8\xa3\x8b\
\xd7\xa1\xa2\x88\xbf\xb7@\xe1\x1e\x0d\xee\xd1\x1c\x80A\xee\
\x9d\x06\xa3G0bDq\xae\xe8\x8f)\xd1{\x10\x22\
S\xaf\xc1\x90J\xc2\x98\x13)\x87\xf7\x8c\x7f\x19\xcd\xaa\
\xe8\x17\xc7h\x82\x0ezf\x1ec\xe7\x17CB\xe1\x18\
\x8a\xd8\xdd.\xab:\xdc\x16\xab\xfc\xe6\xbe\xef\x0fm\xbf\
\x9a\xaa\xce\xef\xaa>\xb4;kYt\x8b\xa2m\x8bm\
^7u\xd8YweAP\x89\xd3O\xa6G\x8e\xde\
\xa4B\xb3\x1fL\xe1\xe3\xfd\xc89b5\x91@\x5c\xbc\
J\xe0\xc0\xff\x89\xe8\xdb\xe6\xbe.\xff\x1f\xfe\x1dC\xc1\
\x9d\xb5\xce\xebT(*t\xa3$\xb2[\x06)0\xc9\
Ak\xa5M\x9a\x01\x07!\x042\xc5\x11\xb4r.Z\
\x8c\xa3\xd7<\xfb\xce\xd0q\xa7,F\xfe\xf4\x86T\xca\
)F\xc7\xa9\xbds\xc2\xa4\x8e\x03Je4\x13*u\
\xe4Xp\xa95\x95\xf8\xe0\x14%95\xdcJ\x09\x1a\
S\xd4\x5cH-A1K)\xb4 \xc9d8\xa25\
Z0\xe4\xc2H\xefR\xe0\xe4VR\x8b\x10\x11\xac6\
\x8a,v\x84\xf2\xcc\xb2?\x01\xcc\xdc\xd33x^\xd2\
\xb3\xe1z\x87\xa0\xfcK\x95\xfc(g8\x12\x14\x9a\xb7\
\x15\xf5\xee\xf0\x08'\xc7w\x1f\x11^\xbc\x1d\xfeX\xc8\
\x1f\x93\x05\xf9^\x18\xcf\x921\xce\x868[\xfa\xb6\xa8\
\xbbY\xd3\xdeM\x93a\xb9,\xfa\xf0\x05\xa8\xea\xadT\
\x9eJ4CR\x82\x15\xc2\x89\xaf\xbb!\xf2D\xcee\
\xd5\xadh\xca\xe4U\x1dEyy\x9a\xbaI-\x1f\xa6\
o\x12\xa5\x03iH\x16\xd2\xd1\xdc!\xedI\xb6&\x85\
\x01Z\x1f\x8fp'\x11\x9b\xd9'\x129\x95\xd9\xd1\xb0\
\xc4\xf3\x10=\xb2\x9e\xd8\xc8<W\xca\x80\x17\xa9\xf4\xd4\
H\xbc\xb4\x86\x1a\x96\x16BQ\xeb\xc9p8Ejc\
ds\xc6I\xd4)\xd2\x87\x05:\xb0\xc82\xea|\xde\
\x19K\x07,\xb8\x91\x12\xad\x8a6\xeb\x95B\x95\x92\xc9\
h\xa54\x03\xae\x80z\x8f\x19\xca@Iy\x90\xbdg\
\xede2?c\xb3?\xd7\xa8\xa2\x0e\xeb\x89\x9dL\x85\
\xa7I\x85\xb1\x10\xa8\xfd#\x95\xb4\xf2l\x11\x1b\xa8\xa3\
\xfc\x1d\xd0\x12\x1f0\xb9\xceEF\x0a\x0e\xc68;\x92\
\x91\xfa\x09\x99\xec\x056\x19\x1c\xf1\x19\x0f\xe9*~\x99\
\xd2\xff\x1f\xba:A}\
\x00\x00\x08Y\
<\
svg xmlns=\x22http:\
//www.w3.org/200\
0/svg\x22 xmlns:svg\
=\x22http://www.w3.\
org/2000/svg\x22 wi\
dth=\x2248\x22 height=\
\x2248\x22 viewBox=\x220 \
0 48 48\x22 version\
=\x221.1\x22 id=\x22svg1\x22\
 xml:space=\x22pres\
erve\x22>\x0d\x0a  <defs \
id=\x22defs1\x22></def\
s>\x0d\x0a  <g id=\x22lay\
er4\x22>\x0d\x0a    <elli\
pse style=\x22fill:\
#a4c5ac;fill-opa\
city:0.902098;st\
roke:none;stroke\
-width:2;paint-o\
rder:fill marker\
s stroke\x22 id=\x22pa\
th8\x22 cx=\x2213.5\x22 c\
y=\x2240.5\x22 rx=\x227.5\
\x22 ry=\x222.5\x22></ell\
ipse>\x0d\x0a    <path\
 style=\x22fill:non\
e;stroke:#28b84d\
;stroke-width:2;\
stroke-linecap:r\
ound;stroke-line\
join:miter;strok\
e-dasharray:none\
;stroke-opacity:\
1\x22 d=\x22M 6.082988\
,41 C 6.007699,4\
1.112778 15.3853\
28,45.61883 21,4\
1 c 5.614672,-4.\
61883 7.406297,-\
4 10,-4 2.593703\
,0 6.207248,4 10\
,4 3.792752,0 4.\
409958,-4.739005\
 4.409958,-4.739\
005\x22 id=\x22path1\x22>\
</path>\x0d\x0a    <pa\
th style=\x22displa\
y:inline;fill:no\
ne;fill-opacity:\
1;stroke:#000000\
;stroke-width:1.\
99999;stroke-lin\
ecap:round;strok\
e-linejoin:round\
;stroke-dasharra\
y:none;stroke-op\
acity:1\x22 d=\x22m 16\
,24 v 0 L 36,4 4\
2,10 22,30\x22 id=\x22\
path4-8\x22></path>\
\x0d\x0a    <path id=\x22\
path6\x22 style=\x22di\
splay:inline;fil\
l:#a4c5ac;fill-o\
pacity:1;stroke:\
#010101;stroke-w\
idth:2.00001;str\
oke-linecap:roun\
d;paint-order:fi\
ll markers strok\
e\x22 d=\x22M 18.60290\
8,33.999938 C 18\
.46606,34.420256\
 18.294321,34.82\
8476 18.08858,35\
.2192 v 0 C 16.2\
22165,38.763702 \
12.104864,39.967\
706 8.8923417,37\
.908418 7.607208\
8,37.084624 6.60\
76714,35.815937 \
5.9611518,34.000\
181\x22></path>\x0d\x0a  \
  <path id=\x22path\
2\x22 style=\x22fill:n\
one;fill-opacity\
:0.5;stroke:#010\
101;stroke-width\
:2.00001;stroke-\
linecap:round;pa\
int-order:fill m\
arkers stroke\x22 d\
=\x22m 18.904296,30\
.249291 c 0.2630\
18,1.71091 -0.02\
561,3.469419 -0.\
815716,4.969909 \
v 0 c -1.866417,\
3.544506 -5.9837\
13,4.748508 -9.1\
962383,2.689218 \
-1.359695,-0.871\
59 -2.3996903,-2\
.24119 -3.040141\
2,-4.229821 6.39\
41395,-0.02152 3\
.8638577,-1.9346\
36 5.5507115,-4.\
804305 0.905234,\
-1.53998 3.82025\
7,-2.530339 5.65\
5986,-1.353601 0\
.925118,0.59302 \
1.584387,1.58460\
6 1.819256,2.736\
295\x22></path>\x0d\x0a  \
  <path id=\x22path\
5\x22 style=\x22displa\
y:inline;fill:no\
ne;fill-opacity:\
0.5;stroke:#0101\
01;stroke-width:\
2.00001;stroke-l\
inecap:round;pai\
nt-order:fill ma\
rkers stroke\x22 d=\
\x22m 18.904296,30.\
249291 c 0.19452\
9,1.265392 0.087\
3,2.556825 -0.30\
1388,3.750647\x22><\
/path>\x0d\x0a  </g>\x0d\x0a\
</svg>\x0d\x0a\
\x00\x00\x02\xb0\
\x00\
\x00\x0c(x\xda\xd5\x96;o\xdb0\x10\xc7\xf7\x02\xfd\
\x0e\x04\xbb\x8a4\xdf\x0f\xc5\xceP\xa0[\xbau\xea\xa6\
D\x8c\xa5V\x96\x0cI\xb1\xe3~\xfa\x1e)'~ \
(\xd0\x22( y\x10y:\x91\xfe\xffxw\xba\xe5\
\xb0[\xa3\xe7M\xd3\x0e+\x5c\x8d\xe36_,\xf6\xfb\
=\xddK\xda\xf5\xeb\x85`\x8c-\xc0\x03O.9\x0c\
\xff\xec\xb6\xaf\xcb\xb1Za\xe50\xaaB\xbd\xae\xc6i\
\xbc\xab\xc3\xfes\xf7\xbc\xc2\x0c1\xa4\x1cJ\xb6\xd0\x0f\
u\xd7\xae0\xa7\x1c\xa3\xba\x5caX\x81\xa7\x9d\xf2a\
[<\x84\x15\xde\xf6a\x08\xfd.\xe0\xdb\x8f\x1f\x10Z\
\x96\xe1qH\x8eq\xc0\xf1\xedr\x11\x07\xd3\xb3uz\
p\x17\xb7\xfcV\x85M\xf8\xd2\x16\xf7M(\xef\x8aC\
\xe81\x1a\xc6C\x03\xeb\x95\xf5\xb0m\x8aC^\xb7M\
\xdd\x1eW\x85w\xb7\xc5X\xbd\xedr\xf3X7M\xde\
v\xc7\x11\xe9\xe0\x7f\xd5\xe3!\xe77\xc3\xd8w?C\
\xfe\x89\xa5\xeb8%I~\xce\xa9~1\xc4E\x1e\x8a\
m~\xff4\x8e\xe7\xb6\x1f]\xdd\xe6}\xf7\xd4\x96/\
\xd6\xb2\x18\xaa\xa2\xefa\xeb\xb4\xdd\xd1\xfa\xba!F \
o\x83\xb8\xa2\xde\x0b-]\xc6\x1d\xb5F8\xcdQ\x85\
\xb8\xa5\x9e+/\x14j\x10q\xc7q\xc6\x0d5B\x09\
o\x11\xf1\x19y\x9dM\xac\xa3fN\x14\xb1\x11c\x9c\
\xfcG\x18\x17\xba\xdf\x8d\x86\xe3o\xd3\xb0&\xd1 \xe0\
\xcc\x12\x00\x0d<(\xd7\xd9\xc9p\x8e\x84\x11O\xdc|\
\xa1|ERP\xaf\xad2\x22B\xf1\x13\x14\xc5\xa8\xcd\
\xb8\xa4\x86\x19.\x05\xda!\xc1(\xd3\xccz\x89~\x9d\
\xc4\x0b\x22\x89\x9f\xb3\xf4\xcbx\x88\xd9\x81,\x95\x17\xc2\
\xb9\xa7\x8e\x81pq)\xdc\xc0\xb9\xcf:\x15@\xa7\xce\
\xa4\xa4J\x9b\x18\xf91\xdbU\x22!(sL\x80i\
\x07>\xc6:m\x1d\xba\xbbr?\x91\x90D\x13=g\
\x0e\x10\xe9\xc6\x1ba|Tg\xbc\xd6\xde\xa3X\xfb\xec\
D\x83S'\xafi4\xe8\xf4\x1c*\x83f\x0e\x80\x9d\
#\x11\xf0\xd3b\xce\x89a\xa9\x9a\xa0\xc4T\xe0Bk\
\x8b\x84\xa2\x5c\x82R\x9b)j\xbd\xf21%\xb8\xa6L\
M~\x90?,F\x10\xfa~\x22a\x88tD\xcd\xba\
B@x\xa8\xb3z\x10!L\x07\x0f\x10\x9c\xd3Z\xea\
T?\x93~\xe5\xe1\xba\xd2O,Qs\xd6/\xe4K\
\x85\x94\x9aji94c\xaf\x82}\x12\xdc@\xb4\xd8\
c\xb4\xa8\x98B\xe6\xbcTZ\xe2\xe6L \x15J\xae\
\x8d\x95\xb1>H\xe3\x19\x17Qo:\xeb\xd4#h\x96\
\x0a(|:\x99\xb4\x92\xa7.\xcaj\x07\xa6\xd4B\x01\
3\x99\x11A\xb9q\xfeD\xc5\xfd\xf3\xe7\xe3=\xfa\xc8\
M=\x86\xfe/\xe3\xc0d\x82\x9d\xc7\xb6\x87^\xf02\
\xb3\x97\x8b5\xdc\x97\xb1\xaf\x87\xfbo}\xb3\xd4\xd8\
\x00\x00\x03\xfc\
\x00\
\x00\x13Tx\xda\xd5\x98\xcds\xa36\x14\xc0\xef\x9d\xe9\
\xff\xa0%W\x03\xfaD\x82\xb5{h\xa7\xd3v\xa69\
m'\x87^v\x08(6\x0d_\x05\xd9\xde\xfc\xf7\xfb\
$L\x8c\xbb\xce$\x8e\xd7\xd3\xc4\x1c\x0c\xd2Cz?\
\xbdO{\xdeo\x96\xe8KU\xd6\xfd\xc2[\x19\xd3&\
a\xb8\xddn\x83-\x0b\x9an\x19R\x8cq\x08\x12\xde\
 \x92\xc0\xedK\xc4\xba\xfc\xee\x98\x18\x89\xe38\xc44\
\xa4\xd4\x07\x09\xbf\x7f\xa8M\xfa\xc5\xaf\xfb\xab\xf1\xbd,\
{|-\xebtj\x8a\x8d\xce\x9a\xaaj\xea\xde\xbd?\
\x91\xcc\xf7\x92\xed\xba+\xddt\x9e\x85\xba\xd4\x95\xaeM\
\x1f\x92\x80\x84\x1e\xda\x16\xb9Y-<\xae<\xb4\xd2\xc5\
re\x86\xfb\x8d\xee\xfa\xa2\xa9\x17\x1eHy\xa8\xc8\x17\
\x1e\xe8N\xdd\xd2I\xdf\xa6\x99^xm\xa7{\xddm\
\xb4\x87>\x7f\xce\xda\x16D\xbd\x9f~\xfc\x01\xa1y\xae\
\xefz\xf7\x8a\xbd\xa1\xd3\xe9yh\x87\x06\xa9\x0f\xbe\x8f\
~\xb1\x04:\x07%\xcc\x0a}\xba\xf9\xcd\xd7ya\x90\
\x8f\xac\xda=\xe8\xbd\x84\xf1\xf5m\x00\x80\xa1\x9d\xfd\x15\
f\xed\x19Z)\xdf\x1f\x961\x85)\xb5\xdb\xcd\xdd\x91\
\xe9v\x94\xe7\xed\xa7\xb2\xc8t\xf7G\xd6\xd4\x7f\xe9\xaa\
-a\xbby\xe8$\x87\xd7+m\xd2<5\xa9[a\
|\xa0\xffE\x02A\xb0\x86\xb5\xd97\x130\x95e\xc9\
\xb6\xe9\xee\x91\x15Io\x9b5\x1c\xa1wD\xce\x9eL\
\x96\x0c\xfa>\xaf\xe3(\xba\xdf&\xdc\xed3j\x14\xee\
T\x1a@\xc2Q\xf9\xe1q\xe9\x80\x96\xea\x08I\x9b\xc2\
a\xf7\xe6\xa1\x04\x1b\xe6E\x0f\xfb=$E]\x16\xb5\
\xfexW\x94er\xa5\xb0\xbd\xdc\x83\xdf\x80\xad\x0b\xf3\
\x90\x90\x8f\xbd\xe9\x9a{\x9d\xd4\x0d\xc8\x0d\xf7\xbe\xf3\x9d\
\x84\x06\xe0\xdax\x14\xf0\xedBY\xda&\xfd\xbf\xeb\xb4\
\xd3\xd3\xd1\x7f\x9a\xa2N\xbaf]\xe7\xe3h\x9e\xf6\xab\
\xb4\xeb@\x81\xe9\xb2\x8f{z\xc8\x1a\x05E3\xc6\x82\
8\x16X\xc4h\x83T\x10\x0b\xc9\x15Z!\x85n\x10\
\xe3\x83wZ\xa8\x9f\x1b\xf3\xa7\xbe3\xbe:t9;\
\xf5b\xf6X\xd9\xeb\x5c\xf6\x03\xc8G\xf4\xaa0\xba;\
\x15\x9d:\xf4H(\x87\x8e)\xa3$\xde\xb1\xd3c\xec\
>>\x83\xfe\x96\xda\xeb\x5c\xfa\xdb\xb51\xe7\xc3_\x03\
<!A,c\x22\xa5\xa5\xa5;l;\xa8\xb8\xc4\xc7\
\xe9\xcf\xe1\x9f(\x93\x5ca\xf79\x04&\x81\x8cp|\
1k3\x0e\xb6\xa6\x98\xaa\x19\xa1\xc0\xc8\x88\x8c\x90\x04\
wgB\xcd|i\x8f\x02s%\xf7\xd8\xfc\xd2\xa8J\
]\x88\xf5\x1a1\x11`N)&3\xce\xc0\xadi\x14\
\x13\xc4\x81\x9a\x8b\x88\xcc\xe0 DL\x84\xa0{\xd6\xe8\
\x82\xac\xf4e\x94'\xa7\xaekDX\x00\xf6\x8c\xa2\x19\
\xd0bN\xa8d\xe8\xf7\x11\x13\x0f\xf9+`\x8a\x10,\
\xf6\xa4\xf2e\xa4C\xc4\xa6<\x13i\xf6f\xf2\x15\x11\
66\xb1\xe0`B\x97\xb0T,\xa5\x22\x00M\xed\xb3\
o\x07\xa8\x92\x93\xd0%\xf4\x8c|\xf5\xa6\xe8\xc1\xda\x8f\
\xe9\x9a\xc5\xd6\xb6C\xc6\x02l\x88]\xf8\xf0h\x82\xcd\
\xce\xc0\xd6\xc2^o#MW\x96\x9a8j\xa1\xc4P\
\xa40\xe7\x84\x8f\xd9zjk~\x8ak_\xb2\x14\xbf\
\x22\x94\xe9\xd8\x86X\xcc\x1b\x08b\x0b\x18`\x89\x99t\
\x9e=\xc1\x14\xff\xbbm\xbf\x13ue\xa9]\xe4\xaa\xa9\
+\x0bI&\xb4\xd1\xdbl8^\x07K\xf8\xae\xcf\x12\
1\x95#\xb3}&\x93\x0cM\x9eK\xd1V\xb0\xd3\x99\
\x81\x85\x9f\xabK\x07\xe88\x10\xdf\xafP\xb5iQ\x1b\
\xbf\xe9r\xdd%v\x17T\xa5\xdd=\xfc\xacC\x83\xf8\
\xce\xad\x05\x04\xaf+\xc6\x18\xaa\xd3\xd0x@q\x1aZ\
\x11\x15\xc1\x88-\xcf\x90\xd0\x05\x05Q\xce\xd0\xdf\xef\xb5\
\xbd\xbaF\xbb\xee*\xe2\x93\xf6\x8aX\xba\x83\x02=1\
\xf3\x09\xd9\xea\xf4\x1e\xe3\x89\xdfG\xaf);\x16\x0cG\
\x1cl\x05\x5c\x82\x0aW}\xa6\x89\x97\xbe\x13\x12j\xad\
 e\x1c?I\xc2\xde\x09\x89\x08\x04e\x92a1\xa3\
6\xa2\xa8\x14\xb6\x09\x82\xa8\xe22\x82^w\x0f$\xde\
\x1d\x10\xb3!\x03\x0eG\x8f\x03=\xf5\xeb{\x1e.\xe1\
{n\xff\xbf\x81\xef\xaf\x90\x9e:\xc0\
\x00\x00\x04\xf8\
<\
svg xmlns=\x22http:\
//www.w3.org/200\
0/svg\x22 xmlns:svg\
=\x22http://www.w3.\
org/2000/svg\x22 wi\
dth=\x2248\x22 height=\
\x2248\x22 viewBox=\x220 \
0 48 48\x22 version\
=\x221.1\x22 id=\x22svg1\x22\
 xml:space=\x22pres\
erve\x22>\x0d\x0a  <defs \
id=\x22defs1\x22></def\
s>\x0d\x0a  <g id=\x22Dar\
kThemeEnabledLay\
er\x22 style=\x22displ\
ay:inline\x22>\x0d\x0a   \
 <path id=\x22rect5\
2\x22 style=\x22fill:n\
one;fill-rule:ev\
enodd;stroke:#12\
1212;stroke-widt\
h:2;stroke-linej\
oin:round;stroke\
-dasharray:none\x22\
 d=\x22M 9,17 H 33.\
000001 V 41 H 9 \
Z\x22></path>\x0d\x0a    \
<path style=\x22fil\
l:none;stroke:#0\
00000;stroke-wid\
th:2;stroke-line\
cap:butt;stroke-\
linejoin:round;s\
troke-dasharray:\
none;stroke-opac\
ity:1\x22 d=\x22m 41,9\
 -7.999999,8 V 4\
1 L 41,33 Z\x22 id=\
\x22path54\x22></path>\
\x0d\x0a    <path styl\
e=\x22fill:none;str\
oke:#000000;stro\
ke-width:2;strok\
e-linecap:round;\
stroke-linejoin:\
miter;stroke-das\
harray:none;stro\
ke-opacity:1\x22 d=\
\x22M 9.213128,29.0\
20651 33.000001,\
29 41,21\x22 id=\x22pa\
th56\x22></path>\x0d\x0a \
   <path style=\x22\
fill:none;stroke\
:#000000;stroke-\
width:2;stroke-l\
inecap:butt;stro\
ke-linejoin:roun\
d;stroke-dasharr\
ay:none;stroke-o\
pacity:1\x22 d=\x22m 4\
1,9 -8.008691,7.\
991308 h -24 L 1\
7.016222,9 Z\x22 id\
=\x22path57\x22></path\
>\x0d\x0a    <path sty\
le=\x22fill:none;st\
roke:#000000;str\
oke-width:2;stro\
ke-linecap:round\
;stroke-linejoin\
:miter;stroke-da\
sharray:none;str\
oke-opacity:1\x22 d\
=\x22M 20.970658,40\
.778181 20.99130\
8,16.991308 29,9\
\x22 id=\x22path59\x22></\
path>\x0d\x0a  </g>\x0d\x0a<\
/svg>\x0d\x0a\
\x00\x00\x04\xf7\
<\
svg xmlns=\x22http:\
//www.w3.org/200\
0/svg\x22 xmlns:svg\
=\x22http://www.w3.\
org/2000/svg\x22 wi\
dth=\x2248\x22 height=\
\x2248\x22 viewBox=\x220 \
0 48 48\x22 version\
=\x221.1\x22 id=\x22svg1\x22\
 xml:space=\x22pres\
erve\x22>\x0d\x0a  <defs \
id=\x22defs1\x22></def\
s>\x0d\x0a  <g id=\x22lay\
er4\x22>\x0d\x0a    <path\
 style=\x22fill:#ab\
d3b5;fill-opacit\
y:1;stroke:none;\
stroke-width:1px\
;stroke-linecap:\
butt;stroke-line\
join:miter;strok\
e-opacity:1\x22 d=\x22\
m 43.913424,44.0\
00001 0.08658,-2\
6.999993 h -20.4\
3111 v 7.999998 \
h -8.591967 l 0.\
01239,18.999995 \
z\x22 id=\x22path5\x22></\
path>\x0d\x0a    <path\
 id=\x22path2\x22 styl\
e=\x22fill:none;str\
oke:#738c79;stro\
ke-width:2;strok\
e-linecap:butt;s\
troke-linejoin:r\
ound;stroke-dash\
array:none;strok\
e-opacity:1\x22 d=\x22\
M 44.001952,17 H\
 23.022568 v 8 h\
 -8.021241 v 19\x22\
></path>\x0d\x0a    <p\
ath id=\x22path4\x22 s\
tyle=\x22fill:none;\
fill-opacity:0.3\
5;stroke:#000000\
;stroke-width:2;\
stroke-linecap:b\
utt;stroke-linej\
oin:round;stroke\
-dasharray:24, 2\
;stroke-dashoffs\
et:2.2;stroke-op\
acity:1\x22 d=\x22M 8.\
976923,43.937495\
 V 18.960746 L 1\
7,19 v 0 -7.9623\
31 h 27.000625\x22>\
</path>\x0d\x0a    <pa\
th id=\x22path1\x22 st\
yle=\x22fill:none;f\
ill-opacity:0.35\
;stroke:#010101;\
stroke-width:2.0\
0001;stroke-line\
cap:butt;stroke-\
linejoin:round;s\
troke-dasharray:\
24.0001, 2.00001\
;stroke-dashoffs\
et:14.2001;strok\
e-opacity:1\x22 d=\x22\
M 21.005375,43.9\
685 V 30.99098 l\
 7.989249,0.0180\
4 v 0 -7.940348 \
h 14.935781\x22></p\
ath>\x0d\x0a  </g>\x0d\x0a</\
svg>\x0d\x0a\
\x00\x00\x02\x80\
\x00\
\x00\x09\xb1x\xda\xd5V\xc1r\xdb \x10\xbdw\xa6\xff\
\xc0\xc8WK\x02d\xc9B\xb6s\xebL\x0e\xed\xb5\x87\
\xde\x88Dl\x1a\x09\xa9\x80\xed\xb8_\xdf\x05\xcb\xb2\xe3\
\xa6\xb1=\x93C\x0a3b\xb5,<\xdecA\x9a\x9b\
\xcd\x12meeW\x8b`\x92\x07h%\xe4re\xf7\
\xf6Fh#[\xb5\x08HD\x02$\xabE\x00\xc14\
@\xcfM]\x98\x8e\x97b\x11tZ\x18\xa17\xc2;\
\x95Y\x04+k\xbb\x22\x8e\xb7\xdbm\xb4M\xa2V/\
c\x8a1\x8ea`\x1fR\x80yM\x98\xae\x1e_\x0b\
#\x8c\xb1\x18\xd3\x98\xd2\x10\x22B\xb3S\x96?\x87\xca\
\x8c\x0e\xe3\xcar\x18Vj\xc1\xad\xdc\x88\xb2m\x9aV\
\x19?\xfe$\xb2:Fvk]\xfb\xee\xaa\x8cE-\
\x1a\xa1\xac\x89\x81u\x1c\xdc}\xfe\x84\xd0\xbc\x12\x8f\xc6\
\x0b\xe0\x0c\xda;c\xf7\x02\xe6|\xe9\xbb\xbe(\xfeP\
\x8b\xea+\xdf\x09\xddGt\xdc\xae|\x9f3\x08hh\
\xec\xae\x06\xd5\x1ee]\x17#\x96\xbb:s/\xa1^\
\xd7\xa2\x10\x1b\xa1\xda\xaa\x9a\x19\xab\xdb'\x11\xfa])\
p\xc4\x5cI\x02\x04\xf3|C\x94\x8d)C\xf7(a\
\xe8\xbb{\xdc\x83\x07\xfd\x08\xee\xe6\xb1\xc3x\x0d\x96\x9e\
\xc1>PWo\x84%=,\x1d`\xc9\x05\xd8\xe4=\
`{T2\xa0\xbe\x0d:}\x0fLPx\x10\x98\x5c\
!0;\x03\xcd\xb1\xab\xb7\xeb;\xc8K\xae\x91\x17\xbf\
G2\xedA\xc9\x00\xfa6fv\x06Y\xfar\xbb\xba\
d\x90\x97^!\xef\xe4\x0c5\xe5\xae\xeeQ[\xb8\x84\
\xa4\xdd\x15\xe4v\xb5\xc9 7\xbd \xb7\x16\xa5=?\
C\x99/7\xabM\x06\xb9\xe9\xbf\xe5>\x05R\xad\x12\
\xfd\x9c\xc5\x08\x13W_B\xd0\xc3k-\x95(yW\
\x98_k\xae\xc5\xa9\xf7g+U\xd1H+\xf4\xc1[\
q\xb3\xe2Z\xf3\xdd\xe9\xfcG1\x0f\x22\xe5\xb0|\xb8\
\x94\xd98\x01+\xa5i\x96\xb8<\xc1\x11\xf80\x9d\x04\
\xc3\x0e\xd1\x0fL\x822X\xee\x94d\x978$\x1f\x98\
\x03\x8bR\x9a`F\xd2\xb1\xdf\x12:\x9d\xa6\xee\x00\xe5\
\xd1d\x0a|\x8e\x1c\xd2\xff\x82\x83\xdf\x11`\x91\xbd\xca\
!\x7f\xe3\x10\x1e\xbf\x9f\x954]\x0d\x88R\xb95\xcd\
\x8e\xec^\xdc\x0a8J\x8ft}\xb9@W\xb7kU\
\xfd\xc5v\xef\xed\xb8T6lu%t\xe1PP\xc3\
\xf5\x13\xfc\x1f\xa1}\xb8\xa7\xd9 \xb7?,\xc9\xc8\x98\
\xf5\x19\x86\x12\x97k\x84N\xf3q\xe8\xac4E\xbe\xa5\
\x90\x91\xd0\x12\x0cI\x89B\xd0\x84\xb1<;\x09\xfa}\
\xa2\xc3<^\xfa'\xfc\x1cA\xfb\x07\xfd\x88\xfe\x06\
\x00\x00\x02\x9a\
\x00\
\x00\x09ix\xda\xd5VKo\x9c0\x10\xbeW\xea\x7f\
\xb0\xdcK+\x81\xd7O0t\xc9\xa1\xa7\x1e\xda\x1fA\
\x82\xb3\xeb\x86\x05d\x9c\xdd\xec\xbf\xef\xd8\x84\xecC\xda\
h\xa3JQ\xca\x85\xf1x\xcc\xcc\xf7\xcd\xc3,\xc7\xed\
\x0a=m\xdan\xac\xf0\xda\xfb\xa1\x5c,v\xbb\x1d\xd9\
\x09\xd2\xbb\xd5\x82SJ\x17`\x81'\x93\x12\xc4\xd7\xcd\
v\xb6\xf1\xeb\x0aK\x8d\xd1\xda\xd8\xd5\xdaO\xf2\xd6\x9a\
\xdd\x8f\xfe\xa9\xc2\x14Q$5\x8a:\xe3F\xdbw\x15\
f\x84ad\x9b\x0a\xc3\x17X\xf4T\x8eC}g*\
<83\x1a\xb75\xf8\xe6\xf3'\x84\x96\x8d\xb9\x1f\xa3\
a\x10\x18\xbeY.\x820\xed\xad\xe2F[\xef\x8d\x93\
\x939(\x87\xda\xaf\xd1\xe8\xf7-|\xab\xb1\xe3\x00\xdb\
\xa5\xedZ\xdb\x99\xef\xf7\xb6m\xcb\xae\x07i\xf4\xae\x7f\
0\xe5\x17\xaeo\xb5l\x9e\x97i\x04R\xf2y\x19\xce\
\xdc\xd5C\xe9\xfa\xc7\xae9V\xfe\xe9mWn\xac7\
n\xd66\xf5\xb8\xae\x9d\x03WG\x9fO{@d\xfd\
\xbe\x04\x80\x10\xe7o$9a:ST$\x22'4\
<\x12\xfdD\x5c\x12\xcd\x84,\xf4DH\x88\x9f\x07\x9c\
A\x98A9s\xe7gP\x11\xc5\x1cyX\xbc\xf8\xa1\
D\xcf\xc8\x8e\xc3\xb8\x00\xeb\xf6\xd1\xfb\x0b\xf1\x0f\xb5\xed\
|\xda\xbb\xc6\xb82x@\x9b\xda=@\xea\xd0d>\
\x05\x1ab\xe2\xe2%\xfd\xfc\x90}F\x8a\xe9\x81\xc4\xc2\
J\x01>\xc6\x15\xe0\xdbWXd\x01[8\xfbVl\
\xd9{c\x93W`\x83e\xae\xa5\x92\x17\xb0M\x15\xba\
\x82\xf3\xc7\x00OJ0\xd6\x01\xc5\xc8\xbb\xba\x1b\xef{\
\xb7\xa9p\x14\xdb\xda\x9b\xaf)'4\x93\x82\xb1os\
}_[\xe1'\xe4\xb13o\xa7\xec=C\xba\xae\xec\
O\xb4\xd7\x94\xfd\x06q\x15H*2\x99p\x1e]\xd1\
\x1cma&\xb4\x88QRd\x85\x80\x86Hg\x91#\
M\xa8\xa0y\x91<\xbf\x19:\xec% \xe9(\x1dz\
E\xa6\xfa\xac[\xfeC\x8a\x84\x84yP\xe4J%\x02\
\xb0\x0a\x9a\x15:R\xf4\x0b\x09\x9a\x08\x15\xa6DF\xa8\
\xa4Rq\x04$R\xadY\x0e\xfc\xa5p,\xd7\x8a\xe6\
I*\xc2\xb1\xc0V>q\xc5\x92\x14\x08<\xe3\xea\x9c\
\xa9\xe5b\xf5\xd6.\x94\xef\xdc\x85W\x0c\x18\xc0I\x15\
\x17\xe2\xd2\x80\xf9\x807\x02%y\xa1\x0b5_\x0c\x5c\
\x9e\xde\x080\xec\xa4\xa4\x998d\x8e\x9dg\xee\x18\xd4\
\xa5\xa1\xf2\x86\xf4\xfc\xcb\xb5&\x0a\xc25\x84\x9b%0\
\xea3\xa6\x0a!\x11\x872\x0c\x92H\xa0p\x8b\xb8{\
\x00#>2\x18F\xa4\xce\xa5\xccB'f1p\xc4\
\xc5\xa4\xcb\xc3\x00\x8b:u4\x7fN\xc0L\x1d\xb5\x0c\
?F\xf0\xfe\x0b\x88\xb0\xf9\xf3\
\x00\x00\x03\xdc\
\x00\
\x00\x0e\xcax\xda\xcdWMo\xdbF\x10\xbd\x17\xe8\x7f\
X0Wr\xb53\xfbMK=\xb4(\xd0\x83\x8fE\
\x0f\xbd\x04\xb4DIldJ \x19+\xee\xaf\xef[\
\xca\x8e%\xc5\xb5\xdd\x14\x06D\x02\xe2r8\x9cy\xf3\
\xe6\x83\xabi\x7f\xb7\x12_n7m?\xcb\xd6\xc3\xb0\
+'\x93\xfd~/\xf7Zn\xbb\xd5\x84\x95R\x13h\
d\x07\x95\x12\xcb\x97\xd5\xf6\xcdbX\xcf2\x132\xb1\
\xae\x9b\xd5z8\xac\xef\x9az\xff\xf3\xf6\xcb,SB\
\x09\x13\xc4(\xab\xbb\xbe\xd9\xb6\xb3\x8c$e\xa2Y\xcc\
2X\xa0\xd1S\xd9\xef\xaay=\xcbv]\xdd\xd7\xdd\
]\x9d\x89\x8f\x1f\xe7\xbb\x1dT\xb3\x9f~\xfcA\x88\xe9\
\xa2^\xf6\xe3+iA\xc7\x8f\xa7\x93$:h\xadF\
\x95\xeb\x04\xe3\xf7u}[\xff\xdaV7\x9bzq]\
\xdd\xd7]&\xfa\xe1~\x03\x1f\x8b\xa6\xdfm\xaa\xfb\xb2\
i7M\xfb\x8d'X\xd9U\xc3z4\x94\x16\x9e\xbe\
\xbe\xb8l6\x9b\xb2\xdd\xb6\xf5U?t\xdbOu\xf9\
A\x8d\xc7\xc3m1RQ\xf2\xe3m\xb2>\xafv\xe5\
\xcd\xe7a8\x96\xfd\xb5m\xda\xf2\xb6\x19\xea\xeeQ\xba\
\xa8\xfau\xd5u\xc0td\xbd\xd8\x82\x92f\xb8/\x01\
\x00Xn\x85\x97\xec\x0dk\x9b\xb3\x961\x1dA\xcc\x85\
\xca\x0b\x85;\x8e,\x94T\xc1\x19\xe7\xf2\x82d\x0c:\
Z\x0f\x11\xfb`\x8c\xe2\xbc`\x19\xbd\xe2H\xe2Z\xb0\
\x84\x8c\xd8\xe9\x9c\xbct\x814\x19q\x874]\x8b \
U\x8c\xe4\x14\xe5Az\xe5<\xab HK\xa5\x9d\x8a\
&'\x92L\x0e\x18\xe0\x97\xf0\x9c\xb53\xc9\x99\xe5`\
\x8de\xa1%;g\xa1\x08g\x9e\xd9\x18\xef\x84\x95F\
\xb36\x94\x17Z\x1a\x0a\x8c\xc7b\x03\x5c\xc6y\x1b \
52\x00\xa8\xb6V\x10\x84\x8a)\xd8\x1c\x818\x86\xa9\
\x04?\xb0\xf7:OZ\xde\x05O\xf0\xcc\xc0\xa8\xa2\x0e\
PK\xf8\x1c\xc24R)\x17\xac\xcd\x09\x91QT\x9c\
\xfc:k\xc8\xe6\xc0d\x11\x91\x0b\xf0j\xf0B\xb4V\
'|l\x827QC\x8f\x8c'KyLQ\x06\xa7\
\xb4\x00&\x1d\x82\x0e:\x07Q\x01<\x8d<Kf\xf2\
\xa3\x0b\xe5\xa22\x1a\x12\xcd`\x80\xa0E\xda{\xf2O\
\x128U\xc1\x83\x11\x95\xd4=\xc1\xb2@\x9aH)\x1b\
\xc3\xa8\x8f\x5c\xc4$:}\xc1\x8c \xcf\x9d\x17g\x18\
mL\x10OC\xb1\x80\x88L8\x93\xc4pj\xc8\xb3\
\xb3\x02\xa4[\xa7\x99\x18\xd6,\x8c*N\xd6N\x98\xf1\
\xf0Y\x1c\x11\x1dG\xa2a\xec,\x1d>i=e-\
\xa6\xac\x99\xe4\x15\xe1 \x07\xc6\xa7Bt\x11\x8f9\xb9\
\x05\x8e\xe8}\xaa\x8e\x80\xd4\xa1\xc0\x8a\xf3JpG\xf5\
\xa6s\x1d%G\xcd\xa8\x98\xc7\xea\x04B\xf0C\xc1\x05\
\xfdP\x9d^Z\xcb\xa8?P\xe8\xc6j\x0eQ\xfc\x02\
)\xaa\xd3\xc5\x10s\xb6\x87\xbawG\xadb\xc6\xe6\xa0\
\xf0\x5c\xf7\xfcy:FR\xb7\x7f3\x02\xbaz>\x9c\
M\x80\x0f\xb5M\xe7U\xbayj\xd2\xa7\x99@\xe9<\
\x9d\x09\xe8\x91\xf3\xa9\xd0m?\xb7\x8b7\x0e\x80\xab]\
\xd5\xb4C\xb1\xed\x16uW&\xb7\xe2\xb6\xea>a\x9a\
\x8a\x83\xe6\xc3\x80 T\x05\x92\x9f~1\x95H\xac\x85\
\x93\x84@\x1d\xf8\xc3*\x18GV\xfcvP{{\xf0\
\x85\xf9\x97\xc9yu`\xc3\xeb\xe8\x16\xcb\xcbc\x83\x15\
\x86\x06:\xf59B\xe8\x94\x91G\xd5\xffBJA/\
\xd3r\xa9E\xc2\x1eCDke_\xe5e-\x8a\xaf\
\xe2\xbf\xdfL\x8c:k\x96\x1bN\xe7\x856K4\x06\
\x83\x16\x1fPm0\xe2\x9e\xe5\xc1}'\x0f\xe6\xb5\xbe\
Y\xd6K\x1c\x17\xd97Q\x05\x13\xcc\xbb\x11C\x85}\
\x99\x9aK\xad\x99\xd4;\x06\x9f\x91\xf8N\xd4\xb8\xb3\xde\
\xa9\xcc\xdcV\xf3\xcb\xec\x1dl\xa94\xf6>`\xc4a\
ga\x8ey\xf8C\xe8\xb4\xb9\xf8\xee\xfaP/WG\
P\xe9\xbc\xcc\xc6!\x1b<\xbf\x0f+T\xe8W\x06\x0a\
U\xe4\xea\xcb\xec\x1a\xab\xb0G\xfe\xff\xbcL'+\x5c\
\xa7\xe9\x9f'\xae\xff\x00M\xa5H\xa7\
\x00\x00,\xa7\
\xff\
\xd8\xff\xe0\x00\x10JFIF\x00\x01\x01\x01\x00H\x00\
H\x00\x00\xff\xdb\x00C\x00\x06\x04\x05\x06\x05\x04\x06\x06\
\x05\x06\x07\x07\x06\x08\x0a\x10\x0a\x0a\x09\x09\x0a\x14\x0e\x0f\
\x0c\x10\x17\x14\x18\x18\x17\x14\x16\x16\x1a\x1d%\x1f\x1a\x1b\
#\x1c\x16\x16 , #&')*)\x19\x1f-\
0-(0%()(\xff\xdb\x00C\x01\x07\x07\x07\
\x0a\x08\x0a\x13\x0a\x0a\x13(\x1a\x16\x1a(((((\
((((((((((((((((\
((((((((((((((((\
(((((((((((((\xff\xc2\x00\
\x11\x08\x02\xe0\x02\xe0\x03\x01\x22\x00\x02\x11\x01\x03\x11\x01\
\xff\xc4\x00\x1c\x00\x01\x00\x03\x01\x01\x01\x01\x01\x00\x00\x00\
\x00\x00\x00\x00\x00\x00\x06\x07\x08\x05\x04\x03\x01\x02\xff\xc4\
\x00\x19\x01\x01\x00\x03\x01\x01\x00\x00\x00\x00\x00\x00\x00\x00\
\x00\x00\x00\x00\x02\x03\x05\x04\x01\xff\xda\x00\x0c\x03\x01\x00\
\x02\x10\x03\x10\x00\x00\x01\xb5\x00\x00\x00\x00\x00\x00\x00\x00\
\x00\x00\x00\x00\x00\x00\x00\x00\x00\x00\x00\x00\x00\x00\x00\x00\
\x00\x00\x00\x00\x00\x00\x00\x00\x00\x00\x00\x00\x00\x00\x00\x00\
\x00\x00\x00\x00\x00\x00\x00\x00\x00\x00\x00\x00\x00\x00\x00\x00\
\x00\x00\x00\x00\x00\x00\x00\x00\x00\x00\x00\x00\x00\x00\x00\x00\
\x00\x00\x00\x00\x00\x00\x00\x00\x00\x00\x00\x00\x00\x00\x00\x00\
\x00\x00\x00\x00\x00\x00\x00\x00\x00\x00\x00\x00\x00\x00\x00\x00\
\x00\x00\x00\x00\x00\x00\x00\x00\x00\x00\x00\x00\x00\x00\x00\x00\
\x00\x00\x00\x00\x00\x00\x00\x00\x00\x00\x00\x00\x00\x00\x00\x00\
\x00\x00\x00\x00\x00\x00\x00\x00\x00\x00\x00\x00\x00\x00\x00\x00\
\x00\x00\x00\x00\x00\x00\x00\x00\x00\x00\x00\x00\x00\x00\x00\x00\
\x00\x00\x00\x00\x00\x00\x00\x00\x00\x00\x00\x00\x00\x00\x00\x00\
\x00\x00\x00\x00\x00\x00\x00\x00\x00\x00\x00\x00\x00\x00\x00\x00\
\x00\x00\x00\x00\x00\x00\x00\x00\x00\x00\x00\x00\x00\x00\x00\x00\
\x00\x00\x00\x00\x00\x00\x00\x00\x00\x00\x00\x00\x00\x00\x00\x00\
\x00\x00\x00\x00\x00\x00\x00\x00\x00\x00\x00\x00\x00\x00\x00\x00\
\x00\x00\x00\x00\x00\x00\x00\x00\x00\x00\x00\x00\x00\x00\x00\x00\
\x00\x00\x00\x00\x00\x00\x00\x00\x00\x00\x00\x00\x00\x00\x00\x00\
\x00\x00\x00\x00\x00\x00\x00\x00\x00\x00\x00\x00\x00\x00\x00\x00\
\x00\x00\x00\x00\x00\x00\x00\x00\x00\x00\x00\x00\x00\x00\x00\x00\
\x00\x00\x00\x00\x00\x00\x00\x00\x00\x00\x00\x00\x00\x00\x00\x00\
\x00\x00\x00\x00\x00\x00\x00\x00\x00\x00\x00\x00\x00\x00\x00\x00\
\x00\x00\x00\x00\x00\x00\x00\x00\x00\x00\x00\x00\x00\x00\x00\x00\
\x00\x00\x00\x00\x00\x00\x00\x00\x00\x00\x00\x00\x00\x00\x00\x00\
\x00\x00\x00\x00\x00\x00\x00\x00\x00\x00\x00\x00\x00\x00\x00\x00\
\x00\x00\x00\x00\x00\x00\x00\x00\x00\x00\x00\x00\x00\x00\x00\x00\
\x00\x00\x00\x00\x00\x00\x00\x00\x00\x00\x00\x00\x00\x00\x00\x00\
\x00\x00\x00\x00\x00\x00\x00\x00\x00\x00\x00\x00\x00\x00\x00\x00\
\x00\x00\x00\x00\x00\x00\x00\x00\x00\x00\x00\x00\x00\x00\x00\x00\
\x00\x00\x00\x00\x00\x00\x00\x00\x00\x00\x00\x00\x00\x00\x00\x00\
\x00\x00\x00\x00\x00\x00\x00\x00\x00\x00\x00\x00\x00\x00\x00\x00\
\x00\x00\x00\x00\x00\x00\x00\x00\x00\x00\x00\x00\x00\x00\x00\x00\
\x00\x00\x00\x00\x00\x00\x00\x00\x00\x00\x00\x00\x00\x00\x00\x00\
\x00\x00\x00\x00\x00\x00\x00\x00\x00\x00\x00\x00\x00\x00\x00\x00\
\x00\x00\x00\x00\x00\x00\x00\x00\x00\x00\x00\x00\x00\x00\x00\x00\
\x00\x00\x00\x00\x00\x00\x00\x00\x00\x00\x00\x00\x00\x00\x00\x00\
\x00\x00\x00\x00\x00\x00\x00\x00\x00\x00\x00\x00\x00\x00\x00\x00\
\x00\x00\x00\x00\x00\x00\x00\x00\x00\x00\x00\x00\x00\x00\x00\x00\
\x00\x00\x00\x00\x00\x00\x00\x00\x00\x00\x00\x00\x00\x00\x00\x00\
\x00\x00\x00\x00\x00\x00\x00\x00\x00\x00\x00\x00\x00\x00\x00\x00\
\x00\x00\x00\x00\x00\x00\x00\x00\x00\x00\x00\x00\x00\x00\x00\x00\
\x00\x00\x00\x00\x00\x00\x00\x00\x00\x00\x00\x00\x00\x00\x00\x00\
\x00\x00\x00\x00\x00\x00\x00\x00\x00\x00\x00\x00\x00\x00\x00\x00\
\x00\x00\x00\x00\x00\x00\x00\x00\x00\x00\x00\x02\xba\xb1sa\
:\xb62\xbe\xa3>\xc0\x00\x00\x00\x8cW_j\xec\xd3\
]\x08\x84\xbc\x00\x00\x11I]&}m\x9c\xc7\x7f\x92\
\xb0\x0f\x09\x02\xe4\xd6\xff\x00\x86\x9b\xf7\xe7\x0b\xfc\xe8\x00\
\x00\x1f\xca\x93$\x5c\x9a\xe3\xf0\xd4\x7fxD\xdc\x01\x1c\
\x91\xd4\xfdY\xf2\x84Y\xdd\x99)E\x84\xa5\x16\x12\x94\
XJz\xb0\x1fuv\xd9c/y\xe0\xf7\xd7$n\
UJ\xfe\x9a\xa5N\xdb\xe7\xf6\x00\x00\xfc\xa8\xac\xdc\xce\
]\x16\x0ev\xd0G\x0f\xcf\x1d\x85\x97?j\xbd\xb0\x80\
\x00\x00\x06k\xd2\x99\xac\xe5j<\xb9\xa8\xcf\xb0\x00\x00\
\x00)Z\xfe\xc0\xaf\xcb\xee_\x10\x97\x80\x00\x02\x93\xbb\
)2\x03\x7f\xd0\x17\xf9+\x03\xc1\xef\xf0\x19\x97\xf3\xf7\
\xa6r\xfb\x9f\xbc#M\xfb\xf3\x8d\xfct\x00\xfeT\xa0\
\x81~\xfd\xcf:S\x16.\xd9\xec\x0az\x00\xe5uR\
\x87)\xd5J\x1c\xa7Tr\x9dQ\xcauG+\xd5\xeb\
y \x85\x8a\xda\xc9\xad\x8ax\x9b\x10\x99|w\xc4j\
\x1fNp\xbd\xce\xc0\x00\xe7f}1\x99\xc9\x06\x86\xcf\
:$\xab\xbd\x13^1\xc6\xb1\xbc\xde\x90\x00\x00\x01\x9a\
\xf4\xa6k9Z\x8f.j3\xec\x00\x00\x00\x0aV\xbf\
\xb0+\xf2\xfb\x97\xc4%\xe0\x00\x00\xa4\xee\xcaL\x80\xdf\
\xf4\x05\xfeJ\xc0\xf0{\xfc\x06e\xee\xf0\xbb\xa5\xff\x00\
E\xe8\x1f9\x97{~\xe8\xb1\xa6\xfd\xb9\xaeF} \
\x8fx\xbf\xbf;\xc5EYY\xb5\x91v\xcf`S\xd0\
\x01\x9aM,\xcd\x03K\xb3@\xd2\xec\xd04\xbb4Y\
\xa5\x94\x00\x15\xb5\x93[\x14\xf5\xb1S\xdb\x04\xea\x87\xd2\
\x1e\x032{\xbb\x91S@J\xb2\xcd\xccX\x00\xe7f\
}1\x99\xc9\x06\x89\xce\xda$\x00\x00\x00\x00\x06k\xd2\
\x99\xac\xe5j<\xb9\xa8\xcf\xb0\x00\x00\x00)Z\xfe\xc8\
\xad\xcb\xee_\x0b\x9a\x00\x00\x02\x93\xbb)2\x03\x7f\xd0\
\x17\xf9+\x03\xc1\xef\xf0\x19\x97\xbb\xc2\xee\x9a0\x1ez\
N\xf4\xfeL\xae\x9dq\xcf5\xf7\xf5\xe8\x80TU\x95\
\x9bY\x17l\xf6\x05=\x00e}Q\x95\xc7G\xe7\xa6\
\xcc\xd0\xd2\xe344\xb8\xcd\x16}\x90\x00\x01[Y5\
\xb1O[\x15=\xb0Z@\xf9\xd2\xb7p\xca\xbf\xb6\x8d\
\x5cY\xd6\xceW\x9a\x17.g\xd29\xb8\x90h\x9c\xed\
\xa2@\x00\x00\x00\x00f\xbd)\x9a\xceV\xa3\xcb\x97\x11\
c\xa0\x22|\x80\x89\xf2\x02'\xc8\x0f\x5c\x93\x82\xae\xa9\
\xb4>y-kO/\xdb\xc5\x84\xe1zN\xa3\x96:\
\x8e_\x84\x91g\xd9UZ~\xe8j\x1bK\x9fP<\
\x1e\xff\x00\x01\x99{\xbc.\xe9\xa3\x00\x00\x00\x01QV\
Vmd]\xb3\xd8\x14\xf4\x01\x95\xf5FW=\xbao\
.\xdc\x84\xf9\x01\x13\xe4\x04O\x90\x11>@z\xe4\x9c\
\x0a\xda\xc9\xad\x8az\xd8\xa9\xed\x82\xd2\x00\x0a\xfa\xc1\x19\
g\xe7\xa0(\xc3\xd5\xc8\x09\x0e\x89\xce\xda$\x00\x00\x00\
\x00\x06o\xd2\x11\xf3:\xae!N\xae!N\xae!N\
\xae!N\xfbm^\xf9)\x02\xa5\xb6\x86W\xfet|\
P\xa6\xd6w,\x82\xa7B\x0a\x9f\xf4\x0a\xc3\xd7p\xcc\
\xc8\xec\xb4\x00x=\xff\x00\x86W\x91O;\xa4\xb8\x00\
\x00\x00\x15\x15e\xa4 \xa7by\xe5\xf5\x002\xc6\xa7\
\x89\x94\x0a\xe2\x14\xea\xe2\x14\xea\xe2\x14\xea\xe2\x14\xef\xbe\
\xd3\xef\x92\x90+{#\x9ef[c\xf9\xb0\x0e\xa0\x00\
\x01\xc2\xee\x8c\xdb\xc7\xd3\x95\xc9\x0d\xd0\xd1\xb9 \x00\x00\
\x00\x00\x00\x00\x00\x00\x00\x00\x00\x00\x00\x00\x00\x00\x00\x00\
\x00\x00\x00\x00\x00\x00\x00\x00\x00\x00\x00\x00\x00\x00\x00\x00\
\x00\x00\x00\x00\x00\x00\x00\x00\x00\x00\x00\x00\x00\x00\x00\x00\
\x00\x00\x00\x00\x00\x00\x00\x00\x00\x00\x00\x00\x00\x00\x00\x00\
\x00\x00\x00\x00\x00\x00\x00\x00\x00\x00\x00\x00\x00\x00\x00\x00\
\x00\x00\x00\x00\x00\x00\x00\x00\x00\x00\x00\x00\x00\x00\x00\x00\
\x00\x00\x00\x00\x00\x00\x00\x00\x00\x00\x00\x00\x00\x00\x00\x00\
\x00\x00\x00\x00\x00\x00\x00\x00\x00\x00\x00\x00\x00\x00\x00\x00\
\x00\x00\x00\x00\x00\x00\x00\x00\x00\x00\x00\x00\x00\x00\x00\x00\
\x00\x00\x00\x00\x00\x00\x00\x00\x00\x00\x00\x00\x00\x00\x00\x00\
\x00\x00\x00\x00\x00\x00\x00\x00\x00\x00\x00\x00\x00\x00\x00\x00\
\x00\x00\x00\x00\x00\x00\x00\x00\x00\x00\x00\x00\x00\x00\x00\x00\
\x00\x00\x00\x00\x00\x00\x00\x00\x00\x00\x00\x00\x00\x00\x00\x00\
\x00\x00\x00\x00\x00\x00\x00\x00\x00\x00\x00\x00\x00\x00\x00\x00\
\x00\x00\x00\x00\x00\x00\x00\x00\x00\x00\x00\x00\x00\x00\x00\x00\
\x00\x00\x00\x00\x00\x00\x00\x00\x00\x00\x00\x00\x00\x00\x00\x00\
\x00\x00\x00\x00\x00\x00\x00\x00\x00\x00\x00\x00\x00\x00\x00\x00\
\x00\x00\x00\x00\x00\x00\x00\x00\x00\x00\x00\x00\x00\x00\x00\x00\
\x00\x00\x00\x00\x00\x00\x00\x00\x00\x00\x00\x00\x00\x00\x00\x00\
\x00\x00\x00\x00\x00\x00\x00\x00\x00\x00\x00\x00\x00\x00\x00\x00\
\x00\x00\x00\x00\x00\x00\x00\x00\x00\x00\x00\x00\x00\x00\x00\x00\
\x00\x00\x00\x00\x00\x00\x00\x00\x00\x00\x00\x00\x00\x00\x00\x00\
\x00\x00\x00\x00\x00\x00\x00\x00\x00\x00\x00\x00\x00\x00\x00\x00\
\x00\x00\x00\x00\x00\x00\x00\x00\x00\x00\x00\x00\x00\x00\x00\x00\
\x00\x00\x00\x00\x00\x00\x00\x00\x00\x00\x00\x00\x00\x00\x00\x00\
\x00\x00\x00\x00\x00\x00\x00\x00\x00\x00\x00\x00\x00\x00\x00\x00\
\x00\x00\x00\x00\x00\x00\x00\x00\x00\x00\x00\x00\x00\x00\x00\x00\
\x00\x00\x00\x00\x00\x00\x00\x00\x00\x00\x00\x00\x00\x00\x00\x00\
\x00\x00\x00\x00\x00\x00\x00\x00\x00\x00\x00\x00\x00\x00\x00\x00\
\x00\x00\x00\x00\x00\x00\x00\x00\x00\x00\x00\x00\x00\x00\x00\x00\
\x00\x00\x00\x00\x00\x00\x00\x00\x00\x00\x00\x00\x00\x00\x00\x00\
\x00\x00\x00\x00\x00\x00\x00\x00\x00\x00\x00\x00\x00\x00\x00\x00\
\x00\x00\x00\x00\x00\x00\x00\x00\x00\x00\x00\x00\x00\x00\x00\x00\
\x00\x00\x00\x00\x00\x00\x00\x00\x00\x00\x00\x00\x00\x00\x00\x00\
\x00\x00\x00\x00\x00\x00\x00\x00\x00\x00\x00\x00\x00\x00\x00\x00\
\x00\x00\x00\x00\x00\x00\x00\x00\x00\x00\x00\x00\x00\x00\x00\x00\
\x00\x00\x00\x00\x00\x00\x00\x00\x00\x00\x00\x00\x00\x00\x00\x00\
\x00\x00\x00\x00\x00\x00\x00\x00\x00\x00\x00\x00\x00\x00\x00\x00\
\x00\x00\x00\x00\x00\x00\x00\x00\x00\x00\x00\x00\x00\x00\x00\x00\
\x00\x00\x00\x00\x00\x00\x00\x00\x00\x00\x00\x00\x00\x00\x00\x00\
\x00\x00\x00\x00\x00\x00\x00\x00\x00\x00\x00\x00\x00\x00\x00\x00\
\x00\x00\x00\x00\x00\x00\x00\x00\x00\x00\x00\x00\x00\x00\x00\x00\
\x00\x00\x00\x00\x00\x00\x00\x00\x00\x00\x00\x00\x00\x00\x00\x00\
\x00\x00\x01\xff\xc4\x00-\x10\x00\x00\x05\x03\x03\x04\x01\x04\
\x02\x03\x01\x00\x00\x00\x00\x00\x00\x02\x03\x04\x05\x01\x065\
\x10\x160\x14\x15 43\x11\x1312\x12!\x22@\
\xb0#\xff\xda\x00\x08\x01\x01\x00\x01\x05\x02\xff\x00\xb3,\
\xed\xc1V\x8b\xc7\x5c\xe7\xaa\xd4\xaf\xd6\x9cS\xb2\xb4\x8c\
I;\xa1\xed\x0f\x1e\xe8\xaf\x1apN\xcb\x964\x8d\xee\
\x87EQ\x8b\x92<k\xe1/r}\x95Z]+\xd0\
\xec\x9d\xa2\xf1\x0e\x03\x1a\x85,\xa5\xcdD\xd4it\xae\
S\xa0\xa9\x17G\xc1\xcc\xa1S7w0\xee\xe6\x1d\xdc\
\xc3\xbb\x98ws\x0e\xeea\xdd\xcc;\xb9\x87w0i\
 E\xcd\xab\xe7i\xb2l\xb5\xd0\xee\xaaC\xdcDt\
~\x0a\xd7\xe9G\xf7B\xbfz\x0a\x7f\xacTII\xd1\
\xaa\x9dT\xa5\x09\x1d\x22\x8b\xee9|\xa8G\xe1\xe2\xbd\
\x8d^\xe2-L/\x05\xe7\x95\x16\xb6\x0fW\xdf\xd3-\
\x22\xa4U\x8ep\xc5\xdaO[y\x18\xd4)n\x19\xba\
\xbd6\x96z\x86<G3\x12\xd4\xcf5\xbdMZ2\
\xd2\x06\xe0\xaa5!\x8a\xa1<\xa4\xb1\xe2\x030\xba\xb4\
E\x06)\xd7n\xfd\xc4\x91h\xfa\x87m-\xc5-\x95\
\x08\xfc<W\xaePZ\x98^\x0b\xcf*-l\x1e\xaf\
\xfd\x1dbdU\x8dr\xc5\xdaO[\xf8\x1a\xb4)n\
)\xaa\xbc6\xb6f+\xc3\xb7\xb5\x1d\xbd\xa8\xed\xedG\
oj;{Q\xdb\xda\x8e\xde\xd4v\xf6\xa3\xb7\xb5\x1d\
\xbd\xa8E\xbaHx^\xde\xae\xb0\xb3kG\x86\xeb\xa6\
\xe1/\x19,x\x80\xcc\x18\xb41\x18\x18\xc94R\x08\
\xc4kC\xf7y\x9e)l\xa8G\xe1\xe2\xbdr\x82\xd4\
\xc2\xf0^yQk`\xf5\x7f\xe8\x88\xc4J\xe2BZ\
9X\xe5\xc4T\x8a\xb1\xce\x18\xbbI\xeb}\x0cj\x14\
\xb7\x0c\xdd^\x18 \x8a\x8e\x15\x9a\x8d\xa4iE\x99\x8a\
\xff\x00J\xf6\xf5D\x0ca$\x9a:l\xabUDT\
\x8a\xb1\xce#d\x10\x90K\xc2K\x1e 3\x01\xf3\x06\
\xefHx\x16\xa7#t\x13n\x9f\x14\xb6T#\xf0\xf1\
^\xb9Ajax/<\xa8\xb5\xb0z\xbf\xf4D\x16\
]\xdbT]\xa39\x12\xa4j\xc2*EX\xe7\x0c]\
\xa4\xf5\xb9\xabB\x96\xe2\x9b\xab\xd3\x06MUz\xe2&\
5\x18\xe6\xf7\xbf\xb0,\xccW\xfaW\xb7\xaa,\x7f\xd2\
R=)\x16\xf2q\xcb\xc7,\x19\xbaY\x9a\xd0\xb3\x08\
\xc8\xa5\xac\x96<@f9\xa5\xb2\xa1\x1f\x87\x8a\xf5\xca\
\x0bS\x0b\xc1y\xe5E\xad\x83\xd5\xff\x00\xa2 \xb2\xe1\
\xc2)\xb8Fn%H\xe5\x83\x07\xcb\xb1Znt\xef\
\xd3\x0c\x9a\xaa\xf1\xc4DjQ\xad\xc5\xef\xec\x0b3\x15\
\xe1W\xef>\xbd{\xc1\xd7\xbc\x1d{\xc1\xd7\xbc\x1d{\
\xc1\xd7\xbc\x1d{\xc1i\xc9\xb8t\x7f\x1b\xdb\xd5\x16?\
\xe8\x1e\xb4I\xeby\xc8\x85#\x96\x049\x93<\x14\xfd\
\x1d\x9bI,x\x80\xccsKeB?\x0f\x15\xeb\x94\
\x16\xa6\x17\x82\xf3\xca\x8b[\x07\xab\xff\x00DAe\xf4\
p\x8an\x12\x9e\x844~\xb1q\xea\xc8\xb8\x8f`\x83\
\x04\xb4\xbd\xfd\x81fb\xbc+\xf9\xa5*j\xf4\x0f\x07\
@\xf0t\x0f\x07@\xf0t\x0f\x07@\xf0Z\xd1N\x19\
\xad\xe3{z\xa2\xc7\xfd4P\x85P\xb3\xf0ghq\
O\xe8@\xdc?\xc0\x14\xd41d\xb1\xe2\x031\xcd-\
\x95\x08\xfc<W\xbaU\xa3\xd1h\xa8SDp^y\
Qk`\xf5\x7f\xe8\x88,\xbe\xa7-\x0eY\xe8#\xb3\
R6!\xd3\xe3\xc7\xb3I\x8bmo\x7f`Y\x98\xaf\
\x0a\xfeX{\xbc\x97\xb7\xaa,\x7f\xd3\xc2z\xde\xaf\xf2\
\xd2\x0eqV\x01\xe2\xa4Z(@f9\xa5\xb2\xa1\x1f\
\x87\x8a\xf8!\xbf\x80\xb2\x5cS\xe9\xc1q\xba\xa3\xb9Q\
n\xa5Ta\xb5\x7f\xe8\x88,\xbf\x15\xef\xec\x0b3\x15\
\xe1_\xcb\x0fw\x92\xf6\xf5E\x8f\xfax\xce@\x11\xcd\
\x0eZ\x90\xc1\x8b\xf5ZP@f9\xa5\xb2\xa1\xbd\xd2\
\xd6\x88\xee\x96#t\xb1\x1b\xa5\x88\xdd,F\xe9b7\
K\x11\xbaX\x88\xd9\xb6\x92\x0bi>\xcb\xae\x8d\x0d\x97\
Q\xb2\xccn\x86\xcaQ\x19x\xf5\xa9\xdcY\x0e\xe2\xc8\
w\x16C\xb8\xb2\x0a\xcd\xc7$yK\x9f\xee$\x197\
3\xa7I\x12\x89\xa7\xab\xff\x00DAe\xf8\xaf\x7f`\
Y\x98\xaf\x0a\xfePS\xed/\xbaY\x0d\xd2\xc4n\x96\
#t\xb1\x1b\xa5\x88\xdd,F\xe9b7K\x11\x1b6\
\xd2AmooTX\xff\x00\xa7\x94\xe4:r(\xbb\
l\xb3E\xb4\x80\xccsL\x94\xc4\x96\xe1g\xf7:\xbd\
n85*\xb5iZW\x81\xbbu\x5c\x1e\x06 \x91\
\xc9x?\xf4E\xbc\x99\x94\x98\xe2\xbd\xfd\x81fb\xbc\
\x0dO\xa1\xb8X}\xca>\xd6\xf6\xf5\x05\x8f\xfay\xcb\
F\xa5$\x84\x9b\x05c\xdc\x0bt\xb54\xc74\x84C\
G\xeamD\x06\xd4@mD\x06\xd4@mD\x06\xd4\
@mD\x06\xd4@mD\x03\x086\x8c\xd4\xf0{\x16\
\xd1\xe0qj\xa0a\xb4\xd4\x1ba\xf0\xdb\x0f\xc6\xd8~\
\x12\xb5\xdeT\xf4\xb4\xcf\xf5F\xd7f@\xdd\xb2-\x89\
\xe3Z}h\xf6\xd6!\xd4\x87\x83F=N)H\xe4\
dQJ\xd3\xff\x006\xa8&\xd9\xbf\x83\xd8\x16n\x8f\
\xb5\x10\x1bQ\x01\xb5\x10\x1bQ\x01\xb5\x10\x1bQ\x01\xb5\
\x10\x1bQ\x01\xb5\x10\x0c \xda3SW\xcd\x13z\xd8\
\xd6\x9f\xfe\xb1\xccQ`\xdf\x81\xe3D^$\xb5\xa7\xfe\
q1\x08F\xff\x00\xd9\xab\xff\xc4\x00\x22\x11\x00\x01\x03\
\x03\x03\x05\x00\x00\x00\x00\x00\x00\x00\x00\x00\x00\x03\x00\x01\
R\x02\x13\x14\x04\x11\x122AP\x90\xa0\xff\xda\x00\x08\
\x01\x03\x01\x01?\x01\xf7g\xaf=af\xe1\xddf\x9e\
K4\xf2Y\xa7\x92\xcd<\x90\xb5\xa6\xe6\xcc\xef\xbf\x89\
\xa8t\xd7\xd4\xdb\xab\x02\x8b+\x02\x8b+\x02\x8b+\x02\
\x8b&\x10\xe9}\xda\x9f\x85\xef\xff\xc4\x00 \x11\x00\x01\
\x04\x02\x03\x00\x03\x00\x00\x00\x00\x00\x00\x00\x00\x00\x00\x01\
\x02\x03Q\x13\x14\x04\x121P\x90\xa0\xff\xda\x00\x08\x01\
\x02\x01\x01?\x01\xfb\xb3\xe2\xc4\xd9\x15{\x1a\xd1\xd1\xad\
\x1d\x1a\xd1\xd1\xad\x1d\x12q\xa3\xea\xbf\x12\x8eV\xf8\xa6\
W\xd9\x95\xf6e}\x99_b\xc8\xe5\xf5\x7f\x0b\xdf\xff\
\xc4\x00@\x10\x00\x01\x02\x02\x03\x0b\x09\x06\x05\x05\x01\x00\
\x00\x00\x00\x00\x01\x02\x03\x00\x04\x10\x11\xb1\x12 !0\
124Aqs\x91\x13\x223Qr\x92\x93\xa1\xd1\
BRa\x82\xb2\xc1#Cb\x81\xe1\x05$@\xb0\xf0\
\x14\xff\xda\x00\x08\x01\x01\x00\x06?\x02\xff\x00s*\xa5\
\xe5R\x14\xe2s\x94r\x08\x09\x9dJn\x0f\xb4\x91\x92\
+\x18\xb4s.\xdcs4@\xbbKJOUUC\
o\xa3\x22\x86N\xacJBSv\xf2\xf2\x0e\xa8\x1c\xb2\
\x1bZ:\x80\xaa\x1b}\xbc\xd5\x8b\xd5\xb3(\x80T\x93\
QZ\xb2G\xf7-\xa1I\xaf*pU\x01\xd6\x15t\
\x9cIR\x8d@e0[\x92J\x5c\xc1\xd2\x1c\x95\xc7\
\xf7M\xa5h\xfd\x18\x0c!\xd6\xcdhX\xac^\x94\xb6\
\x9b\xa2#\xa2\x1cc\xa2\x1cc\xa2\x1cc\xa2\x1cc\xa2\
\x1cc\xa2\x1cc\xa2\x1cc\xa2\x1cc\xa2\x1cb\xe0\x8b\
\x95[x\xa7\x9e<\xd1\xe7\x04\xb4\x86\x92\x9e\xa2+\x84\
\xb32\x90\xdb\x87\x22\xb5\x1cMg$\x11&\x84\x86\xc6\
\xb5\x0a\xeb\x80\xc4\xc8\x09t\xe6\x91\x91T\x06\x19mO\
\xcc\x9fa:\xb6\xc5\xd9\x91n\xae\xa0\xe6\x18Pn\xb4\
\xb8\x8c\xe6\xd5\x94b\xe77\xcb\xb6\x84l\x18\xb6Q_\
45]_\xb9\xa1\xad\xaa\xb7\x12\x8d\xd0\xb4\xd1/\xf3\
}F\xf1\xfd\xda\xac\xa7\x94o\x0aNr=\xe8K\xcc\
*\xb4\x9f#\xd5~T\xa2\x00\x18I0X\x96$K\
\x0d~\xff\x00\xf1MJ\xc8\x85\x94\x8b~\xf8\xf6j\xf7\
\xab\xbca \xe0+\xc3\xc2\x9eF}eMj^R\
\x98\x0bA\x0aI\xc2\x08\xbf\x99\xdd*\xca%{p\xb7\
U]\xca\x12Tj\x89\xe9\xd5\xaa\xb7\xe6R\xb5\x13\x0c\
LK\xce\xbb\xff\x00\xb4\x1a\xd4\xd9\xae\xa1\x1f\xd3'\x10\
\x8b\x95\xcc~\x13\xd5f\xe1\xab\xfe\xfd\xb1s\x9b\xe5\xdb\
B6\x0c[[\x91i\xa1\xad\xaa\xb7\x12\x8d\xd0\xb4\xd1\
/\xf3}F\xf2cv\xab/9F\xf0\xa0\xe7\xa3\xde\
\x84\xbc\xc2\xabI\xf2\xbd%F\xa05\xc1\x97\x965K\
\x0c\xa7\xdf\xfe/\x17\xbd6\x0b\xde\x8b\xcc\xc7E\xe6c\
\xa2\xf31\xd1y\x98\xe8\xbc\xcct^f:/3\x1d\
\x17\x99\x8e\x8b\xcc\xc7E\xe6c\xf0\x90\x05\xe4\xbfl\xd9\
x\x1bW\xe2KW\x85:\xc6\xc8K\x8c\xac)\x07\x0e\
\x0b\xe9\x9d\xd2\xac\xa2W\xb7\x05*\x00\xa4\xe0 \xc4\xe7\
\xf4i\xa7\x1bC\xc2\xb0\xd1'\x01\xba\xff\x00\xbc\xe2Q\
r\xef4\xcc\xd3YV0\x05D\xa8\x15\x16\xa4\xf9\xcb\
Zr\x15\xfc\x0f\xfd\xaf\x179\xbe]\xb4#`\xc5\xb5\
\xb9\x16\x9a\x1a\xda\xabq(\xdd\x0bM\x12\xff\x007\xd4\
o&7j\xb2\x86\x19r\xbb\x95\xaa\xa3T\x5c9\x85\
\x075}t]\xb7\x85\x079\x1dp\x97\x98Ui>\
T\x95(\xd4\x06R`\xb1,j\x97\x19O\xbfBZ\
e%KV\x00\x04K$\x9b\xa7\x14\x92VuP\xbd\
\xe9\xb0\x7f\x87/\xdb6Q6\x9c\xd7RSp\xae0\
[}\x05*\x14]\xb7\x85'9=pV\xc2\xb2e\
I\xca/fwJ\xb2\x89^\xdd\x15L6\x15\xf1\xd6\
\x22\xe1J\x98)\xea.\x98\x0d\xb2\x80\x84\x8e\xac\x5c\xe6\
\xf9v\xd0\x8d\x83\x16\xd6\xe4Zhkj\xad\xc4\xa3t\
-4K\xfc\xdfQ\xbc\x98\xdd\xaa\xca%7\x829)\
\x84\x05\xa2+\x15\xaa]Y\xab\xfb\x1a9F\xb0\xa4\xe7\
#R\xa1/0\xaa\xd2x\x8f\x84\x12\xa3P\x19I\x82\
\xc4\xb1\xaaXe>\xff\x00\xf1BYa5\xa8\xf9E\
\xc3|\xe5\x9c\xe5\xf5\xc4\xb7d\xdbB\xf7\xa6\xc1\xfe\x1c\
\xbfl\xd9D\xde\xd4\xfd\xe0\xb4\xee\x03\xec\xabZL\x04\
>\x05G5I\xc8h\xe5e\xd7p\xb8\x01E(\x99\
\xd6\x8e\xbf\x88\xbc\x99\xdd*\xca%{x\xf9\xcd\xf2\xed\
\xa1\x1b\x06-\xad\xc8\xb4\xd0\xd6\xd5[\x89F\xe8Zh\
\x97\xf9\xbe\xa3y1\xbbU\x94Jo\x05\x0ai\xe4\x85\
!YA\x8a\xc5jaY\xaa\xfb\x1a\x03\x8c,\x8e\xb4\
\xeaV\xd8\x0d4\x0bl\xfbC\xac\xd0\x96\x98Mj>\
Qp\x8c.\x1c\xf5\xf5\xd1-\xd96\xd0\xbd\xe9\xb0^\
\xe9O\xf8\x864\xa7\xfcC\x1aS\xfe!\x8d)\xff\x00\
\x10\xc6\x94\xff\x00\x88cJ\x7f\xc41\xa5?\xe2\x18\xd2\
\x9f\xf1\x0c9/0\xab\xbb\x94\xdd%G/U\xf4\xbf\
l\xd9D\xde\xd4\xfd\xe8S/\xa6\xb4\x9f(\xacV\xa9\
uf\xab\xech\x0bA)P\xc2\x08\x84\xb15R\x1e\
\xd4\xadJ\xa6gt\xab(\x95\xed\xe3\xe77\xcb\xb6\x84\
l\x18\xb6\xb7\x22\xd3C[Un%\x1b\xa1i\xa2_\
\xe6\xfa\x8d\xe4\xc6\xedVQ)\xbc\x14\xa9\xa7\x92\x14\x85\
e\x069Vk\x5c\xbe\xb3\xad4\xf2md\xf6\x97\xa9\
\x22.XEGZ\xb5\x9ae\xbb&\xda\x17\xbd6\x0b\
\xe0\x00\xac\x98\xd1_\xf0\xcch\xaf\xf8f4W\xfc3\
\x1a+\xfe\x19\x8d\x15\xff\x00\x0c\xc6\x8a\xff\x00\x86a\xd7\
\xa6SqZn\x02o\xa5\xfbf\xca&\xf6\xa7\xefM\
\xca\xd2\x14\x9e\xa3\x05\xe9T\x95\xcb\x9dC\xd8\xfe)\xe4\
\x7f\xa8\xac\x94\xfb.\x1d[`)$\x10r\x11\x13;\
\xa5YD\xafo\x1f9\xbe]\xb4#`\xc5\xcb\xbb\x82\
\xe5M\xdc\xf0?\xcd\x09H8P\xa2\x0e%\x1b\xa1i\
\xa2_\xe6\xfa\x8d\xe4\xc6\xedVQ)\xbc\x17\x85+\x00\
\xa4\xe0 \xc1vU*\x5c\xb1\xc3\xd7q\xfc@\xb8A\
Ku\xe1Z\xb2\x08\x0c\xb0*\x1a\xce\xb2o%\xbb&\
\xda\x17\xbd6\x0b\xe9}\xe2m\xc6\xcb\xf6\xcd\x94M\xed\
O\xde\xf5s\x12\x00\x5c\xe5S^\x94\xa5\x97y\xf2\xd5\
\xfe\xe9\xd9\x0f\xb8\xd2\x82\x90ZQ\x04l\xa2W\xb7\x8f\
\x9c\xdf.\xda\x11\xb0b\xe5\x17W4\x15\x02xzQ\
1,j\xaf<Y\x89uI5\xa1\x1c\xc4\xfe\xd4J\
\xa4\x9a\xebM\xd7\x1c7\x93\x1b\xb5YD\xa6\xf0b\xe5\
\xbb&\xda\x17\xbd6\x0b\xe9}\xe2m\xc6\xcb\xf6\xcd\x94\
M\xedO\xde\xf9o\xca\x0b\x97\xf2\x94\xeaT\x14\xa8\x10\
\xa1\x94\x1a\x1dJ\x0dm\xb8\x92\x95&\x89^\xde>s\
|\xbbhHu\xa7\x92\xa1\x83\x9bQ\x8c\xc9\x8e\xe8\xf5\
\x8c\xc9\x8e\xe8\xf5\x8c\xc9\x8e\xe8\xf5\x8c\xc9\x8e\xe8\xf5\x8c\
\xc9\x8e\xe8\xf5\x8c\xc9\x8e\xe8\xf5\x8c\xc9\x8e\xe8\xf5\x82\xd3\
Wis(\x0b\x15W\xb2\x95\xa1=\x22y\xe8\xdbB\
]eE+NC\x00M%L\xafY\x18S\x04\xa2\
m\xa1W\xbcnm\x8d2[\xc5\x11\xa6Kx\xa24\
\xc9o\x14F\x99-\xe2\x88\xb9T\xd2\x09\xfd5\xaa\xc8\
-\xc8\xa5I'\xf3\x15\xabe\x0d\xb0\x8c\xab5BP\
\x81RR*\x02\xf2cv\xab(\x94\xde\x0c\x5c\xb7d\
\xdbB\xf7\xa6\xc1|\xdb\x95Wr\xa0j\x8e\x8ec\xba\
=c2c\xba=c2c\xba=c2c\xba=\
c2c\xba=c2c\xba=c2c\xba=c\
2c\xba=`\xb4\xd5\xda\x5c\xca\x02\xc5U\xec\xbc\x97\
\xed\x9b(\x9b\xda\x9f\xbd\xfdi\xa9\x13\x09\xcdW_\xc0\
\xc1ja\x05\x0b\xea\xa6W\xb7\x8f\x9b\x0a\x15\x1eUG\
\xcf\x14\xc7!\xd2\xdd\x8b\x8d\xb5\xde.jP]%\x5c\
\xe5\xa0j\xd9\x18q7\x0c6\xa5\xab\xe1\x17k\xa9S\
*\xca\xae\xaf\x80\xbd\x98\xdd\xaa\xca%\xaeu*\xe8\xe2\
\xe5\xbb&\xda\x15\xbd6\x0b\xd3^*_\x91\x00\xbb\xca\
&\xe4\x1e\xba\xef%\xfb\x7fj&\xf6\xa7\xef\x88\xb8s\
\x9a\xb1\x9a\xb1\xaa\x0bn\x8c\x1e\xca\xbd\xe1D\xb5\xc8\xae\
\xa5W\x8f\x0e<\x83wUU\xa4\xd5\x1aC\xbc\x04i\
\x0e\xf0\x11\xa4;\xc0F\x90\xef\x01\x1aC\xbc\x04i\x0e\
\xf0\x11\xa4;\xc0F\x90\xef\x01\x1aC\xbc\x04!\xd4\xa4\
\xa9\xc4\x8c\xaa>w\xa4\xbc\xc8\xba>\xd0\xc0aE\x97\
\x96\x8e\xa0p\xc6\x94\x8e\xec~Oz?'\xbf\x1f\x93\
\xdf\x8a\x9c[IO]u\xc0\xaee5v`\xf2\x8b\
q\xcf\xde\xa8\xb8a\xb4\xa1?\x0b\xea\x8c]J\xbd\xc9\
\x8e\xa5\x0a\xe3\x95\xba.;UU\x9dX\xbb\x87\xb0\x11\
\x9a\xa1\x94A\xe5fy\xbf\xa58a\x0c\xb2*Br\
^\xad\xc2\x92\x87\x15\xad'_\x5ci\x0e\xf0\x11\xa4;\
\xc0F\x90\xef\x01\x1aC\xbc\x04i\x0e\xf0\x11\xa4;\xc0\
F\x90\xef\x01\x1aC\xbc\x04i\x0e\xf0\x10\x87R\x92\xa7\
\x122\xa8\xf9\xde)\x97\x874\xf9G6g\xf0\xfe)\
\xc3\x01\xa6F\xd3\xac\xe2n&\x10\x16\x9b#\xf0fy\
\xbf\xa90\xa2\x8a\xd6\xe1\xf6\xd5\xfe\xe6\xaf\xff\xc4\x00*\
\x10\x00\x01\x02\x04\x04\x07\x01\x01\x01\x01\x01\x00\x00\x00\x00\
\x00\x01\x00\x11!1Q\xf0\x100Aa q\x81\x91\
\xa1\xc1\xd1\xb1\xf1\xe1@\xb0\xff\xda\x00\x08\x01\x01\x00\x01\
?!\xff\x00\xd9\x95\x86\x916I\xb0\x1a\xa7\xebv\x86\
\xed\xd5\x00\x04pc\x96o\x0eE\xc2\xc1\x839'\xa8\
D\x10C\x107uu\x03\xd7F\xa6\xa3$K\x22\x0a\
X\x05J)k\x17^\xebP\xf0\xd4:\x8e\x87\x87W\
\xe7S\x83Hk\xaa\x03\x07`\xe1pk\x0dP\x11\x96\
\x14 \xd0\x8d2E\x80'!\x80\x08\x1a\x81\xf0\x03U\
\x1c\xb2\x86\xbe\xe8\x9bt&\xd8\xf0\xbdZ1$\xb0_\
\xd5\xaf\xea\xd7\xf5k\xfa\xb5\xfdZ\xfe\xad\x7fV\xbf\xab\
_\xd5\xa1wX\x83\x98\x16\xdc\x06\x9c4\xc4\xcb@\x16\
\x8e\x06\xe3\xdd\xd4\x1bN\x03\x1e\x1d\x89\x8eH\x0c@\x02\
$\x9d\x13\x9aI\x01\xf3{i\xaa\x0e\xe7\xeb)\xb6\x03\
\x96\xee;cB\x22\x8bBK\xf6\xf2i\xa1\xf2\xc4+\
\x1f.\xc1Z\x0a\xedL\xb2\xca6\x81\xa0\x12\xf1\xf0;\
an\xaf/o\x9d\xc0\x0c\x92\x0b\x11\x13\xa9\x1c\x01\x0b\
$c\x00\xfb\xba\x97\x99\x10g\xac[\xf1\x8b\x1380\
\x01\x1a\x22FBu\xf8\xc4\x0c\xcf\x03d!\xfa.\x13\
<\xa1\x00\xb9o@\x89\xe0<\x10{*\xd0b\xe7\x12\
{\xec\x0e\xa4!\x8b0A\xc1\x15\xe3\xb6\xd7\x87\x8e\xfc\
(\x1e\x96\xa9\x18\x07Gi\x08vbCws\xd7d\
[\x8e\x9c\x13$Y\xbff\x9c \x00\xa3*\x85\x83\x98\
\x9e\xdae\xdd+A]\xa9\x9b\x8e\xdd^^\xdf;\x80\
\x5c*\xe0\x0c,\xa9\x0c\x03\xed\x0a\xd4\x81\x06\xa5C\xbf\
\x08R\x04\xe4\x8b\x00\x11\xd0\x91@\x9d\xa5\x93\xb6\xe7\xd9\
\x5c\xfb+\x9fes\xec\xae}\x95\xcf\xb2\xb9\xf6W>\
\xca\xe7\xd9\x5c\xfb'\xe7S\xac\xcfs\x91\xe1\x91\xdcy\
:\xbe\xed\xf8\xe8y\x95\x87\x89m\xaf\x0f\x1d\xf8P1\
\xab\x03\x82(P[#,:\x0bT\xbdz\x148\x07\
\xaaSvry\xa3\xb4N;!\x06\x22\x1c\x0d\x04\xb6\
e\xdd+A]\xa9\x9b\x8e\xdd^^\xdf;\x80\x5c*\
\xc2\x1e\x8a\xf1\x8b&i2!\x01\xfb\xb6\x03\x87\x901\
\x80\xfd\xddK\xe0\x08\xd4\xe8w\xc4X\x86r\x18\x00\x89\
\xb0\xea\x07\xfcm\x81\x8c\xb5A4u\x93S\xc8\x7f\xcf\
\xb7\xc2\xf0\xbb(\xc2\x03\xb1G\xe3\x8d\x11\x03\xb8:\x8c\
\x01\x0f$s\x01\xfb\xba*'6\x84\xe8p\xdbk\xc3\
\xc7~\x14$\x89\x8d\x99\x84\xbc\x83\xd5\x06\x06\xd9\x8c\x00\
\xd2\x82\x07\x0af\x06\xcb\xbaV\x82\xbbS7\x1d\xba\xbc\
\xbd\xbew\x00\xb8U\x8a\x08\xcb\x0cX\xc1\x8e\xc7E\x1d\
\x8f\xca\xf6~\xf7\x01\x0f\x92X\xc6\x07\xda\x15\xab\xdb\x83\
7R\x1a\x14\x1c\x839\x0c\x00D\x88u\x02u\xf8\xb0\
\xbcu\xb8T\xec\x82\x84\x22\x8e\x22~\x86\xca\xcfG\xfc\
\xfb|\xba\xd1AK1\x18\xe6?\xc4|\xc0\xbcW/\
|\x03\x0b\x00!\xc4\x5cP\x8dP\xce(\x1c\xd1\xd5\x1f\
\x9eN6\xda\xf0\xf1\xdf\x85\x09g]+A]\xa9\x9b\
\x8e\xdd^^\xdf;\x80\x5c*\xc5\x02H*]\x90\x8e\
\x86\xe5\xfb?p\x8c\xc8w\xbaA\xd4\xa6w\xe0Lc\
K\x96\x1e\x1c\x9c*vU\xc3H\x22\x7f6\xc2\xcfG\
\x1e\xd7K\xde\xaa\xef\xf6\xae\xff\x00j\xef\xf6\xae\xff\x00\
j\xef\xf6\xae\xff\x00j\xef\xf6\x99)\xd3 \x040\xd7\
\x9c\xf2<\xba\xd3\x0c\xeaXT\xaa\x0e\x85DJr\xfd\
\x9f\xb8\x18Y\xb81\x06\xa8\x11\x98\x00\xd6}\x1cm\xb5\
\xe1\xe3\xbf\x0a\x12\xce\xbaV\x82\xbbS7\x1d\xba\xbc\xbd\
\xbew\x00\xb8U\x8a\x04\xb0\x09\x16d\x03\x03\x1d\x02L\
\xdfm\xf1\x15\x1b\x0cL,l\x87\x06`\x03wI\xc6\
\xcfG\x1e\xd9\x88\xe5\x88`\x00rU\xdf\xe9]\xfe\x95\
\xdf\xe9]\xfe\x95\xdf\xe9]\xfe\x90\xb7\x1b\xc4\x82LA\
xr\xc8\xf2\xebLe\xa5\x09\x81\xc2}\x84\x12\x07:\
\xa3\xed\x81\x12pX\xa2\x19\x981Gf\xc4\x0c\x0c\xe4\
8![k\xc3\xc7~\x14%\x9dt\xad\x05v\xa6Y\
2\x5c\x84j\xee\x1f\xce\x0e2\x16\xb4\x89/\xf8F^\
\xdf;\x80\x5c*\xc5\x02X\x82\xea\xb08\x22\x85=,\
\x18\x22\xda}\xbb\xef!v\x19\xaas\xe4\x13:X\x93\
\xaa;\xf0Y\xe8\xe3\xdb1^(\xcf\xf2\xebN\x18p\
\xfa\xd6`\xfa\xed\xda\x83\x02\x95\x18\x5c\xdd\xbf\x11t\xac\
\x13\x0f\xc3\xc7~\x14%\x9dt\xad\x05v\xa6Y\x83\x96\
\xdb\x09p\x1e]\xb0\x86\x83\xc5c\xab\xd7|\x91\x92`\
a\xa8\x9b\xc98\x00\x81H\xef>\xdc\x17\x0a\xb1@\x96\
U\x9e\x8e=\xb3\x15\xe2\x8c\xff\x00.\xb4\xe2\xbe!:\
J\x9c\x8a-4`\x18\x83\x83\x9d\x8dd\x5c\x10\xfc\xc3\
\xe1\xe3\xbf\x0a\x12\xce\xbaW\x80\xac\x93\x80\x07\xbb\x8c\x8a\
\x14(P\xa1B\x81\x0ad\xc6\xdd\x80\x9c[\xb3\xf6F\
\x9dC\x8e\xb8\x17\xfb8\x16\x83\xf0\xb4\xbb\xf4c\xcd\x0c\
\x00L\x7f\xcaV\x8f\xb5h\xfbV\x8f\xb5h\xfbP\xb3\
\x0f\x08;\x81\x08A\xfdb\xc0<\x8fxU\xf6\xa9S\
\xd9\x07\xe0\x01\x03\x00\x07\x05\xc2\xacP%\x95g\xa3\x8f\
l\xc5\xbd\x04\x99\xd8\xba\x0d\xc5\xcc\x81B\x85\x0a\x14(\
P1L\x98\xdb\xb0\x13\xc5\xe5\xd6\x9cr@\x8a\x93\x0f\
C\xf1\x05\x1b\x00\xba0\xa8\x22\x07\x1f\x1d\xf8P\x96q\
\xcd\x99\x81\xa1p=\x88\xca\x13\x11\xb4z\x1aM=\xf8\
\x22\x9f@\x00%\xa9\x0d_\xba\x22\x00A\x13\x07$|\
\x85\xa0\xba\x86\x10\xda\x1b9\xf0\xdc*\xc0F/\xach\
\x22P\x96U\x9e\x8c\x00\x87\xc1\x89G\x08@\x00\x82\x0c\
A\xca2\x02\x1a\x14\xb0\xcf\xd7\x80\x0b\xcd\x00x.\xb4\
\xc8\xd7\xa9\x11\xc9\xfb\x1b'\xeb\x14C*\x98;\xe4A\
\xb4\x00M\x09g4I\x99\x07\x9dr\xb0\xc3\x0c0\xc3\
\x0c0o\x97\x03\xc8\xec\xd0\xf0\xbb\x06\x16\xf8\xf3D\x8d\
DK\x00;\x99\xaf\xee\xfe\xa2\xec\x0d\xbc\x96\xe5\x9c\x96\
\xe5\x9c\x90V\xa1\x09\xb7\xa3-m\xd1cv\xee\x8cG\
R\xd1\xec\xb6\x88B\xdc@ \x01\x06`\xa8\xb83\x86\
rT\x13a\x85M\x96\x0a'N\x93\xa9M\x87\xd8\x99\
C\xd88_\xf3$\xeb\x05\xe0\xd4\xc7+\x0c0\xc3\x0c\
0\xc3\x06\xf9p<\x8e\xcd\x0f\x01\xa6\x1dQ2\xd0\x85\
\x0b\xad\x0e:\x9d\x96\xf3s\xcd\xa9\xc9\xd4\x94\x07\x99T\
'\x02\x03c\x18\xbfE\xb31\x03\x81A\xff\x00\xb3W\
\xff\xda\x00\x0c\x03\x01\x00\x02\x00\x03\x00\x00\x00\x10\xf3\xcf\
<\xf3\xcf<\xf3\xcf<\xf3\xcf<\xf3\xcf<\xf3\xcf<\
\xf3\xcf<\xf3\xcf<\xf3\xcf<\xf3\xcf<\xf3\xcf<\xf3\
\xcf<\xf3\xcf<\xf3\xcf<\xf3\xcf<\xf3\xcf<\xf3\xcf\
<\xf3\xcf<\xf3\xcf<\xf3\xcf<\xf3\xcf<\xf3\xcf<\
\xf3\xcf<\xf3\xcf<\xf3\xcf<\xf3\xcf<\xf3\xcf<\xf3\
\xcf<\xf3\xcf<\xf3\xcf<\xf3\xcf<\xf3\xcf<\xf3\xcf\
<\xf3\xcf<\xf3\xcf<\xf3\xcf<\xf3\xcf<\xf3\xcf<\
\xf3\xcf<\xf3\xcf<\xf3\xcf<\xf3\xcf<\xf3\xcf<\xf3\
\xcf<\xf3\xcf<\xf3\xcf<\xf3\xcf<\xf3\xcf<\xf3\xcf\
<\xf3\xcf<\xf3\xcf<\xf3\xcf<\xf3\xcf<\xf3\xcf<\
\xf3\xcf<\xf3\xcf<\xf3\xcf<\xf3\xcf<\xf3\xcf<\xf3\
\xcf<\xf3\xcf<\xf3\xcf<\xf3\xcf<\xf3\xcf<\xf3\xcf\
<\xf3\xcf<\xf3\xcf<\xf3\xcf<\xf3\xcf<\xf3\xcf<\
\xf3\xcf<\xf3\xcf<\xf3\xcf<\xf3\xcf<\xf3\xcf<\xf3\
\xcf<\xf3\xcf<\xf3\xcf<\xf3\xcf<\xf3\xcf<\xf3\xcf\
<\xf3\xcf<\xf3\xcf<\xf3\xcf<\xf3\xcf<\xf3\xcf<\
\xf3\xcf<\xf3\xcf<\xf3\xcf<\xf3\xcf<\xf3\xcf<\xf3\
\xcf<\xf3\xcf<\xf3\xcf<\xf3\xcf<\xf3\xcf<\xf3\xcf\
<\xf3\xcf<\xf3\xcf<\xf3\xcf<\xf3\xcf<\xf3\xcf<\
\xf3\xcf<\xf3\xcf<\xf3\xcf<\xf3\xcf<\xf3\xcf<\xf3\
\xcf<\xf3\xcf<\xf3\xcf<\xf3\xcf<\xf3\xcf<\xf3\xcf\
<\xf3\xcf<\xf3\xcf<\xf3\xcf<\xf3\xcf<\xf3\xcf<\
\xf3\xcf<\xf3\xcf<\xf3\xcf<\xf3\xcf<\xf3\xcf<\xf3\
\xcf<\xf3\xcf<\xf3\xcf<\xf3\xcf<\xf3\xcf<\xf3\xcf\
<\xf3\xcf<\xf3\xcf<\xf3\xcf<\xf3\xcf<\xf3\xcf<\
\xf3\xcf<\xf3\xcf<\xf3\xcf<\xf3\xcf<\xf3\xcf<\xf3\
\xcf<\xf3\xcf<\xf3\xcf<\xf3\xcf<\xf3\xcf<\xf3\xcf\
<\xf3\xcf<\xf3\xcf<\xf3\xcf<\xf3\xcf<\xf3\xcf<\
\xf3\xcf<\xf3\xcf<\xf3\xcf<\xf3\xcf<\xf3\xcf<\xf3\
\xcf<\xf3\xcf<\xf3\xcf<\xf3\xcf<\xf3\xcf<\xf3\xcf\
<\xf3\xcf<\xf3\xcf<\xf3\xcf<\xf3\xcf<\xf3\xcf<\
\xf3\xcf<\xf3\xcf<\xf3\xcf<\xf3\xcf<\xf3\xcf<\xf3\
\xcf<\xf3\xcf<\xf3\xcf<\xf3\xcf<\xf3\xcf<\xf3\xcf\
<\xf3\xcf<\xf3\xcf<\xf3\xcf<\xf3\xcf<\xf3\xcf<\
\xf3\xcf<\xf3\xcf<\xf3\xcf<\xf3\xcf<\xf3\xcf<\xf3\
\xcf<\xf3\xcf<\xf3\xcf<\xf3\xcf<\xf3\xcf<\xf3\xcf\
<\xf3\xcf<\xf3\xcf<\xf3\xcf<\xf3\xcf<\xf3\xcf<\
\xf3\xcf<\xf3\xcf<\xf3\xcf<\xf3\xcf<\xf3\xcf<\xf3\
\xcf<\xf3\xcf<\xf3\xcf<\xf3\xcf<\xf3\xcf<\xf3\xcf\
<\xf3\xcf<\xf3\xcf<\xf3\xcf<\xf3\xcf<\xf3\xcf<\
\xf3\xcf<\xf3\xcf<\xf3\xcf<\xf3\xcf<\xf3\xcf<\xf3\
\xcf<\xf3\xcf<\xf3\xcf<\xf3\xcf<\xf3\xcf<\xf3\xcf\
<\xf3\xcf<\xf3\xcf<\xf3\xcf<\xf3\xcf<\xf3\xcf<\
\xf3\xce\x18\xf3\xcf<\xf0E<\xf3\xca\x18\xf3\x81<\xf3\
\xcf(QO+4\xd3M{\xcb(\xc3\xcf<\xc3\x01\
\x1c\xf3\xcf<\xf2\x8f<\xf3\xcf<S\xcf<\xa2\x8f<\
RF<\xe1M<\xf2\xd3M4\xd7<\xf3\x8f\x1c\xf3\
\xc0\x10q\xcf<\xf3\xcf(\xf3\xcf<\xf3\xc5<\xf3\xca\
(\xf3\xc0\x00\xd1\x8f<S\xcf<\xf3\xcf8\xf3\xcf<\
\xb3\xcf<\x00\x0f<\xf3\xcf<\xf2\x8f<\xf3\xcf<S\
\xcf<\xa2\x8f<\x01B8\xd3\xc5<\xf2\x8f<\xf3\xcf\
<\xf3\xcf\x1c\xc1\xc0\x00\xf3\xcf<\xf3\xcf$\xf3\xcf<\
\xf3\x8e0\xc3\x09\x1c\xf3\xc0\x14\xf3\xcf<S\xcf(\xc3\
\xcf<\xf3\xcf<\xf3\xcf\x10\xf0\x0f<\xf3\xcf<\xa3\x0c\
0\xc2\x0f<\xc3\xcc<\xc1\xcf<C\xcf<\xf3\xc6<\
\xf2\xcc0\xc3\x0c<\xb3\x0f<\xf3\xcd<\xf3\xcf<\xf3\
\xcf<\xf3\xcf<\xf3\xcf<\xf3\xcf<\xf3\xcf<\xf3\xcf\
<\xf3\xcf<\xf3\xcf<\xf3\xcf<\xf3\xcf<\xf3\xcf<\
\xf3\xcf<\xf3\xcf<\xf3\xcf<\xf3\xcf<\xf3\xcf<\xf3\
\xcf<\xf3\xcf<\xf3\xcf<\xf3\xcf<\xf3\xcf<\xf3\xcf\
<\xf3\xcf<\xf3\xcf<\xf3\xcf<\xf3\xcf<\xf3\xcf<\
\xf3\xcf<\xf3\xcf<\xf3\xcf<\xf3\xcf<\xf3\xcf<\xf3\
\xcf<\xf3\xcf<\xf3\xcf<\xf3\xcf<\xf3\xcf<\xf3\xcf\
<\xf3\xcf<\xf3\xcf<\xf3\xcf<\xf3\xcf<\xf3\xcf<\
\xf3\xcf<\xf3\xcf<\xf3\xcf<\xf3\xcf<\xf3\xcf<\xf3\
\xcf<\xf3\xcf<\xf3\xcf<\xf3\xcf<\xf3\xcf<\xf3\xcf\
<\xf3\xcf<\xf3\xcf<\xf3\xcf<\xf3\xcf<\xf3\xcf<\
\xf3\xcf<\xf3\xcf<\xf3\xcf<\xf3\xcf<\xf3\xcf<\xf3\
\xcf<\xf3\xcf<\xf3\xcf<\xf3\xcf<\xf3\xcf<\xf3\xcf\
<\xf3\xcf<\xf3\xcf<\xf3\xcf<\xf3\xcf<\xf3\xcf<\
\xf3\xcf<\xf3\xcf<\xf3\xcf<\xf3\xcf<\xf3\xcf<\xf3\
\xcf<\xf3\xcf<\xf3\xcf<\xf3\xcf<\xf3\xcf<\xf3\xcf\
<\xf3\xcf<\xf3\xcf<\xf3\xcf<\xf3\xcf<\xf3\xcf<\
\xf3\xcf<\xf3\xcf<\xf3\xcf<\xf3\xcf<\xf3\xcf<\xf3\
\xcf<\xf3\xcf<\xf3\xcf<\xf3\xcf<\xf3\xcf<\xf3\xcf\
<\xf3\xcf<\xf3\xcf<\xf3\xcf<\xf3\xcf<\xf3\xcf<\
\xf3\xcf<\xf3\xcf<\xf3\xcf<\xf3\xcf<\xf3\xcf<\xf3\
\xcf<\xf3\xcf<\xf3\xcf<\xf3\xcf<\xf3\xcf<\xf3\xcf\
<\xf3\xcf<\xf3\xcf<\xf3\xcf<\xf3\xcf<\xf3\xcf<\
\xf3\xcf<\xf3\xcf<\xf3\xcf<\xf3\xcf<\xf3\xcf<\xf3\
\xcf<\xf3\xcf<\xf3\xcf<\xf3\xcf<\xf3\xcf<\xf3\xcf\
<\xf3\xcf<\xf3\xcf<\xf3\xcf<\xf3\xcf<\xf3\xcf<\
\xf3\xcf<\xf3\xcf<\xf3\xcf<\xf3\xcf<\xf3\xcf<\xf3\
\xcf<\xf3\xcf<\xf3\xcf<\xf3\xcf<\xf3\xcf<\xf3\xcf\
<\xf3\xcf<\xf3\xcf<\xf3\xcf<\xf3\xcf<\xf3\xcf<\
\xf3\xcf<\xf3\xcf<\xf3\xcf<\xf3\xcf<\xf3\xcf<\xf3\
\xcf<\xf3\xcf<\xf3\xcf<\xf3\xcf<\xf3\xcf<\xf3\xcf\
<\xf3\xcf<\xf3\xcf<\xf3\xcf<\xf3\xcf<\xf3\xcf<\
\xf3\xcf<\xf3\xcf<\xf3\xcf<\xf3\xcf<\xf3\xcf<\xf3\
\xcf<\xf3\xcf<\xf3\xcf<\xf3\xcf<\xf3\xcf<\xf3\xcf\
<\xf3\xcf<\xf3\xcf<\xf3\xcf<\xf3\xcf<\xf3\xcf<\
\xf3\xcf<\xf3\xcf<\xf3\xcf<\xf3\xcf<\xf3\xcf<\xf3\
\xcf<\xf3\xcf<\xf3\xcf<\xf3\xcf<\xf3\xcf<\xf3\xcf\
<\xf3\xcf<\xf3\xcf<\xf3\xcf<\xf3\xcf<\xf3\xcf<\
\xf3\xcf<\xf3\xcf<\xf3\xcf<\xf3\xcf<\xf3\xcf<\xf3\
\xcf<\xf3\xcf<\xf3\xcf<\xf3\xcf<\xf3\xcf<\xf3\xcf\
<\xf3\xcf<\xf3\xcf<\xf3\xcf<\xf3\xcf<\xf3\xcf<\
\xf3\xcf<\xf3\xcf<\xf3\xcf<\xf3\xcf<\xf3\xcf<\xf3\
\xcf<\xf3\xcf<\xf3\xcf<\xf3\xcf<\xf3\xcf<\xf3\xcf\
<\xff\xc4\x00!\x11\x00\x02\x02\x02\x01\x04\x03\x00\x00\x00\
\x00\x00\x00\x00\x00\x00\x00\x01\x11\xd1\xf0\xf1!PQa\
q\x90\xa0\xc1\xff\xda\x00\x08\x01\x03\x01\x01?\x10\xf9\xb3\
H\xb49s\xea,\xc0\x95\x18\x12\xa3\x02T`J\x8e\
 \x0d\xa5\x10\xbf:LTP\xee\x935J\x8dR\xa3\
T\xa8\xd5*#\x09?\x09}\x17\xbf\xff\xc4\x00\x1f\x11\
\x00\x02\x02\x02\x01\x05\x00\x00\x00\x00\x00\x00\x00\x00\x00\x00\
\x00\x01\x11a\x91\xf0q!1P\x90\xa0\xff\xda\x00\x08\
\x01\x02\x01\x01?\x10\xf7f\xd0\xea\x885\xc9\xaeMr\
k\x92@\x94B\xf1=\xfa\x5c2\xdeYo,\xb7\x96\
[\xcb\x11\xc3\x1a\xe5\xfc/\x7f\xff\xc4\x00*\x10\x01\x00\
\x01\x03\x02\x06\x02\x03\x01\x00\x03\x01\x00\x00\x00\x00\x01\x11\
\x00!1AQ\x100aq\xc1\xf0 \x81@\x91\xb1\
\xa1\xb0\xd1\xf1\xe1\xff\xda\x00\x08\x01\x01\x00\x01?\x10\xff\
\x00\x99\x94\xf9\xc8\xbd\x18\x84n\x86\x19HX\xc8\xd1\x0b\
\x051\x98\xcb6\x13\x96d4h\x94\x08\x09\x84yj\
H\x8c#\xf4\xa2\xc1\xac\xf4jF\xe0t;\x5c\x8f\xd5\
\x0bY!(\xd9z\x88\x9c\x93z\x8c$l\xc5|\xb6\
5\x87f\xb0\xdf\x8d\xe5.I\xbcM\xb1R\x90G\xa6\
Y\xa1z\x82=O\x82\xc14\xcdyB\xe1(\x9b0\
\x954J1\xd3\xa1\xaf\x89\x22\xc3t\xc7Zt\xc2\xab\
Ag!ty,\xef\xe4\x80\x12\xaa\xe0\xa3\xc4\x1b\xac\
\x14=\x00Z\xf1~\xd4\x8f\xf5\xb0\x5cJ\x92uDC\
[\xe5a\xa0\x9b\x9a&\x13DO\x8a1n\xfeE\x18\
\x89\x9c\x17\xc5{g\x8a\xf6\xcf\x15\xed\x9e+\xdb<W\
\xb6x\xafl\xf1^\xd9\xe2\xbd\xb3\xc5{g\x8a}\x06\
@\x9d@\xbf\xef?\x00\xe0\xa0\x0c\xa7\x0bu\xa4\xc0\xe2\
t-y\x82\x7fT\x17\x88\xc5h\x0b\xdd\x96\x18\xc14\
\x22[\x90V\xd5B\x00e]\x0as\xbe\xa4;E\xc2\
\x12n\xb2LP\xb3(\x12\x5c\xaa5\xc4E\xd1\x87\x84\
(\x84\xd3\x16\xc9\xd0\xa8oy\xa8-\xe7\xb9I \x81\
\x01l\xbaR\x90\xf1\xa2!\x93Pd\x93S\x98\xc7/\
\xa7\xf9^\xcbg-xV\xed\x8d\x03t7\xb3\xf0n\
\x00,\xe7\x94\x01\x84sV\x5c-\xfa\x90\xad\xab\xb0\xd3\
GRGkEbD\x1d\x04\x9d\xc4I\x11~Hd\
\xe0\x02%U\xb0\x05\xe6\xa1vk\xc09\x19\x06\x8b9\
t\x06\xf9\xe01C\xa0,\xc5\xd6\xe2z\xfcsw\xe5\
A\xd9Q!rO\xa0_\x84\x18\xbc\xd8&2\xde\x1b\
\xf0\x14d\xcd5\x1c(\xd0\x0c\x00\xa6-\x02\x8e\xe3a\
27\x92$\x09dNG\x17\x87\x80\xdcR\x05=@\
\xa5\xe0u\xa6\x10\x17\x8a%\x9b\xc1e\xa8\xc0\xd1N\xc8\
\x12!7 \x80\x04\x8b!\x14Z\xa6`\x88\x08r\x01\
18.\xe6i\xcb\xe9\xfeW\xb2\xd9\xf9\xa7\xee\x00=\
y\xcf\x16\x05\x02<_\xe0\x97b\x5c\x8a#\xc8p\x96\
\xd7\x9e\x83\xff\x00\xa4\x8c\xfc^&\x0d\x01uW\x01V\
\xf5k\x90\x1b.\xc1\xb9\xab.\x81\xc8\xa4\xb3\x85n\x92\
\xb7I[\xa4\xad\xd2V\xe9+t\x95\xbaJ\xdd%n\
\x92\xb3\xceO\x9b\xe1\xb5\xa4X\xb1i\x8eB:\xed\x12\
\x05\x99)\x82TJ\xcaZI\xa2\xe1\xb5\xb4w26\
Dn#\xf3\xe2\xf0\xf0\x89\x92\x19b\x10l\x88\xa25\
\x00\x16\xb4)\x00\xc3Q7\x08-\xa1\xde\xe5\xd0\xa9\x19\
\xcc\x01\x04I\x1bSsr\xd2z\x9d\x0b.Q \xd5\
\xcc\xd3\x97\xd3\xfc\xafe\xb3\xf3O\xdc\x00z\xf3\x9a\xde\
\xc5\xf86w\xa5n\x9d\x08\xf1\xc6\xba;'\x06@\xd2\
\x11\xe3\x8d4v\xa3Ex\xec\x5c\x9e\x83\xfd\xc9g\x8a\
9\xb9\x00\x89Up\x06\xb5\x18:\x0c\xa4\xd5\xdbn\xac\
\xbbp2\x03\x1a\xeb\xc0\x17V\xc1v\xa5\x0e\xe0\xb0\x90\
\x1d\x81\x89\xd76\xc7\xe3\xd2D\x0d\xb5R\x89\x94\xb5\x80\
\x9dH\x1e\x94\xfb\x99\x06\x84cA\xd4-\xc1\xeb\xc4\x82\
\x1fGa\xa6\x8e\xd2S\xd8\x10\xd9n'cxp\xc3\
\xdb\xe5\xc5\xe1\xe3\x07j\xb0\x10\x19\x84\x847\x22V\xb9\
|V\x0eh6D\x15\xaccj;t\x07\x94\x01.\
\xec\x05\xdb\xf34\xe5\xf4\xff\x00+\xd9l\xfc\xd3\xf7\x00\
\x1e\xbc\xe6\xbd\xee\xf4\xbd\x0eYA\x84\x11ZH\x8c)\
\xad_\x0a\xe6.\xb3j\xc10\xe0\x12c\x80\xb1\xf0C\
\xb6.\xc2\xfb\x0e\xe2\x8e/B\xc8=\x88\x9e\xcc\x88\xa2\
+\x8f\xb1\x00\x89Ul\x01y\xa8\x1f\xcc$\x07-@\
\xe3V[\xc1\xc1(\x85*\xd8\xf9}\x04\xdd\xec\x12\xa0\
\xc6\xe4\x8d\x91\xe3\xe8\x944\x0b\x95W\xf24RF\xe5\
\xca\x22m\xb2n:\xe0\x9b0\x92\x01\x15 \xd4H0\
\x98D\x12\xce\x11j\x03\x14@!t\x085\x84n\x0e\
\x95\x88{\xf6bPY@T\xbb\x04m\x1f\x13\x8b\xc3\
\xc6\x0e\xdc\xfd9}?\xca\xf6[?4\xfd\xc0\x07\xaf\
9\xaf{\xbd`\xedQ\x1eoY4MDa\x12\xe2\
\x09M\xa5l\xa5\xfb\x0b\x07|dj\x14b\x10\xa5@\
\x09q\x0d\x80rL\x88\xd3=D\x179I\xa5\xc1\xae\
]\x02\x9c;%[k\x1fA\xbf\x9a\x0a\x01H!4\
\xe8e\x8f\xb6U\xe4h\xa4\xd0\x04\xca\xf2 \x81\x02\x04\
\x08\x10!\x99\x16\x8eaQm\xc6YL\xac\xdb\x92\x8d\
\xc2O~\x16>4\xc4\xb7\xea\x8c\x8a,\x0d\x1c\x85\xde\
z\x03|\x0b\x9a\x85\x11\x91\xae\x09\x90&\x11\xa3\xe0U\
`y\x13\x0fh0\xde\x22\xc5\x0c\xe3\x8f\x17\x87\x8c\x1d\
\xb9\xfar\xfa\x7f\x95\xec\xb6~i\xfb\x80\x0f^s^\
\xf7z\xc1\xdb\x84\x0e\x07VO\x09\x91.5\x0c>\x0c\
V\xc0GS\x8d\xd6o\x13\xc2\xcf\xdf:\x91\x97u\x86\
2^\x82\x8b\x12\x17K\x93\xd5]m\x83\xeb\x93\xa2\x93\
_\xefh\x81Q\xf2\x16\x00\x0c\xb3I0\xcf\xf2\x02\x04\
\x08\x10\x22\x1a\x88CKj@\xc02\xdf\x11~R7\
\x01v\xc0i\xdci\x01\xda\xe4qD.\xc0SDC\
\xa2\xd0\x97\x03\x220\x8d(Q!,\xcd\xa1U\xa2\x12\
6mp\x8d\x98\x82D\x88\x96D\xbc\xf0\xe2\xf0\xf1\x83\
\xb7?N_O\xf2\xbd\x96\xceZ\x89\x00\x96\x0aF\xd1\
\x09\x05\xf4qi\xab\x9f\x83\x85\x86N\xb7\x16\xdf\xf0\x00\
\x1e\xbc\xe6\xbd\xee\xf5\x83\xb7\x15\xe0\xd1\xcb\x10\x83dK\
EH\xd1\xc3a\x12\xea\xb0\xc3\xedt4.Z\x22\x82\
a\x13\x0b#rR`\xb9\xa1<\x93\x0a\xef\xaa\x8e\xc1\
\x01\x00\x1c\xad\x14\x9a\xff\x00{\xc1q\x8f\xc2F\xe2N\
jd\xa3%\xb8%!\x0a%\xc6\x22$%\x08\x8c$\
<\x01I&\xa2\x8b2\xb9\x88\x96K7\x89,\xc9\xeb\
s\x09\x0fn\xcd\xe9\xe1\xe3\x07n~\x9c\xbe\x9f\xe5{\
-\x9c\xb7V\xd2\x00\xfe\xe0_\xb7\x0d\xcc\x0ba\x82\xce\
 \x8eM\x11\xaf\x1c\x5cJe\x9cWR(\xbbNH\
E\x11\x00\xa7p'\xd7\xc6\xf3\x9a\xf7\xbb\xd6\x0e\xdf\x04\
\x9c\xd0\x07/E&\xbf\xde\xf0\x5cc\xf1\x11\xb8W\xe3\
\x8a.05s8\x5c\xc4\xcd&\xe1\xc4\x09\x84G\x09\
\xc2\x7f\x87V\xde\xf4\xdc\x0f\xd3n>0v\xe7\xe9\x18\
h\x81\xd6\x08K\x08\x96\xe01\x16\xc5\xf3\xc8\xff\x00\xff\
\x00\xff\x00\xff\x00\xff\x00\xff\x00\x9c54\x04\x98@(\
\x12\x96b\xe4\x83\x1c\x19qQLI\xba\x90\xb9#b\
\xed)!\xaf\xecI\xc2&\x11,\x8d\x92\x96T\x11Y\
\x01{[,\x85\x85\xa6\x86\xe2\x019bl\x14\x9dI\
>4\xa9R\xa5lH\x94-\xef\x0bbd\xabV\xfd\
\xed(\xc2\xb7H\x86\xc9-\x86\x12\xad*ce\xb9\xb8\
\x93\x01bo\x11Qx\xf9@\x00\x0d\x08>7\x9c\xd7\
\xbd\xde\xb0v\xfc\x0d\x14\x9a\xff\x00{_\xa8y\x1e\x13\
\x0cLD\xc5G\xc4\x85\xc1\xc1\xef\xc8\xff\x00\xff\x00\xff\
\x00\xff\x00\xff\x00\xff\x00\xc6\x1a\x9a\x02L \x14\x09K\
1rA\x8eb7\x112\x1bmK7S\xad\xd4\xc9\
7\x15\xaf%@\xac \x86I\x14\x912?\x0f\x18;\
s\x8dt\x11\x85wl\xa0\xe8\x9c\xa2`\xa2\x98\x5ct\
h\xcd\xa8\xe2\x14H\x00rD\x88AST\xb7\x9b8\
v\x80B=NN\xa7\x1a\xa8\xef\xa1\xf7P\xb2\x16D\
\xa2\xfd\xad\xddF\xc0|\x8f9\xa0B\xce`A\xa9\xfa\
\xd2\x84\x03\xa73B\xf0\x07\x09\x12C'\xd8\xfe\xbe\x0d\
6\xc6\x00\x84G\x09\xcaS\xb8\x22-M\xc5\x98M\xca\
8\xb8i\x05b\xc4\xd9\xca\xb8^\xf2F\xad\x92-$\
^W\xb3d\x11:)\x133\x0e\xbb\x99\x1f\xa7\x86\x85\
\xb7\xa6RWB\xb0v\xe7\x08\x22\x93\x0b\xa5\xba4\x9a\
\xf5\xff\x00\x15\xeb\xfe+\xd7\xfcW\xaf\xf8\xaf_\xf1^\
\xbf\xe2\xbd\x7f\xc5z\xff\x00\x8a\xf5\xff\x00\x15k\x93\x8c\
\xe9c\xb1\x18\x9b|\x12Hib\xaaV\x1e\x83U\xd5\
\x96\x16\xacl\x05\x87\x1dA2\xfd\xd5\xdd\x0a\xc3B\x89\
\xb32k\xff\x00\xb0\xaf\xfe\xc2\xa9\xeb\x8c\x91e\xb0L\
\xb0f\xaf\xcf\x14Kr\xf10\x98\xa7\x00\xa3\x14Y\x99\
\xc2\xf3l\xedD\x87t\xb2\xba\xdd\xcbu\xce\xff\x00\x22\
\xc0\xd0\x09\x13Q*L\x12\xae\x1b\x0c\x84s-\xf7\x22\
\x97\xb4\x80\x22\xd2#7\xdd\xbc[\x96\xe8a\x8c\x9bX\
\x5c\x89\x91\xb7\xea\x88K\xaa0JH\x95$D\xd6e\
\xff\x00\xe5\xca\xaa\xb9UU\xdd~!K\x9a\xc1BN\
\xd2]\xbdz\xff\x00\x8a\xf5\xff\x00\x15\xeb\xfe+\xd7\xfc\
W\xaf\xf8\xaf_\xf1^\xbf\xe2\xbd\x7f\xc5z\xff\x00\x8a\
\xb5\xc9\xc6\x9a\xc6;\x11\x89\xb7\xc0\x9f\x18\x89\x01\xca\xdc\
je\x874\xe1k\x11\xbb1m\xa6\xa0\x14X2\xce\
\xed\xfc0\x169*\x0f\x16\x1c@I\x0b\x8c9\xa2M\
\xb9\x0c\xc9\x98PDG\xdc\xd4\xc5V\x1e\xc1k\x06\xf1\
\x9f\xf9\x9a\xbf\xff\xd9\
\x00\x00\x035\
\x00\
\x00\x0c\x99x\xda\xd5WM\x8f\xdbF\x0c\xbd\x07\xe8\x7f\
 \x94\xab4\x1e\xce\xf7(v\x81\x16-\xd0Cr+\
z\xc8%Pl\xc5RcK\xaa\xa4\xb5w\xfb\xeb\xc3\
\x91\xbc\xb6\x95\x8d7\x9b\xecn\x80\xc8\x07\x93\x14\x873\
\xef\x91C\xda\xf3n\xb7\x86\xeb\xed\xa6\xea\x16Q\xd1\xf7\
M:\x9b\xed\xf7{\xb6\x97\xacn\xd73\xc19\x9f\x91\
G4\xba\xa4$\xde\xef\xb6/W}\xb1\x88\x94\x8b\xa0\
\xc8\xcbu\xd1\x8f\xf2\xae\xcc\xf7\xbf\xd7\xd7\x8b\x88\x03\x07\
\xe5`\xb0\xe5mW\xd6\xd5\x22B\x86\x11\x94\xabED\
\x11p\xd8)\xed\x9al\x99/\xa2\xa6\xcd\xbb\xbc\xdd\xe5\
\x11\xbc{\xb7l\x1ar\x8d~\xfd\xe5\x05\xc0|\x95\x7f\
\xe8\x86%A\xc0\xf3\xd7\xf3Y0\x8d^\xeb\xc1\xe5\x8f\
\xac\xfd\xf8w\x91o\xf3?\xab\xec\xfd&_\xbd\xcen\
\xf26\x82\xae\xbf\xd9\xd0\x16\xab\xb2k6\xd9MZV\
\x9b\xb2\xba\xb3\x11\x05i\xb2\xbe\x18\xe2\x04\xc1_X\xf7\
\xeaC\xb9\xd9\xa4UMR\xd7\xb7\xf5\xc7<}\xc9\x87\
\xe7\xa0&\x03/\xa9\xb8U\xc3\x9ae\xd6\xa4m}U\
\xadn\x8d\xab\xac+\xb2\xb6\xa5\xa0C\xa0&+\xab>\
\xa9\xdbU\xde\xa6!<l\x09\x08q\x06\xa3{\x04t\
\xa6-H\xc1\x86\x8dD\x8c\x8ay/\xad\x82%\x90d\
\x15\xe7.\xe6\xe0\xe9\xb5\x11\xd2\xc5\x8aq)\x84<\x19\
n\x05\xd8QN\x96\xc0cdF!\x1a\x07\x09gJ\
\x19%L,\x99@+\xb5\x85\x04\x99\xd0B\x08Mq\
\xb4\xc3\x10(xY\xab(\x12g\x8e;\xeeU\xf0\xe2\
\x0e\xb9\xb4\x14K+4\x1a\x83\xc9za\x9c\x8f\x05C\
K\xe7\x9c&+\x90\xfaE\xa6\xe5\xe3\x98F\xe6\x9d\xd5\
w\xf8\xee\xfe\xbb\xca\xda\x87Q\xfb\x06\x88\xd0\x03\xb5R\
\x8e\x5c\x19\xf8\xed\x0b\xfc\x85\x9aF\x18\xd97\x92\x80J\
\x12\xe9q\x17}O\x91\x0fI3\x0fdE?q\xfd\
\xbd\xbf\xea\xfbs\xdb\xbfuY\xa5\xdb\xb2\xcf\xdb\x0bE\
y\xb0\xd6t?\xcb\xfe&\xc5C\x15\xa2\x22\xd4`F\
T\x18c\x9e|\x0d\xd1=0^z\x17>G$\x13\
\xf5y\x91\x8cIGe\xb8\x8e\x85\x86\xbf@\x88\xe8H\
\xbeJ\xe4\xf7\x83zdoxLr\x84a\xce9o\
L\x8c\x1a\x0a\xd0t\xb9\xbd\xb7\xf6\x1c\x98M\xfcO\x09\
\x8d\xb2\xe5\xb4E%\xe9\x8a\x124\xc5\xc4\xa0N\xa1\xf1\
\xe7\x846\x94<>s\xee\x9c'\x80b\xec*\x9ep\
\x1a\x86\xf4p\xf3Y\x0a\x13|\x18\xd2\xf1\x96M\xe0L\
\x0eqh\xa1\xcd\xf5\xb7_\xb2;\xe7wL\x0a\xc7M\
,\x02S^\xa9a\xd2p\x90\xccX\xf4*\xa6!B\
f}\xd4\x83\xea<\xfc\x03B\xc1f\x18\x1e\x9c \xcb\
\xd1\xcfi\xf8\xff\x04\xf9\x09:LPNG\xbeL\x05\
\x1f\xa9\xb7O\xc1\x88\xe4Lx\x22\xde\x8es\x02\x15\xa1\
\x1f9\x99\x82\xa5D\x1f\x0d\x07\xf0;\xb2\x18Z\xa1\xc3\
\x0ar\xd24`\xad\x08\xee\x9af\xdd8lQ\x061\
\x1e$\xed\x14\x9es\x18V{\xaf\xa7,&\xee[\x8a\
f\xda\x9a\x9f\xabhDL\xe9/\x80p9\xc1%R\
%\x84\xea\x91>\x9064ex{B`\x1fQ\x07\
?\xe6\x0e\xf0\xb1\xfaC\xa3\xb8\x0f\x15\x9f\xa0J\xc4\x8f\
\xec\xc8O5>\x0f?\x01\xb8\x8a\x8f\x12(\x11\xab\xb3\
1\x8a\x97F\xcd|\xb6\xa6\xefy\xf8#A\xdf\x9f\x00\
\xdcX\xdd\xaf\
\x00\x00\x02\x1b\
\x00\
\x00\x08\xb6x\xda\xd5V]o\xdb \x14}\x9f\xb4\xff\
pE_6)\xfe\x00;\xfe`\xf1\xa4M\x9b\xd4\x87\
\xeem\xef\x15\x8dIL\xeb\xaf\x01\x8d\x9b\x7f?\xc0I\
\x96\xa4\xf2Z\xa9R\xa5\xe0\x07.\xd7\x87\x83\xcf\xb9`\
{\xa16kxj\xeaV\x15\xa8\xd2\xba\xa7A0\x0c\
\x83?D~'\xd7\x01\x09\xc300\x084B\xa8\x09\
\xff\x0f\x1bD\xa9\xab\x02\xc5\x19\x82\x8a\x8bu\xa5\xc7x\
#\xf8\xf0\xbd{*P\x08!\xc4\x19\xb8\x1c\x97Jt\
m\x81\xb0\x8f\x11\x88\xb2@\x86\x01\xbb\x95\xa8\xea\xd9\x92\
\x17\xa8\x97\x5cq\xb9\xe1\x08no\x97}o\xa0\xe8\xeb\
\xc7\x0f\x00\x8b\x92\xaf\x94\x9bb\x03||{\x11\xd8\xd4\
\x88Z;\xc8\x0f&\x1f~W\xbc\xe1?[vW\xf3\
\xf2\x86m\xb9D\xa0\xf4\xb66K\x94B\xf55\xdbR\
\xd1\xd6\xa2}\xb6\xd0\x81\xc4>\x98\x96\xacU\xabN6\
\x05ra\xcd4\xff\xe4a?\xb4\x8d\xcc\xbc\xd0\xcfm\
\xfb\xfc\x9c\xc4\xd0\xf4LW\x8e\xc9\x06db\xf9/+\
Q\xd7\xb4\xedL\xa4\xb4\xec\x1e8\xbd\xc2\xc4^\xbb\xa1\
\xe7\xec\xa5\x87\xa1\x9d\xb3d=U\x7f\x1e\x99\xdc\xcf\xf1\
J\xa6*&\xa5auL=\x13\xad\xf6:YrI\
-?4\xc6\x10\xe3=\x8cp\x04\xe6\xa1\x1a\x88\xe2\xbd\
\x0e<7:\xa24\x06\x06\xb9\xc9%$\xcaf\xfb\x00\
l\xfd\xf0y>\x86\x8dIO\xc3\xbds\xfci\xc1\xac\
#\x13FEo3\x0a\xfby\x96\xce\xa7\xecz\x8d1\
\xbf\x00'{c\x9cEV\xed\xb7I\xa5\x89\xb3.\x89\
gd>\x89\xf9G\xb8s:y\xd1\x8e\xd7z\xe0x\
\xc3\x176\xcb\xdd\xa3\xd6\xc7\xb9\xfbN\xb4\xb4\x11\x9a\xcb\
\x89\x0d\xb4\xcbv\xe6L\x0a\xbd\xa5\xf8\xc8\x98(Iq\
>3\x96\x5c\x9b\x0d\x84\x0ee\x8b\xdf\xa2\xe8*\xcf\xec\
u\x10u2|GQ\xa68Y<\xc7\xe7\xd2\xbc\xe8\
b\xcb\xe56\xdb\xd1\x01\xbf\x06B\x8e\x95\xa5\x97\xa8\xac\
\x01\x92\xcdp\x02\x15\xa4\xbbsv\x22\xc9\xcb/S\x14\
N\xcd\xfb\xc6\x88\x9a\x9f\xaa\x09/\xb6D\xa3\x1a?\xc4\
$\x22\xc9Y\x89<<)k\x11\xac\xc7\x8f\xb9\xeb\x17\
\xf6/\xc3\xf4\x7f\x01\xca\xe1\xbad\
\x00\x00\x034\
\x89\
PNG\x0d\x0a\x1a\x0a\x00\x00\x00\x0dIHDR\x00\
\x00\x00d\x00\x00\x00d\x08\x06\x00\x00\x00p\xe2\x95T\
\x00\x00\x00\x09pHYs\x00\x00\x0b\x13\x00\x00\x0b\x13\
\x01\x00\x9a\x9c\x18\x00\x00\x02\xe6IDATx\x9c\xed\
\x9cKn\xd4@\x14E\xef\x04o\x01\x01\xe9\xfd\x10\xb1\
\x91Ddq\x91\xf8H0\x07\x22H\x18\x22\xc6$+\
 \x991(d\xc9L\xac\x0e\xdd\xd5U~u\x5c}\
\x8fT\x93\xb4\x5c\xb9\xaf\x8e\x7f\xed\xb6\x9ed\x8c1\xc6\
\x18c\x8c1\x5c\x06I\x17\x92\xae$=HJG4\
\xfeH\xfa(\xe9\xa9 <\x97\xf4\x1d\xb00\xa9\xf1\xf8\
A\x902\x1e\x19\x96!\x8e\x94\x0b\xc0\x9e\x99`\xa3\xa9\
\x94\xabY\x98\xb7\x92^dl?/f-$\xaa\x94\
\xfbY\x90\x93\xcc\xed{\x11\xf2\x86\x22\xa5tA{\x11\
2H\xba\xdc\xf2\xf7\x9f\xd3MO\xb3`\xd1\xdb\xb7b\
[n\x84\x94\xb5\x0by%\xe9\xee?\xd7\x82[I\xa7\
\x19\xb9\x87\xd6\xa7\xaf\xb5\x0b\xb9\xdd\xe3\x02\xfd+3w\
S)k\x17\x92\xf6\x1c\xb9\xb9\x9b\x9d\xbe,D\x8f\xee\
HM\xa4\xf4&\xe4\x1f\xa5GH3)\x16\xa2\x9d;\
R\xa8\x14\x0b\xd1^Gv\x98\x14\x0b\xd1\xde\xa7\xda\x10\
)\x16\xa2\xack\xdf\xe2R,D\xd97#\x8f}O\
\xf9`!Z\xfc.+G\xca\xf8\xcbc1>Bt\
\xf0\xed\xfa\xb0\xc4m\xbf\x85\xa8h!-\x04r\xca\xaa\
=O\xb7\xdf\xd4S\xa5gY\x87\xfe\xffb,D\x16\
B\x7f\xfc\x9e\x83\x8f\x90\x19\xa7;\xa4\x8c2^\xce7\
\xb2\x10\x1e\xc9G\x08\x8bn\x85\xfc.|\x8d\xa8\x05\x9b\
Y\xe6\xb1\x86n\x84\xcc_\xb4{\x07\x97\xb2\x91\xf4~\
\x96\xf9sOB^g|\x17H\xd0q\xd6p\xfd\xaa\
O8>\xcf\xb9\x01,j:p|\x95\xf4\xa4\xe1\xfa\
-2\xe13I\xd7\x80\xc5M\x99\xe3\xdb\x94\xbd\xf5\xfa\
-2\xe1\xb8\x97\x9dK\xfa\xb4\xe5}a\xd2\xb8\x9f2\
\x9e\x15\x1e\x19\xb5\xd7o\xb9\x09\x8f\x8cd!,,\x04\
\x86\x85\xc0\xb0\x10\x18\x16\x02\xc3B`X\x08\x0c\x0b\x81\
a!0\xb0B\xd6\xd6+\xe5A\xd2\x97\xe9i\xf5\x00\
X\xbf\xaa\x13\xae\xbdW\xcaM\xc1CF\x9c\x90^z\
\xa5\x5c\x1f\xf8\xb0\x11'\xa4\xa7^)\xe7\x0d\xd6\xaf\xfa\
\x84\xa5\xbdRZq2\xfd\xdc\x5c\xfaS.NHi\
\xaf\x94\xb5\xbf\xec\x80\x13R=P0\xb8\xfaq\x81\x82\
\xc1\xd5\x8f\x0b\x14\x0c\xae~\x5c\xa0`p\xf5\xe3\x02\x05\
\x83\xab\x1f\x17(\x18\x5c\xfd\xb8@\xc1\xe0\xea\xc7\x05\x0a\
\x06W?.P0\xb8\xfaq\x81\x82\xc1\xd5\x8f\x0b\x14\
\x0c\xae~\x5c\xa0`p\xf5\xe3\x02\x05\x83\xab\x1f\x17(\
\x18\x5c\xfd\xb8@\xc1\xe0\xea\xc7\x05\x0a\x06W?.P\
0\xb8\xfaq\x81\x82\xc1\xd5\x8f\x0b\x14\x0c\xae~\x5c\xa0\
`p\xf5\xe3\x02\x05\x83\xab\x1f\x17(\x18\x5c\xfd\xbb&\
,\xfd\x9cN\xa2\xd5\x8f\x0b\x14\x0c\xae~\x5c\xa0`p\
\xf5\xe3\x02\x05\x83\xab\x1fwQ\x0b\x06W?.P0\
\xb8\xfaK;\xc2\x1d\xb3\x90M\xc5\xcet\xd5:\xc2\x1d\
\xab\x90M\xe5\xcet]u\x84K\x1dt\xa6\xeb\xa6#\
\x5c\xea\xa43]\x17\x1d\xe1RG\x9d\xe9V\xdb\x11.\
u\xda\x99\xce\x18c\x8c1\xc6\x18c\xb4\x04\x7f\x01\xa4\
\x02\xc3X7B2\x88\x00\x00\x00\x00IEND\xae\
B`\x82\
\x00\x00_\xcf\
\x89\
PNG\x0d\x0a\x1a\x0a\x00\x00\x00\x0dIHDR\x00\
\x00\x02\x00\x00\x00\x02\x00\x08\x06\x00\x00\x00\xf4x\xd4\xfa\
\x00\x00\x00\x09pHYs\x00\x00\x07a\x00\x00\x07a\
\x01\x95\xc3\xb8\xb6\x00\x00\x00\x19tEXtSof\
tware\x00www.inksca\
pe.org\x9b\xee<\x1a\x00\x00 \x00ID\
ATx\x9c\xec\xddit\x5c\xd7u'\xfa\xff\xbe5\
\xa1\x06\xcc\xe0<O\x00%R\x13)\x8a\x03$\x92\x96\
dk\xb6\x9c\xacHmK\xa2\xdb/\xbd\xda\xe9\xee\x97\
\xe4e\xbd\xac\xd7n\xa7\xbb_\xf3\xc5I\xc7\xe9x\x92\
\xda\xb1#\xdbi[\xa4<\x91\x16eY\xb6\xd5\xb1&\
\x12\x128\x88\x12g\x12\xe0 \x12\xe0\x88\xa9\x06\x00\x05\
\xd4t\xef\xd9\xef\x03A\x99\xa4Hb\xaa\xaas\xeb\xde\
\xfd\xfb`k\x11\xc0\xbd\x7f\x12@\x9d]\xe7\x9es6\
 \x84\x10B\x08!\x84\x10B\x08!\x84\x10B\x08!\
\x84\x10B\x08!\x84\x10B\x08!\x84\x10B\x08!\x84\
\x10B\x08!\x84\x10B\x08!\x84\x10B\x08!\x84\x10\
B\x08!\x84\x10B\x08!\x84\x10B\x08!\x84\x10B\
\x08!\x84\x10B\x08!\x84\x10B\x08!\x84\x10B\x08\
!\x84\x10B\x08!\x84\x10B\x08!\x84\x10B\x08!\
\x84\x10B\x08!\x84\x10B\x08!\x84\x10B\x08!\x84\
\x10B\x08!\x84\x10B\x08!\x84\x10B\x08!\x84\x10\
B\x08!\x84\x10B\x08!\x84\x10B\x08!\x84\x10B\
\x08!\x84\x10B\x08!\x84\x10B\x08!\x84\x10B\x08\
!\x84\x10B\x08!\x84\x10B\x08!\x84\x10B\x08!\
\x84\x10B\x08!\x84\x10B\x08!\x84\x10B\x08!\x84\
\x10B\x08!\x84\x10B\x08!\x84\x10B\x08!\x84\x10\
B\x08!\x84\x10B\x08!\x84\x10B\x08!\x84\x10B\
\x08!\x84\x10B\x08!\x84\x10B\x08!\x84\x10B\x08\
!\x84\x10B\x08!\x84\x10B\x08!\x84\x10B\x08!\
\x84\x10B\x08!\x84\x10B\x08!\x84\x10B\x08!\x84\
\x10B\x08!\x84\x10\xa5\x8dt\x07\x10B\x8c\xdc\xa6\xc3\
k#I+<\x91rj\xa2\xe1\xa1:bU\xa7@\
\x13A\x98h0\xca\x19T\x0dp\x98\x80\x10\x13\xca\xc1\
\xa8\x04\x10\x02\x10\xbct\x0d\x02\x0c\x06*\x0d0\x9e\x99\
\xf8\xfa\xa5?\xec\x05C]v\xab\x14\x80A\x00\xbd \
\xf4\x03\x18\x000\x08\x858\x0c\xea\x07\xabN0u\x03\
\xe8\x01\x8c\x1e\xf8r] t\xd1D$\x8b\xf5o!\
\x84\x18\x1f\xaf\xee\x00B\x88\xdf\xdb\xb0\xffS\x13\xc1F\
=\x941\x07\xc43\x15a\xba\xc14\x83\xc1\xb3\x08\x98\
\x91\xca\xa2\xd2\x03\x05\x18\x00\x98\xc1\xa0\x8bU<\x03\x8c\
\xa1\xff\xb8\xf4\xbf|\xed{\x5c\xf3\x8f/\x16\x0a\x97\xab\
\xbe\xe6\x17\xd0\xc5\xfb\x02t\xd9\xdb\x07\x05\x98\x9e\x8b\x9f\
z\x1e\xbdP|\x06\x06\xb5\x038\x03\xf0\x19\x80\xce\x00\
t\x0a\x86y\x8c&\xa3k\xa4\xff\x16B\x88\xc2\x92\x02\
@\x88\x22{\xfb\xed\xb5\xde35\xe1\x85\xb0\xac\xc5L\
h\x00\xa8\x9e\x80\x05\x00\xeaY\x0d\x0d\xc4\xc4\x1f\xfd\x1f\
_1\xb4\xdb\x1c\xa3\x12D\x95`,\xbe\xf8\x07\xf4\xd1\
\x07`y\xc0\xe7\x90\x00\xe38\x08\xc7\x00>\x06\xd0Q\
\x18\x9eC\x98\x9c=J\x04S[n!\x5cH\x1e\x01\
\x08Q@?\xdc\xfb\x99*\x8f\x91Y\xa2\x98o\x03\x1b\
\xb7\x82\xf9V\x22,\x02\x10\xd0\x9d\xed\x8aG\x00\xfae\
\x00>\x0c\xd0~\x10\x1f\x802\x0e g\xee\xa19H\
\xe8\x0e&\x84S\xc9\x0c\x80\x10y\xf2\xf6\xdbk\xbd\xed\
\xd5\x81\x06(c\xa9AhT\xc0\xdd\x84\xccBV0\
.N\xd4\xb3\x94\xdc\xd7\x17\x00h\x09\x80%`\xba8\
\xf5\xe1\xf7\x80\xcf\xe3\x02\x80w\x01n\x06\x8c\x0f0`\
\xee\xa6\x05\xc8\xe8\x0e+\x84\x13\xc8\xcb\x91\x10c\xb4i\
\xfb\x13\xc1\xc1\xb2\xfeU\x06\xb0\x96\x89\xd6\x02X\x8a\xcb\
\x16\xdb\xd9\x9d\xcdf\x00Fj\x10\xc0\x07 \xda\x0a\x85\
\xad`s\x07\xcd@Jw(!J\x91\x14\x00B\x8c\
\xd0s\xc7\x1f\x0aT\x0e\x18\xab\x18j-\x14}\x82\x88\
\xef\x82\x0d\xa6\xf2\xc7\xaaD\x0b\x80\xabe\x00\xec\x02h\
+\x18[\x912\xb7\xcb\x0c\x81\x10##\x05\x80\x107\
\xf0\xc3\xbd\x0f\xce&\xa2O\x11\xd3\xfd\x00?\x00\xa0B\
w\xa6|qH\x01p\xb5A\x00\xdb\x01~\x03\xa4^\
\xa1\xa9h\xd5\x1dH\x08\xbb\x92\x02@\x88\xcbl\xda\xf4\
\x84'\xdd\x90\x5c\xa3\x14\x1e#\xe0!\x00\x0d\xba3\x15\
\x8aC\x0b\x80\xabP\x0b\x08\xafA\xe1\xd7\x98f6\x11\
\xc1\xd2\x9dH\x08\xbb\x90\x02@\xb8\xdes\xc7\x1f\x0aT\
\xf6\xab{\xc8\xf0<\xc6\xe0'\xc1\x98\xac;S1\xb8\
\xa3\x00\xb8B\x0c\x8c\xdf\x80\xb0\x19\x83\xd6\xef\xe4Q\x81\
p;)\x00\x84+=w\xfc\xa1@\xd5\x00?\xa2@\
O\x10\xe3a8hj\x7f\xa4\x5cX\x00\xfc\xde\xc5\x93\
\x0f/\x16\x03\x03\xd6kR\x0c\x087\x92\x02@\xb8\xc6\
z^o\xcc\xdd\xbfs\x15`<\xc1\xccO\x01\xa8\xd3\
\x9dI'W\x17\x00WJ\x80\xf1*\x08\x9b1\xd5\xfa\
\xad<&\x10n!\x05\x80p\xbc\x0d\xfb\x1fY\xac\x94\
ZG\x8c\xcf\x810Cw\x1e\xbb\x90\x02\xe0\x9aN\x03\
\xf4S\x18\xc6F\x9a\x92=\xac;\x8c\x10\x85$\x05\x80\
p\xa4\x1f\xbe\xbd\xb6\xccSU\xf6\x18\xc3\xf8\x22\xc0\xf7\
\xeb\xcecGR\x00\x0c\xeb\x03\x10\xbe\x07\xaf\xf5\x13i\
r$\x9cH\x0a\x00\xe1(?\xda\xf7\xc0\x22R\xc6:\
\x10\xfe-\x80\x1a\xddy\xecL\x0a\x80\x11\xeb\x03\xe3g\
0\x8c\xe7ijn\x8f\xee0B\xe4\x8b\x14\x00\xa2\xe4\
=w\xfc\xa1@U?=\xc9\xc4\x7f\x0e\xe0N\xddy\
J\x85\x14\x00c\xc0\xd8\x0d\x03\xcf!nm\xa2E\xc8\
\xea\x8e#\xc4xH\x01 J\xd6O\x0e~zR\xce\
\xca}\x01\x8c?\x050]w\x9eR#\x05\xc0\xb8t\
\x02\xf4#\xb0\xf9m\x9a\x8e\xb3\xba\xc3\x081\x16R\x00\
\x88\x92\xf3\xa3\x0f\x1eYJ\x06\xff\x05\xc0O\x02\xf0\xeb\
\xceS\xaa\xa4\x00\xc8\x8b\x0c\x08?\x07\x1b\xdf\xa2i\xb9\
\xbd\xba\xc3\x081\x1aR\x00\x88\x92\xb1a\xdf\x83w3\
\xd3\x97\x00<\x02\xf9\xd9\x1d7)\x00\xf2\xae\x19\xc0\xdf\
\xd34\xebU\xddA\x84\x18\x09i\x07,l\x8d\x19\xb4\
\xf1\xc0C\x8f\xb2\xc2\x97\x99\xb1Rw\x1e!n\xa0\x11\
\xc0\xaf\xf8\x9c\xb1\x07L\xcfb\x9a\xf5\x22\x11\x94\xeeP\
B\x5c\x8f\xbc\x8b\x12\xb6\xb4\x9e\xd7\x1b\xb3\xf7\xed\xfa\x1c\
\x01_\x06\xb0Hw\x1e'\x22b\xac\x9b 3\x00\x05\
\xc3|\x08\x06\xfd\x1d\xa6X?\x93B@\xd8\x91\x14\x00\
\xc2V~\xff\x8e\x9f\xbe\x02\xf0m\xba\xf38\x99<\x02\
(\x16j\x01\xf3WeF@\xd8\x8d\x14\x00\xc26^\
\xd8\xf3\xc0\xfd\x0c\xe3\xef\x89\xb0Dw\x167\x90\x02\xa0\
\xc8\x98\x0f\x01\xf4\xd7\x98f\xfd\x82\x08\xac;\x8e\x10R\
\x00\x08\xed^\xd8\xf3\xc0\xfdD\xc6\x7fg`\x99\xee,\
n\x22\x8f\x004!\xec\x82\xa2\xffL\xd3\xcd7uG\
\x11\xee&\x8b\x00\x856?|\xffS\x0b\x0d\x8f\xf7\xaf\
\x01~B\xde\x0e\x15\x1f\xc9?\xba\x1e\x8c\xe5 ~\x83\
\xcfy\xde\x80\xf2\xfc%\xcd\xc8\x1e\xd0\x1dI\xb8\x93\x14\
\x00\xa2\xe8~\xf2\xfecu\xa6\xd7\xfa\xaf\xcc\xfc\x1f\x00\
\x96\x9fA\xe1V\xf7\xc3\xb0\xf6\xf2Y\xcf\x8f\xe1\xb7\xfe\
#MD\x87\xee@\xc2]\x0c\xdd\x01\x84\x8blz\x22\
\xf8\xbf\xf6?\xfc\xe5\x9c\xc7<\xc9\xcc\x7f\x0e)@\xb5\
by\x00h\x07\x06\x08\xeb\x90\xf3\x1c\xe3\xf3\xc6\x7f\xe2\
M\xd3\x83\xba\x03\x09\xf7\x90\x02@\x14\xc7/\xd7=F\
\xde\xc0\xa1\xe3\x83\x9e\x07\x00\x94\xeb\x8e#\xe4\x11\x80\xcd\
\x94#\xee\x7f\xd0\xca\xa4\x8e\x99\x1bk?\xaf;\x8cp\
\x07y\x0f \x0a\xeb\xe5\x7f=\x8f\xd8z\x16\x17O\xef\
C\xc4\xe0\xc4s\xb3b\xca\x90N}\xda\xc9.\x00[\
\x89\xabw+\x99\xb3t\xe9\xf7\xe2M\x8f\x07\x7fJO\
E[\xb5\xa6\x12\x8e&3\x00\xa206=\x11\xc4K\
\xcf\xac'\xb6\x0eah\xf0\x07\x80\xa4\xa2\xaa\xd7\xfb\x82\
\x874&\x13\xc2v\xb8\xdd\x7f\xf0\xb2\xc1\x1f\x00\xee\xb3\
,\xec\xcf\xbdX\xfb,o\x9a\x10\xd1\x16L8\x9a\x14\
\x00\x22\xff~\xb1\xee\x01\xf2\xfa\x8f\x10\xe1\xbf\x01(\xbb\
\xfa\xc3?\x8f\x86\x1a\xb3\xa0c\x1a\x92\x09a;l\xe1\
Cu2\xd4x\x8d\x0f\xf9\x89\xf1\xe7V\x86\x0f\xe46\
\xd6|\xb2\xe8\xc1\x84\xe3I\x01 \xf2\xe7\xe5/T\x19\
/=\xf3<\x19\xfc\x1a@\xb3\xaf\xf7i\x0a\xf0<\xdf\
\x15\x19,Z.!l\x8c[\xc2\xbd`xn\xf0\x19\
s\x08\xf4;\xf3\xc5\xbaM\xfc\x93\xf2\xba\xe2%\x13N\
'\x05\x80\xc8\x8f_\xae{\x8c\xd8<\xcc\x84/b\x04\
kK>\x18\xf0\xdf\xde\x9d5v\x15!\x99\x10\xf6\x95\
2vr\x97od'_2?aY\xfeC\xb2H\
P\xe4\x8b\x14\x00b|^\xf9\xecT\xda\xf2\xcc+\xa4\
\xf8W\x00\xa6\x8e\xe6K\xbf\xdeU1\x15\x84t\x81\x92\
\x09awY\xeb@x\xda(\xbff\x12\x80\x17\xcc\x0d\
\xb5\xbf\xe4\x8duS\x0a\x11J\xb8\x87\x14\x00b\xec\xb6\
\xac{\x82,\xef\x01\x00\x9f\x1e\xcb\x97w\xe4<3\xf6\
\x0d\xfaw\xe69\x95\x10\xa5\xa1\xdb\xb7\x1d\x03\x9e\x19c\
\xfaZ\xc2\xe3\x16\xf8\x88\xf9b\xed3yN%\x5cD\
\xb6\x01\x8a\xd1\xdb\xf4D\xa5\xe1\x09\xfc\x8f\xa1\xe9\xfeq\
)3x\xe0;\xb3\xe2I\x03<)\x1f\xd1\xc4\xc8\xc9\
6@\x8d\x18\xdd\xd6\xbb\x95e\xc8\xd1\xf8\xcf\xc4 \xda\
\xec\xf1g\xff\x1d=\xd9\x17\xcbC2\xe1\x222\x03 \
F\xe7\xa5\xcf\xdfO\xde\xc0\xa1|\x0c\xfe\x00\x90V\x14\
~%^v<\x1f\xd7\x12\xa2TX'\x83\xc7\xf22\
\xf8\x03\x17\xd7\x06d|\x87\xcd\x0d\x13\x1e\xce\xcb\xf5\x84\
kH\x01 F\xe6\xb7\x7f\x160^^\xf7\x1c\x91\xfa\
\x1d\x80\xe9\xf9\xbc\xf4\xaf\x12\xa1Ui6\x0e\xe7\xf3\x9a\
B\xd8\x96I\xad8\x1dX\x99\xe7\xabN\x06\xa9_\xe7\
6\xd4}\x93\x9f\x9b\x1f\xc8\xf3\xb5\x85CI\x01 \x86\
\xf7\xf2\x17fS*\xbe\x8d\x99\xff\x0c\x05xl\xc4\x80\
\xf1?;\x22|\xf1?\x85p4\xe6#\xe1,\xb8 \
\xaf\xbdD\xc4\x7f\xa1\xaa\xe3\xdby\xe3\x84\xf9\x05\xb8\xbe\
p\x18)\x00\xc4\x8dmY\xf7\x87\xc4\xe6^\x10\x96\x17\
\xf26\x87\xd3\xbe\xc5\xe7r\xde\xed\x85\xbc\x87\xb8\x924\
\x03\xd2 \xe9\xdd\xaez\xbc\xb7\x16\xf2\x16\x0c,\xb1\xa0\
\xf6\x98/\xd6=U\xc8\xfb\x88\xd2'\x05\x80\xb8\xb6\x1f\
~\xa1\xcc\xd8\xf2\xf4\xb3\x04~\x09@U1n\xf9\x8d\
\x8e\xc8<\x00\x03\xc5\xb8\x97\x10\x1a\x0cZ\x07Bs\x8a\
t\xafr0\xff\xd8|\xb1v\x03??5T\xa4{\
\x8a\x12#\x05\x80\xf8\xb8_<\xb5\x80*\xcd\xf7\x18\xf4\
\xe7\xc5\xbcm\xd4\xf4L\xde\xd5\x1fx\xbf\x98\xf7\x14\xa2\
X\xb8\xd3\xf7\x1e\xd2\xc6\xa8\xce\xca\x18\xffM\xb1N\x85\
2;\xe5\x91\x80\xb8\x16)\x00\xc4\x95~\xb1\xeea2\
\x8c]\x00n\xd1q\xfb\x1f\xc4\xc2\xcb-\xd0Y\x1d\xf7\
\x16\xa2`\x18\xe7\xf9h\xe8.=\xb7\xc6-\x16\xd4\x07\
\xe6\xc6\xda\xcf\xe8\xb8\xbf\xb0/)\x00\xc4E\x0c\xc2\x96\
g\xbeD\x06\xbf\x0a\xa0ZW\x8c\x9c\xa2\xb2\x9fGC\
gt\xdd_\x88B\xb0\x8e\x85N\xb3I:\xa7\xe2+\
\x00l\xc9m\xac\xfd*\xaf\x97\xd7}q\x91\xfc \x08\
\xe0\x95?.\xa7\x97\x9fy\x89\x80\xaf\xc2\x06?\x13\xbf\
\xeb+[\x99\xb4\x8c}\xbas\x08\x91\x179:\x80s\
\xfe\x82.\xa2\x1d!\x22\xe0K\xd6\xbc\x9a_\xf1\x0f\xab\
\x8a\xb2\xaeG\xd8\x9b\xf6\x17{\xa1\xd9+\xcf4\x90\x95\
}\x1f\xc0\x1f\xe8\x8er\xb9ouF\x82\x00,\xdd9\
\x84\x18'\xa5\x0e\x86\xcb`\xabSW\xe9\x11\xd3\xeb\xd9\
\xc9/\xd4\xd5\xebN\x22\xf4\x92\x02\xc0\xcd\xb6|\xfen\
\xb2\xf0.\x00\xdb\xbd\x10\x9c\xc8\xf8\x1aNe|\xb2-\
P\x944\xee\xf56s\xc2k\xbb\xdf/\x02\x1a,\x83\
w\xe6~\x5c\xf7\x09\xddY\x84>R\x00\xb8\xd5\x96\xa7\
\xff\x98\xa0\xde\x04`\xdb\xfe\xe2\xdf\xec\x8c\xdc\xcc\xe0^\
\xdd9\x84\x18\x13F?\x1f\x0e6\xe8\x8eq\x03\xd5\xa4\
\xf8w\xd6\xc6\xda\x7f\xaf;\x88\xd0C\x0a\x00\xb7a\x10\
^zf=\x81\xfe\x19\x80_w\x9c\x1b\xe9\xb3\x8c\xda\
m\xfdAY\x0b J\x12\x9f\xf7\xef\xe1\xb4g\xa2\xee\
\x1c\xc3\xf02\xf0\x9d\xdc\x8b\xb5\xcf\xca\xe2@\xf7\xb1\xd1\
s)Qp\xaf~1D\xb9\xc1\x17a\xb3\xe7\xfd7\
\xe2!\xce\xfe\xd3\xac\xf89\x1fq\xb1\x0ePq\x0d\x22\
\xc6\xba\x09\xd2\x0d\xb0 \x18\xa7\xad\xadU\x93\xc1\xf6.\
\xb2\xaf@\xd8\xe2\xf1\x07\x9f\xa1'\xcf\xa6tG\x11\xc5\
!\x15\x9f[\xfc\xfa\xa9j\xca\x0d\xfe\x0bJh\xf0\x07\
\x00\x8b\xc9\xffB4\xdc\xa3;\x87\x10\xa3\xc1-\xa1\xce\
\x92\x1a\xfc\x01\x80\xf1\x87V&\xf56\xbfP^\xab;\
\x8a(\x0e)\x00\xdc\xe0\x95\xcfN\xa5\xac\xb1\x15\xc0\xdd\
\xba\xa3\x8c\xc5\xbb\xfd\x81eq\x93\xe4\x84@Q\x128\
K{T\x87\x7f\x99\xee\x1cc\xb4\xdc4\xfcM\xfc\xd3\
\x9a\x19\xba\x83\x88\xc2\x93\x02\xc0\xe9\xb6\xac\xbb\x89\x94w\
\x07\x80\x826 )\xb4otV\xd6\x00\xc8\xe9\xce!\
\xc40L\x1c\x88T\xe8\x0e1\x1e\x04\xdcl\x99\xf4\x0e\
\xff\xa4v\xa1\xee,\xa2\xb0\xa4\x00p\xb2\x97\x9f\xba\x8b\
\xc0M`\xcc\xd4\x1de\xbc\xced=s[R\xb2-\
P\xd8\x5c\xc2\xd7\xac\xfa<N8w\x7f\x96e\xa29\
\xb7\xb1f\x95\xee \xa2p\xa4\x00p\xaa-\xeb\xd6\x10\
\x1b\xb6\xde\xe67Z\xdf\xee*\xbf\x9d\x19Q\xdd9\x84\
\xb8\x8e\xb8u T\xd23mW \xd4\x10\xe8\xf5\xdc\
\x0b\xb5\xf7\xeb\x8e\x22\x0aC\x0a\x00'\xda\xf2\xcc\x83\x04\
~\x0d@Dw\x94|\x1aPT\xf9/}\xc1\xc3\xba\
s\x08q-V[\xd9!\x98\xa4\xad\x8fF\x81\x84\xc8\
\xc0\xaf\xcd\x0du\x8f\xe9\x0e\x22\xf2O\x0a\x00\xa7y\xe9\
\x99G\x08x\x19@Pw\x94B\xd8\x14\x0b5f\x98\
\x8e\xe9\xce!\xc4\x15\x14N\xe0T\xd9J\xdd1\x0a$\
\x00\xe2_\x98/\xd6\x96\xd4\x0e\x221<)\x00\x9cd\
\xcb\xba'\x88\xf02\x802\xddQ\x0aE\x01\x9e\xeft\
\x95\xa7\x01\xb0\xee,B\x5c\xc2\x07\xc3I0\xbc\xbas\
\x14\x90\x1f\x8cM\xe6\xc6\xba\xa7u\x07\x11\xf9#\x05\x80\
S\xbc\xf4\xf4S\x04\xfe)\x00\x9f\xee(\x85\xb6\x7f\xd0\
wk\xb7\xe5\xd9\xa5;\x87\x10\x00\x80\x94\xb1CE}\
\xb7\xeb\x8eQ\x04^\x80\x7fdn\xac\xfb\x9c\xee \x22\
?\xa4\x00p\x82-\xeb\xfe\x90\x88^\x00\xe0\xd1\x1d\xa5\
X\xfe\xc7\xf9\xf2\x99\x00\x06u\xe7\x10\xae\x97V\x07\x22\
\xd3u\x87(\x22/\xc0\x1b\xcd\x0du\x9f\xd5\x1dD\x8c\
\x9f\x14\x00\xa5\xee\xe5\xa7\x1f\x22\xf0O\x00GO?~\
L\xb7\xe9\x99\xba'\xe5\x7fOw\x0e\xe1r\xdd\xbe\x9d\
<`\xb8\xed\xd0\x1c\x0f\x887\x98\x1b\xeb>\xad;\x88\
\x18\x1f)\x00J\xd9\xcbO\x7f\x8a\x98\xb6\x00\x08\xe8\x8e\
\xa2\xc3?u\x96\xdfe1\x9f\xd7\x9dC\xb8V\x87u\
$T\xaa'\xfe\x8d\x97\x0f\xe0\xcd\xe6\xc6\xbaGt\x07\
\x11c'\x05@\xa9z\xf9\xe9\xfb\x88\xe9\x158x\xc1\
\xdfp\xb2\x8c\xd0/\x13\xe1S\xbas\x08w\xe2\x0f\x83\
\x1f\xc2\xa2\xb0\xee\x1c\x1a\xf9\x01\xde\x9c\xfbq\xdd't\
\x07\x11c#\x05@)\xda\xf2\xf9\x95\xc4\xf4+\xb8x\
\xf0\xbf\xe4\xd7\x89\xe0\xaaAE\x07t\xe7\x10.c\xd1\
!\xd5\x1e\x90S\xf2\x80 )\xfeUvC\xedr\xdd\
A\xc4\xe8I\x01Pj~\xf9\xf4\xcd\x04\xfe5\x80\x90\
\xee(v\xc0\x00}\xab\xa3\xc2\x07@\xe9\xce\x22\x5c\x83\
\xd5\xfe\x08A\xda\xa9_\x121\x08\xbf\xe1\x0d\xb57\xe9\
\x0e\x22FG\x0a\x80R\xb2\xe9\xf3\xd3H\xd1o\x01\xae\
\xd1\x1d\xc5N\x8ee\xbc7\x9d\xcdyw\xe8\xce!\x5c\
b\xc0\xdb\xcc\x09\xcf\x22\xdd1l\xa6\xd6\x22\xfc\x8e7\
T\x97|\xdf\x117\x91\x02\xa0Tlz\xa2\x92\xbc\xea\
\xb7\x00f\xe9\x8ebG_\xeb(\xafgB\xbf\xee\x1c\
\xc2\xe1\x18\x03\xd6\xde\xe0\x02\xdd1lj\xba2\x8c\xdf\
\xf2\xa6\x0ay\x83R\x22\xa4\x00(\x05\x9b\x9e\x08\x927\
\xf0k\x94xK\xdfBJ\x98\xc6\x84]\xc9\xc0\x07\xba\
s\x08g\xe3.\xdfnd=\x93t\xe7\xb0+f,\
\xb22\xbe\xdf\xf0\x86In^\x1cY2\xa4\x00\xb0\xbb\
\xf5\xeb\x0d\xf2\x06~\x0c\xe0n\xddQ\xec\xee\x07=\x91\
\x15&S\xbb\xee\x1c\xc2\xa1\x18gTKh\x85\xee\x18\
%`\x85E\xe6\x8fx\xbd\x8c/v'\xdf \x9b3\
n=\xf1U\x00\xd2\x84c\x04L\x85\xb2\x9fF\xc3\x17\
t\xe7\x10\xce\xc4\xc7C\xe7\xa0\xc8\xf5;oF\xe8\x8f\
\xcc\xf9\xb5\x7f\xa3;\x84\xb81)\x00\xecl\xcb\xd3\x7f\
\xcc\xc0\xff\xa3;F)y\xb3?\xb0\xa2\xd72\xf6\xe8\
\xce!\x9c\x85s\xb4O\x9d\xf5\xcb\xbb\xffQ \xc6\x97\
\xad\x8du_\xd4\x9dC\x5c\x9f\x14\x00v\xf5\xd2S\xab\
\x09\xf4]\xdd1J\xd17\xbb\x22\x15\x00L\xdd9\x84\
cX\xbc/,\xdbn\xc7\x80\xc1\xdf\xcem\xa8\xbdW\
w\x0eqmR\x00\xd8\xd1/>\xb7\x90\xc8\xf8%\x00\
\xbf\xee(\xa5\xa8-\xed\x9b\xffa\xd6\xbb]w\x0e\xe1\
\x10}\xdef\xee\xf7\xd6\xeb\x8eQ\xa2|\x04l\xe6\x17\
\xea\xe4\xdf\xcf\x86\xa4\x00\xb0\x9b\x97\xbfPE\x86\xe7W\
\x00\xaauG)e\xdf\xec,\xbf\x99\x091\xdd9D\
\xc9KX\x07B\xb2\xe7\x7f<\x085\xa6\xc1\xbf\xe2\x17\
k*tG\x11W\x92\x02\xc0N\xd6\xaf7\x88\xad\x8d\
\x00d\x9f\xf18%M\xa3nk_\xd9A\xdd9D\
i\xe3s\xfe\xfd\xc8\x1a\xb5\xbas\x94:\x02\x1a,\xa6\
\x17eg\x80\xbd\xc87\xc3F\x8c[?\xfco\x00?\
\xaa;\x87S\xbc\xd8\x13n\xcc\xb1qBw\x0eQ\xa2\
\x14N\xaac!9\xef?\x7f\x1eS\xf3j\xfe\xb3\xee\
\x10\xe2\xf7\xa4\x00\xb0\x8b_\xae{\x8c\xc1\xffEw\x0c\
'\xb1\x00\xef\xf7\xbbC}\xbas\x88\xd2d\xb5\x86c\
`\xf8t\xe7p\x12\x06\xad7_\xac\x93796!\
\x05\x80\x1dl\xf9|=)\xde\x00\xf9~\xe4\xdd{\x03\
\x81%q\xd3\xb3[w\x0eQZ8c\xecF\x87\xef\
N\xdd9\x1c\xc8\x00\xf3O\xa4q\x90=\xc8\x80\xa3\xdb\
\xab_\x0c\x11\xd4K\x00\xaatGq\xaa\xaf]\x88\xd4\
\x01\xc8\xe8\xce!J\x04!\xa7\xf6\x87\xebt\xc7p\xb0\
rE\xf89o\x9a\x1e\xd4\x1d\xc4\xed\xa4\x00\xd0\xcc\xc8\
\x0e>\x07`\xb1\xee\x1cNv\xce\xf4\xce9\x9c\xf2\xee\
\xd4\x9dC\x94\x06\x8e\xfa\xb6#\xe9\x99\xa3;\x87\x931\
p\x8b\x95\x19\xfc\xa6\xee\x1cn'\x05\x80N/?\xf3\
$\x13\xfe\x8d\xee\x18n\xf0\x8f\x9d\x15K\x98\xd0\xa5;\
\x87\xb09F\x8f:\x14\xba]w\x0cw\xa0?17\
\xd6=\xad;\x85\x9bI\x01\xa0\xcb+\xcf\xcc'\xc6\xf7\
u\xc7p\x8bA\xa6\xf2\xdf\xc4\xcb\x8e\xea\xce!\xec\x8d\
\xdb\xcbZ`R\xa5\xee\x1c\xee\xc1\xff\xc4\x1b\xeb\x1at\
\xa7p+)\x00t\xf8\xed\x9f\x05\xc8\xc2\xcf\x01\xc8\xc1\
\x18E\xf4R\x22\xdc\x98V\xd4\xa2;\x87\xb0)EG\
\xd5\xa92\xd9\xf6W\x5c\x11\x05\xfe1?7?\xa0;\
\x88\x1bI\x01\xa0\x81\x91\x8a\x7f\x0d\xc0\x12\xdd9\xdc\x86\
\x19\xc6w\xba#\x19\x00\xac;\x8b\xb0\x1fu8\x9c\x06\
\xc3\xa3;\x87\xdb0\xb0\xd4\xacJ|Uw\x0e7\x92\
\x02\xa0\xd8\xb6<\xf3I&\xfc\x9f\xbac\xb8\xd5\x81A\
\xff\xed\x9d9\x8f,\x08\x14WJ\x19;\xb8\xdb{\x9b\
\xee\x18nE\xc4\xffWnc\xcd\x83\xbas\xb8\x8d\x14\
\x00\xc5\xf4\xf2\x17\xaa\x08\xf4\xcf\x00Hw\x147\xfb\x87\
\x8e\x8aY\x00\x06u\xe7\x10\xb6\x91\xb2\xf6Gf\xe8\x0e\
\xe1rD\xa0\x1f\xf0\xa6\x8a\x1a\xddA\xdcD\x0a\x80\x22\
2\xd8\xfc.\xc0\xf2B\xa3Y\x8fiL}?\xe5\x7f\
Ow\x0ea\x13\xdd\xbe]\x184\xa6\xeb\x8e!0\xcd\
\xca\xf8\x9e\xd3\x1d\xc2M\xa4\x00(\x96\x97\x9e~\x8a\x81\
\xcf\xea\x8e!.\xfa^g\xf9r\x8b\xf9\xbc\xee\x1cB\
\xbb\x0eu$\xb4Lw\x08\xf1\x91\xa7\xcd\x17k\xfe\x95\
\xee\x10n!\x05@1l\xfa\xfc4\x22\xfa\xb6\xee\x18\
\xe2\xf7\xb2\x8c\xe0\x96D\xb8Mw\x0e\xa1\x17\x9f\x0c~\
\xc8\x16\x85u\xe7\x10\x97a\xfaG\xfei\xddT\xdd1\
\xdc@\x0a\x80\x22 \xaf\xf5\x8f\x00\xaau\xe7\x10W\xfa\
m\x22\xb8r@\xd1\x01\xdd9\x84&&\x1dRm\x01\
\xd9\xf6g?\xb5\x96\xa9\xbe\xa7;\x84\x1bH\x01Ph\
/?\xf39\x80\x1e\xd7\x1dC|\x1c\x03\xf4lW\xb9\
\x1f\x80\xd2\x9dE\x14\x9d\xe2\x03\x11\x82,\xc8\xb5)z\
\xc4\xdcP\xf3\x84\xee\x14N'\x05@!m\xf9|-\
1\xbe\xa5;\x86\xb8\xbec)\xdf\xc23Y\xefv\xdd\
9D\x91%\xbd\xdbU\xc2\xb3Hw\x0cq\x03d|\
\x87\x7fR.M\x99\x0aH\x0a\x80\x022\xa0\xbe\x05`\
\xa2\xee\x1c\xe2\xc6\xbe\xdeY\xde\xc0\x84~\xdd9D\x91\
0\x06\xac}\xc1\x05\xbac\x88\xe1p\x9d\xa5\xfc\xff\xa0\
;\x85\x93I\x01P(/?\xfd\x10\x03\xcf\xe8\x8e!\
\x86\x970\x8d\x09;\xfa\x03\x1f\xe8\xce!\x8a\x83\xbb|\
\xbb\x91\xf5L\xd2\x9dC\x8c\x00\xe3\x0b\xb9\x0d5\x0f\xe8\
\x8e\xe1TR\x00\x14\xc2\xab_\x0c\x11\xd3wu\xc7\x10\
#\xf7\xbfz\x22+-F\x9b\xee\x1c\xa2\xc0\x14\xce\xa8\
\xd6\xe0J\xdd1\xc4\xc8\x11\x19\xdf\xe5M\xd3\x83\xbas\
8\x91\x14\x00\x05`\xe4R\x7f\x05`\x96\xee\x1cb\xe4\
LF\xe0\xc5h\xb8Sw\x0eQX|<t\x1e\x96\
!\x8dgJ\x0a\xcf1\xd3\xe9\xff\xa4;\x85\x13I\x01\
\x90o/\xff\xeby\x0c\xfeK\xdd1\xc4\xe8\xbd\xdd_\
\xb6\xbc\xd72\xe4Q\x80S\xe5h\xaf:\xe7_\xae;\
\x86\x18=\x22\xfe\x12\xbfPW\xaf;\x87\xd3H\x01\x90\
g\xc4\xd6\xb3\x00\xcat\xe7\x10c\xf3\x8d\x8e\xf2*\x00\
\xa6\xee\x1c\x22\xef,\xde\x1f\x91\x03\x7fJW\xc0\xf2\xb0\
\x1c\x13\x9cgR\x00\xe4\xd3\x96\xa7\x1e\x07\xf0\x88\xee\x18\
b\xec\xda\xb3\xdey\xc73>\xd9\x16\xe80\xdc\xebm\
V}\x1ey\x07Y\xca\x18\x0f\x98\x1b\xeb>\xad;\x86\
\x93H\x01\x90/\x9b\x9e\x08\x12\x1b\xdf\xd4\x1dC\x8c\xdf\
\xb3]\xe5\xb70QLw\x0e\x917\x09u \xbcX\
w\x08\x91\x0f\xfc?y\xc3$\x99\xc9\xc9\x13)\x00\xf2\
\xa5\xf7\xf6\xff\x1b\xa9\x09\xe7\x01t\xe9\x8e\x22\xc6'i\
R\xf5\x9b\xbd\x81\x83\xbas\x88\xfc\xb0\xce\xf8\x0f G\
\xd2f\xb6\xf4E9\x1ah\xcb\x1e\xa9\xfcs\xddA\x9c\
B\x8e\xc1\xcc\x87\xef\xae\x9fH\x1e\xdfq\x00\x15 \xee\
\xe5\xf2s\xbb\xc9\xdf\x7f7d-@\xc9\xf2\x00\xe6w\
gE\xdb\xfc\x06\xe6\xeb\xceR(D\x8cu\x13^\xd7\
\x1d\xa3\xb0,\x9c\xb4\x9a\xaaf\x80\xe1\xd3\x1dE\x8cY\
\x8eS\xbewT{\xc5m\xb0\xa8\x16@2gy\x17\
D\xfe\xe1p\x87\xee`\xa5Nf\x00\xf2\xc00|_\
\x01P\x01\x00`\xaa\xa4\xbe\xe9\xf7\xa3w\xee\x05X\xbe\
w\xf5&\x13ce\x01\xde\xefuE\xe4t\xc0\x12\xc7\
G\xc31\x19\xfcK\x17Y\xc6\x1e\xf5aU\x9b:Y\
y\xef\xd0\xe0\x0f\x00\x11\xaf\xd7\xfc\x7f\xb5\x06s\x08\x99\
\x01\x18\xaf\xef\x7f\xe5&b\xe3\x00\x00\xef5?\xeeO\
\xeeA\xc5\xd9\x08\xc0\xb2\x00\xa9\x04}}F\xfc\xbdZ\
\xaf\xbaKw\x8eBp\xfc\x0c@\xdax\xcf\xda^\xe1\
\xc8\xef\x9d\xe31\x9dR\xe7\xc3\xe78Qv\xf7u>\
\xc3\x02{n\x0b\xfc\xfd\x91\xc3E\xcd\xe502\x030\
N\xc4\xc6\xd7q\xbd\xc1\x1f\x00\xb2\x91%\x886\xccA\
\xba\xee-\x10z\x8a\x97L\xe4\xc3\xd7.\x94O\x06\x90\
\xd1\x9dC\x8cZ\xd6\xda\x1f\x96>\x1c\xa5\x86\x91@\xa2\
\xec\x0d\xab\xa5f\xea\x0d\x06\x7f\x00\xf0\x80\xcc\xaf\x16-\
\x97CI\x010\x1e\xdf\xfb\xca\xfd\x00\x1e\x1a\xf6\xf3\x98\
|HN\xb8\x17\xb1\x06\x86\x19|\x0b\xb2\xcf\xbcd\x5c\
0\xbd3\x0f\xa5|;u\xe7\x10\xa3\xc3Q\xdf\x0e\x0c\
xf\xeb\xce!FLq\xc6\xb3S\x1d\xab5\xads\
\x91\xfb\xc14\x82\xd3\x1a\xe9\xd1\xd4_5|\xa2\xf0\xd1\
\x9cK\x0a\x80q \x18\x7f3\xaa/\xb0\x8c\x09H\xcc\
\xbe\x17\x899\xc7\xc1^\x19TJ\xc4\xb7\xbb\xca\x97*\
\x229&\xb8T0z\xd4\xa1\xd0\x1d\xbac\x88\x11R\
\xf4\xbeu\xb2\xf2\xb0:Q\xbd\x82M\x1aU\xfb_C\
\xe1\xefY\x1ee\x8f\x99\x14\x00c\xf5\xbd\xff\xfei\x00\
c;V\xd4,\xbb\x09\xd1\x05+\xd07m'\x98N\
\xe47\x98\xc8\xb7\xb4\xa2\xc8o\xe2\xc1c\xbas\x88\x91\
\xe1\xf6\xb2\x16XT\xa1;\x87\x18V\xbb\xea\x087Y\
-\xb5K\x91\xf2\xdd2\xc6k,\xcb|i\xc1\xc3y\
M\xe5\x22R\x00\x8c\x053\x11\xf8\xff\x1b\xf7u\xb2\x15\
+\x10m\x98\x89tM\x13X\xfa\xd1\xdb\xd9\x96D\xb0\
1\xad\xa8Ew\x0e1\x0cE\xad\xeaTY\xa3\xee\x18\
\xe2\x86\x06T_\xd96\xebH\xddD\x8e\x06Wc\x9c\
\xef\xe0\x09\xc6_\xcb,\xc0\xd8H\x010\x16\xdf\xfb\xdb\
?\x02p{~.F~$'\xadF|\xc1\xc0\xd0\
\xfa\x00+?\xd7\x15\xf9\xc4\x0c\xe3\x1f\xbb\xcaM\x00\xac\
;\x8b\xb8>>\x14\xce\x80\xe5u\xcd\xa6\x98\xb3\x9e&\
\xebhM\x9c\xcfD\xd6\x80\x91\x9f\x16\xbf\x84%\xd9/\
/\xfc\x83\xbc\x5c\xcbe\xe4\x17e\xb4\xd6\xaf7\x88\x8c\
\xff\x9a\xf7\xeb*\xefd$f\xdf\x8b\xdeY\xadP\xc6\
\x81\xbc__\x8c\xdb\xc1\x94\xef\x96\x8e\xacG\xd6n\xd8\
\xd5\xa0\xb1]\xf5xo\xd3\x1dC|\x1c[tD\xb5\
U\x1cP\xc7\xabW\xc34\xa6\xe7\xff\x06\xea\xafy\xbd\
\x8cg\xa3%\xff`\xa35\xc5\xf7Y\x80\xc7\xfa\xbcj\
x\xb9\xd0\x22\xc4\x1a\x16c`\xca\x9b\x00\x9d-\xd8}\
\xc4\x98|\xad\xabb6\x80\x01\xdd9\xc4\xc7\xa4\xac\xfd\
\x91Y\xbaC\x88+1\xa3\x93\xbbB\xef\xa8\xa3\xb5\x0b\
y\xc0_\xc0\xe2\x8c\x16eS\xf5O\x16\xee\xfa\xce$\
\x05\xc0h0\x13\x01_.\xc2\x9d\x0c\xa4\xaa\xeeC\xb4\
\xa1\x9a\xd3Uo\x00H\x16\xe1\x9eb\x04zr\xc6\x94\
\xdd\x03\xfe\xdd\xbas\x88\xabt\xf9v!eL\xd3\x1d\
C|$\xa5\x92\xbe7UKmHu\x87\xee)\xca\
c\x19\xa2\xbf\x92\xb5\x00\xa3\xe3\xd1\x1d\xa0\xa4L\xf7=\
N\xa0\x226\xa2 ?e\xcb\xe7\x22]\xd5\x83\xc0\xc0\
\x01\x905\x03\xf2\x03\xae\xdd\xfe\xc1\xc0\xa4\x87\xabR]\
\xc6\xa5\xe3\x9fK\x14\x11p[\xf8\xa4\xee\x18\xe3\xc7\xb8\
\xa0>(\x9f\x0b&\xbf\xee(\x02\xe0\x9c\xb1[\x9d\xaa\
\x22D\x83w\x00#\xd9\xcf\x9f7\x93\xcc\xc6\x9a\xdd\x7f\
\xd3\x1c;^\xc4{\x964\x99\x01\x18\x05b\xfa\x8fZ\
n\xac|S\x11\x9b\xdb\x88\xbeY{\xa0\x0c\xe9R\xa7\
Y\x96\x11|)\x16n\xd7\x9dC\x5c\xc4\x1f\x06O\xb1\
E\xd2\x22V3f\xb4\xa83\x15\xbb\xd4\xb1\x9ae\xc8\
xf\xea\xc8@D\xffE\xc7}K\x95\x14\x00#\xf5\
\xfd\xaf\xdc\x0b`\x95\xd6\x0c\xd9\xd0R\xc4\x1a\x16ap\
B3\x98\xba\xb5fq\xb9\xd7z\xcbV&-\x92\xc5\
\x9a\xba\x99tH\x9d\x0e\xac\xd4\x1d\xc3\xd5\x081\x8e\x06\
\x9aTK\xdd\x02\xee\xf3\x8f\xedl\x94\xfc\x85Y\x91\xfb\
r\xfd=z3\x94\x0e)\x00F\x88\xd8S\x8cg\xff\
#a`\xb0\xae\x11\xb1\x05>\xce\x96\xbf\x019\xa7^\
\x0b\x06\xe8\xd9\xee\x0a?\x00\xa5;\x8b\x8b)u0b\
@\x1e\x8b\xe9\x92\xe3\x94\xef-\xd5Z\xabTG\xf9j\
\xf0\x0dz\xa2\x14\x91b\xb2\xcbk\xb5\xedI\x010\x12\
\xdf\xff\xbb\xa5\x00\xdf\xaf;\xc6\x15\xd8SE}\xd3\xef\
G|\xee\x19(o\x93\xee8nt<\xe5]x:\
\xe3\xd9\xae;\x87[q\xbfw;\xc7=7\xeb\xce\xe1\
Fl\x19{\xad\x0f\xabN\xab\x93\x95\xf7\x8e\xf6\xf8\xde\
\x22x0\xfb\xa5z\xd9\x0e:\x02R\x00\x8c\x80\xa1\xd4\
_\xe8\xcep]V`>b\x0bV\xa3o\xda\x1e\xb0\
!\x8b_\x8a\xec\x1b]\x15\x0d\x00\xfat\xe7p\x1dF\
\x92\x0f\x04\x17\xe8\x8e\xe1>t\x8a\xcfG\xdeU\xad5\
w \xed\x9d\xa7;\xcdu\x10\x13\xec\xfb\x9am#R\
\x00\x0c\xe7\xbb\xeb'2\xe1\x09\xdd1\x86\x95\xadX\x82\
X\xfdl\xa4\xeb\xde\x02(\xaa;\x8e[$Lc\xc2\
\xbb\xc9\xc0^\xdd9\xc6\xa4\x84\xcf4\xe4\x0b\xbe\x0f8\
\xe3\x99\xa4;\x87\x8b\xf4\x22Q\xf6\x86u\xa4v\xaa\x8a\
\xdf\xb0M\xafM\xd0\xe7\x92\x7f\xb5X~>\x86!\x05\
\xc0p\x0c\xdf\x7f\x00P\xcc\xad,c\xf7Q\xdb\xe1\xf9\
\x84\x5c\xa8\x09r\xacpQ\xfc\xa8'\xb2\xd2d\xb4\xe9\
\xce\xe1\x1a\x8c\xd3\xeaxx\x85\xee\x18.\xa1\x90\xf14\
\xabc5\x99\x8bmzK\xe4\xb5\x10\x08\xf8T\xee\x8b\
\xbaC\xd8\x9d\x14\x007\xb2i\xbd\x9f\x0c\xfe\x13\xdd1\
FMyk\xd0;k5\x12s\x8f\x82=\xef\xe9\x8e\
\xe3t&\xc3\xffb4,\xed\x82\x8b\xc4j\x0du\xc0\
*\x99\x81\xa8d\xb1I{\xac\xb6\x8aC\xd6\x89\xeaF\
\xce\x19\x13u\xe7\x19\x83\x7f\xcf\xeb\x17\xc9\xd9\x107 \
\x05\xc0\x8d\xf4\xfa>\x0b\xa6\xc9\xbac\x8c\x99\x19\xb8\x19\
\xd1\xfa\xbb\x90\x9c\xb2\x1bD\xa7u\xc7q\xb2\xad\xfde\
\xcb\x13\xa6\xf1\x81\xee\x1c\x8e\x97\xa3\xbd\xb8\xe0\xbfKw\
\x0cGc\x5c\xe0\xaep\xb3:V{\x07\x06\xfc\xb7\xea\
\x8e3\x0eS\xb2i\xd3\xfe\x8fo5\x92\x02\xe0\x06\x88\
\xf1\xa7\xba3\xe4E\xbaj\x19z\x1a\xea8]\xf9\xbf\
\xa5\xedp\xe1|\xb3\xb3\xbc\x0a@Nw\x0e\x07\xb3\xd4\
\xdeHDw\x08\x07\x1b\xe4~\xffV\xab\xa5\xaeRu\
\x07\x1b\xc1N\xd8^I\x7f\xa6;\x81\x9dI\x01p=\
\xff\xf4\xd5\xdb\x00,\xd3\x1d#o\x98B\x94\x9c\xfa \
\x12\xf3\x07`\x96m\x85\xec_\xcf\xbb\xf6\xacw\xde\xb1\
\x94o\x87\xee\x1cN\xc5\x09o3'=\xb2\xf2?\xff\
\x98\xb3\x9ef\xebxuL\x9d\xaeX\x0bFHw\xa0\
\xfc\xe1\xe5\xd9\xbfZ\x90\xa7\xd6\xed\xce#\x05\xc0u\x18\
\x86\xf5\xeftg(\x08\xcb7\x19\x899k\x91\x98\xdd\
\x02\xe5\x91c\x85\xf3\xec\xb9\xae\xf2[\x99(\xa6;\x87\
\x03%\xf8Px\xb1\xee\x10NC\x8aZ\xac\xf6\x8a\x03\
\xeaxu#\xb2\x9e\xfc\xb7\xe9\xb5\x03E\xffFw\x04\
\xbb\x92\x02\xe0Z\x9e_\x1fb\xe0\xb3\xbac\x14\x94\x19\
\x5c\x84\xd8\x82\xc5\x18\x98\xd4\x04\xd09\xddq\x9c\x22\xa9\
\xa8\xea\x8dD\xe0\x90\xee\x1cN\xc3g\xfc\x078K5\
\xbas8H'\xf7\x04\xdf2[j\xeb\x91,d\x9b\
^\xfd\x18\xb4\x8e\xd7/u\xd0\xacF\xfeH\x01p-\
\xe4\xfb,\x80*\xdd1\x0a\x8f\x08\xa9\x9a\xd5\x886T\
q\xba|\x1b\x80\xb4\xeeDN\xf0\xd3X\xb81\xa7H\
\x0ee\xca\x17\x0b\x1f\xaa\x13!9\xef??\xb2<\xe0\
k\xb2Zk\x83\xaa3|/\xdc\xd1\x11\xb62\x97\xea\
\xff#\xdd!\xecH\x0a\x80k \xe0\xdf\xea\xcePT\
LaJN_\x83\xf8\xbc\x0e(\xbf\x1c+<N\x0a\
\xf0<\x1f\x0d'u\xe7p\x0a\xd5\x1aN\x80\xe1\xd3\x9d\
\xa3\xe4\x99\xc6N\xebD\xcdi\xd5V\xb9\x1a\x16\x95t\
+\xeb\xd1RD\xeezM\x1f!)\x00\xae\xf6\x83\xbf\
]\x0c\xc0\x9d\x87\x8cX\xfe\xd9\x88\xcd[\x8d\xfei\xef\
\x03tTw\x9cR\xf6~2pG\xd4\x943\x18\xc6\
-m\xec\xe2N\xdfR\xdd1J\x99RtJ\x9d\x89\
\xec\xb1\x8e\xd6\xac@\xc6\x98\xaf;\x8f\x0e\x04\xdc\x9d\xf9\
r\xfdB\xdd9\xecF\x0a\x80\xab\x18\x8a\xd7\xe9\xce\xa0\
]\xa6\xe2N\xf4,\x9c\x87\x81\x09[\x01\xf4\xe8\x8eS\
\xaa\xbev!2\x19\xd2\xadq<\xb2\xd6\xfe\xb0\x1c\xe7\
:vq\x8e\x95\xbd\xc9\xad5\xd3\xb8\xafl\x89\xee0\
\xda1=\xa3;\x82\xddH\x01p9fb\xd0\x93\xba\
c\xd8\x84\x17\xa9\xba\xb5\x88\xd5{\x91\x0d\xbf\x09 \xab\
;P\xa9\xb9`zg\xee\x1f\xf4\xed\xd4\x9d\xa3Tq\
\x8fo\x07\x06<\xb3u\xe7(A&\xa7\xbd[\xd5\xd1\
\x1aK]\x88\xdc\x07&9\x0d\xef\xa2gXZG_\
\xc1\x0d\x0b@Fn\xbaw-\x81\xa4\x8b\xd4\xe5\xd8(\
C\xa6r.\xb2\x15\xed\x08\xf4\x1f\x07\xa9i\xba#\x95\
\x92})\x7f\xdd\xc3\xd5\xe98\x01\xb6;\xc0\x86\x00\xdc\
\x16>\xa9;\xc6\xb51\xba\xd5\xfb\xe5\xd3\xc1$G\xfe\
\x8e\x02\x99\xc6\x1e\xebT\xc5\x00w\x87\x97B\x91\xac|\
\xbfR\x15\xdfS\xf7\xfaW\xde\x8d\x9e\xd1\x1d\xc4.d\
\x06\xe02\x06\x8c\xa7ug\xb0-30\x17\xd1\x05w\
\xa1o\xdaN\x00\xb2\xc2}\x84\xd2\x8a\x22\xaf\xc6\xcb\xe4\
\xdfk\x94\xb8-p\xd4m\x0b\xd5\xc6\x85\xe9\x94\xea\x08\
7\x99Gk\x96 \xed\xab\xd7\x1d\xc7\xae,@^\xe3\
/#\x05\xc0%\x9b\xd6\xfb\x99\xf1\x87\xbac\xd8^\xb6\
b\x05z\x16\xceF\xba\xa6\x09@\x9f\xee8\xa5\xe0\x97\
\x89\xd0\xaa\xb4\xa2#\xbas\x94\x0cE\xad\xaa-\xb8J\
w\x8c\x121\xa0\xfa\xca\xb6Y-\xb5S8\x1a\x5c\xad\
;\x8c\xdd\x11\xf0\xaf\xa4A\xd0\xefI\x01pI\xc2\xfb\
\x08\x009hdD\xc8\x87\xe4\xa4\xd5\x88\xd5\xa7`\x06\
_\x87\xb4\x1d\xbe!f\x18\xdf\xee\x8c(\x00\xac;K\
\x09`u0\x9c\x05\xcbk\xd30\x14\xa7=\xdb\xf9h\
M\x92\xcfD\xd6\x80Q\xa6;PI`\xd4d2\xe6\
\x83\xbac\xd8\x85\xfc\x92\x0d1`H\xd7\xa8\xd1R\x9e\
IH\xcc\xfe$\xe2\xb3\x8f\x81\xbd\xfbu\xc7\xb1\xb3C\
i\xff\xe2\x0b9\x8f\xf4\x09\x18\x06'\x8d\x1d\x1c\xf5\x96\
r\x07\xba\x82#\x8b\x0e[\xed\x15\x87\xd5\x87\xd5\xab\x94\
i\xc8.\x89Q\x22\x86\x1c\x0a4D\x0a\x00\x00x\xee\
\xb9\x00\x83\x1f\xd1\x1d\xa3dY\xc1\x9b\x10]p+\x06\
\xa64\x83I\x16\xd8\x5c\xc7\xd7;+\xe6\x00\x18\xd0\x9d\
\xc3\xc6R\xea`d\x96\xee\x10\xb6\xc5\xe8P\x9d\xa1\xad\
\xe6\xd1\xda\x9b\x90\xf4\xdf\xa2;N\xc9b<&\x8f\x01\
.\x92\x02\x00\x00\xca\x92\x9f\x04 \x0b\x8e\xc6\x87\x90\xaa\
jD\xac\xbe\x16\xe9\xaam`\x96\x93\xf0\xae\xd2\x933\
\xa6\xbc7\xe0\xdf\xad;\x87]q\xa7o\x17R\x86\xec\
2\xf9\xb8A\xd5\xef\xdbf\x1d\xad\x8dpOh\xad<\
\x1e\x19\x18\xd7u\x8e\x00\x00 \x00IDAT'B\
U&e}Bw\x0c;\x90\x1f$\x00\x06\xf8\x0ft\
gp\x0c6BHNY\x83X}?T\xa0\x19\xf2\
\xdc\xfb\x0a?\xe8._n\x01\xd2|\xe9j\x8c\x0b\xdc\
\x1arN\xfb\xed<\xe1\x9c\xb1[\x1d\xab\x8e\xf2\xe9\xca\
5\xb0\xc8v[IK\x16)Y\xf0\x0d)\x00\x80M\
\x9b<\x0c<\xa6;\x86\xe3\xb0w\x0abs\x1b\xd17\
\xf30\x94!m\x87\x87d\x19\xc1_\xc4B\xed\xbas\
\xd8\x8du<\xd4\xc6\x16\x85u\xe7\xb0\x0bb\xb4X\xed\
\x95\xfb\xd5\xb1\x9ae\x9c\xf3\xcc\xd0\x9d\xc7i\x0c\xd0g\
\xf8\x099\x07G\x0a\x80\xde\xa3k\x00L\xd0\x1d\xc3\xb1\
\xb2\xe1\xc5\x88\xd5\xdf<t\xacp\x97\xee8v\xf0Z\
op\xd5\x80\x22Y4y\x89I\x07q\xd6\xef\xce\xfe\
\x1b\x1f\x17\xe7X\xd9v\xb3\xa5\xae\x1eI\x9f\xa3\xdb\xf4\
\xea\xc4\xc0Ds\xee\x82F\xdd9ts}\x01`(\
\x8f\xbc\xfb/8\xf2\x5c<VxaX\xda\x0e_\xf4\
\xad\xae\x8a\x00\x00\xa5;\x87\x0d(u \xec\x85\x1c\xd1\
\x9a\x1bj\xd3\xebQ\x17\x22\xab\xc0\xf2\xee\xb4\xd0\x14\x19\
\x8f\xea\xce\xa0\x9b\xeb\x0b\x00\x06?\xa4;\x83k\xa8\xa1\
\xb6\xc3\x89y\x1d\xb0\xfc\xae\xde\x12w<\xe5]\xd8\x96\
\xf55\xeb\xce\xa1]\xbf\xb7\x99\x13\xde\x9bt\xc7\xd0\x89\
,c\x8f:Y\xd5\xee\xc66\xbd\x9a\xb9\xfe\xb5\xdf\xdd\
U\xf7w\xffn6y\xd4)\xdd1\x5c\xcb\x9f\xdc\x83\
\xf2s\xe5 \xb5@w\x14\x1d*=\xaa\xe7\xd9\x99q\
?4\xed@!0\xd6M|]\xc7\xad/b$\xd5\
\xf6\xf2\x01\xcex\xdc\xb9\x97\x9d\xe9\x94:\x1f\xe9\xe6D\
\xe0.\xddQ\xdcJy\x8c\xd9\xc1\xbfmq\xed\x9a\x1c\
w\xcf\x00\x18\xf2\xee_\xabld\x09b\xf5s0X\
\xf7\x0e\x80\xa8\xee8\xc5\xd6k\x19u\xef\xf4\x07\xf6\xea\
\xce\xa1\x0b_\xf0}\xe0\xd2\xc1?\xc1\xf1\xb2mVK\
\xcdT\x19\xfc\xf5\xf2X\xfc\x80\xee\x0c:\xb9\xba\x00 \
\x99\xfe\xd7\x8f\xc9\x8b\xc1\x09\xf7 \xda` \x17j\x02\
`\xea\x8eTL/D#+MF\x9b\xee\x1cE\xc7\
8\xad\x8e\x87\xdd\xb6\xf0O!\xe3iVGkMu\
>\xb2F:\x1d\xea\xc7\xec\xee1\xc0\xbd\x05\xc0\xa6\xf5\
~\x10\xe40\x08\xbb`\xa3\x1a\xbd\xb3V#1\xa7\x1d\
\xca\xe7\x9a\xc3rL\x86\x7fCO\xd8u\xbb#\xf8h\
\xa8\x03\x16\x5c3\x00\x92e\xec\xb5NV\x1e\xb7NT\
7\xb2Iu\xba\xf3\x88!\x84\xfb\xf9\xcf\xe6\xbb\xe6\xe7\
\xf0j\xee-\x00\xe2\xbeF\xd8\xb0G\xbb\xeb\x99e\xf3\
\x10\x9b\xbf\x0c\x03S\xb7\x83qZw\x9cbhJ\x96\
\xdd\xd5\xab\xe8}\xdd9\x8a\x85\xb3\xb4W\x9d\xf7\xbbc\
\xea\x9b\xe9\x82\xea\x08\xbdo\xb6\xd6\xdc\x81\x94\xafAw\
\x1c\xf11\x91t\xd8\xbbRw\x08]\x5c[\x00\x18\x86\
\xbc\xfb\xb7\xb5T\xe5*D\x17NF\xba\xa6\x09\x8c~\
\xddq\x0a\xed\xeb\x17*k\x00\xe4t\xe7(\x02\x93\x0f\
D\xcau\x87(\x82Kmz\xab9\x1a\xbaSw\x18\
q}\x06\xb0Vw\x06]\x5c[\x000\xbb\xf7\x9b^\
:\xc8\x7f\xb1\xed\xf0\xfcA\x98e\xef\xc0\xc1m\x87O\
g=s\x8f\xa6}\xdbu\xe7(\xb8\x84\xb7\x99\xfb<\
\xf3u\xc7( F\xd6\xb3\x83\x8fW'\xa4Moi\
 \xf0\x1a\xdd\x19tq\xe76\xc0\xe7\xd7\x87\x88|1\
\xc0=\xcf \x1d\xc17x\x04\xe5gL\x18\xca\x91\xed\
b#\x06'\x9e\x9b\x15S\x06PS\x8c\xfbi\xd8\x06\
\x18W\xefV2g\xa9(\x7f\xbfb#\x8b\x8e\x98g\
\xcaM\x0c\xf8\x1d\xf9\xf3\xe9`\x19\x7ff\xa0\x9a\xbey\
6\xa5;H\xb1\xb9s\x06\x80<\xab \x83\x7f\xe9\xc9\
\x85nF\xac\xfe\x16\x0cN\xde\x01&\xc75\xd4I*\
\xaaz\xa3/xHw\x8eB\xe13\xfe\x83N\x1c\xfc\
\x99\xd1\xa9\xbaC\xef\x98\xad\xb5\x0be\xf0/I\x81t\
 \xb2\x5cw\x08\x1d\x5cY\x00\x18 \xd7N\xf9\x94>\
\x22\x0cV\xafD\xac\xa1\x9a\xd3Uo\x00pT\xdb\xe1\
\x9fEC\x8dY\xd01\xdd9\xf2\xce\xc2\x87\xeaDh\
\x95\xee\x18y\x96RI\xdf\x9b\xaa\xa56\xc4]\xa1{\
\xe0\xd2\xd7S'p\xeb:\x00W\xfe\xc02h\xad\xee\
\x0cb\x9c\x98B\x94\x9cr?b\xf3\xe3\xb0\xfc\xdb\xe0\
\x90\xb6\xc3\x0a\xf0|\xaf;<\xa0;G\xbeqk8\
\x01\x86Ww\x8e\xbc\xc9\x19\xef\xab\xe3\xd5=\xdc^y\
\x1f\x98\xdc\xb0\xa8\xd1\xd1\xdc\xba\x0e\xc0}\x05\xc0\xf3\xcf\
\xfb\x00,\xd5\x1dC\xe4\x89\xf2\xcd@|\xde\x1a\xf4\xce\
\xdc\xeb\x94\xb6\xc3\xef'\x03wt\x9b\xc6.\xdd9\xf2\
\x85\xd3\xc6.\xd5\xe9s\xc4\xef\x1c+\xb4Z\xa7+\xde\
\xb3\x8e\xd5\xdc\xc9Yi\xd3\xeb\x14\x0c,\xe3\xf5k\x9d\
S\xa0\x8e\x90\xfb\x0a\x00\xee\xbe\x0d@Pw\x0c\x91g\
\xb9\xf0\x12\xc4\x1a\x16apB3\x98\xbau\xc7\x19\xaf\
\xafwTL\x059\xa2kb\x96\xf7\x87\x9dp\xdco\
\x9c\xa3\x81&\xd5Z7\x1f\xfd.9\xc3\xc0]\xc2\xb9\
\xd4\xf9E\xbaC\x14\x9b\xfb\x0a\x00\x0f\xb9r\xb1\x87K\
\x18\x18\xackD\xb4\xde\xcf\xd9\xf27\x00dt\x07\x1a\
\xab\x8e\x9cg\xc6\xbe\x94\x7f\xa7\xee\x1c\xe3\x16\xf5m\xe7\
\x01\xcfl\xdd1\xc6!\xc7)\xdf[\xaa\xb5V\xa9\x8e\
\xf2\xd5\x8ez\x8c!\xaeD\x86\xeb\xc6\x06\xd7\x15\x00\x06\
\xb3\xeb\xbe\xc9\xeecTR\xdf\xf4\xfb\x11\x9f{\x01\x96\
\xef]\xddi\xc6\xea\x9f:#\xcb\x14\xa8Sw\x8e1\
ct[GB%;\xf5\xcf\x96\xb1\xc7\xfa\xb0\xaaM\
\x9d\xac\xbc\x97-\xaa\xd5\x9dG\x14\x16\xc3}c\x83\xeb\
\x0a\x00\x86\xcc\x00\xb8\x86\x15\x98\x8d\xf8\xfc\xbb\xd17c\
\x0f\xd88\xae;\xceh\xa5\x15\x85\x7f\x15/+Xn\
.\xf01 |*x\x14\xb9\xd2[ \xa7\x18m|\
>\xf2\xaej\xadY\x82\xb4\xd7\x95\xad\xaa\xdd\x89\xdc\xd6\
\x9c\xcae\x05\xc0w\xfe\xae\x1a\x80\xfcB\xbbM6\xb2\
\x04\xd1\xfaYH\xd7\xbe\x0ePI\xb5\x1d~\xa57\xb4\
*\xcd\xc6a\xdd9F\xcd\xa4V\xd5\x1e(\xb5m\x7f\
\xbd\x1c\x0f\xbc\xc3-uSU\xbc\xecn\xddaD\xb1\
\xf1B\xfe\xd2\xdcJ\xdd)\x8a\xc9]\x05\x80\xa1\x96\xc0\
\xad\xa7\x1f\xba\x1e\xf9\x91\x9c\xf8I\xc4\xe6\xd3P\xdb\xe1\
\x928V\x98\x19\xc6\xb7;\xc2\x8c\xd2\xda\xe6\xc8|$\
\x9c\x05\x97\xcc\xeb\xcbP\x9b\xde\x9a\xac:_~\x0f\x18\
~\xdd\x81\x84\x16\x86i\xf8o\xd7\x1d\xa2\x98J\xe5\x17\
4?\x0c\xbeMw\x04\xa1\x99\xf2\xd6\xa0w\xd6j\xc4\
\xe7\x1c\x03{\xde\xd3\x1dg$\x0e\xa5\xfd\x8b\xcf\xe7\xbc\
\xa5\xd3' \xe9\xdd\xaez\xbc%q\x22\x1e[\xb4\xd7\
:Uy\xf8b\x9b^c\x82\xee<B/\x0b\xee\x1a\
#\x5cU\x00\x18\x84\x92xQ\x12E`\x95\xdd\x84h\
\xfd]HN\xd9\x0d\x22\xdb\xb7\x1d\xfezGd\x1e\x80\
R8 (e\x1d\x08\xcd\xd1\x1dbX\x8c\x0b\xdc\x15\
nVGko\xc7\xa0\xef\x16\xddq\x84M(w\x8d\
\x11\xae*\x00\x98\xc9U\xd5\x9d\x18\x81t\xd52t7\
L@\xaa\xfaM0\xdb\xf6X\xe1\xa8\xe9\x99\xbc{ \
\xb0[w\x8e\xe1p\xa7o\x17\xd2\xc6T\xdd9n`\
\x90\xfb\x03o\xa8\xd6\xbar\xd5\x1dl,\xf8JHQ\
R\xc8\x80\xab\xc6\x08\xf7\x14\x00\xeb\xd7{\x01\xdc\xa4;\
\x86\xb0#\x0ab`\xf2}\x88/\x18\x80Y\xb6\x15\x80\
\xd2\x9d\xe8Z\xbe\xdf\x1dYn\x81\xce\xea\xceq]\x8c\
\xf3|4d\xd7Cr\x98\xb3\x9ef\xebXu\x5c\x9d\
.\xbf\x9f\x15\x22\xba\x03\x09\x1bb,\xe2'\xe0\xd1\x1d\
\xa3X\xdcS\x00L\xf7-\x84t\x00\x147\xa2|\x93\
\x90\x98\xb3\x16\x89Y\xadP\x1e\xdb\x1d+\x9ce\x04\x7f\
\x1e\x0d\x9d\xd1\x9d\xe3z\xf8D\xa8\x9dM\x0a\xe9\xceq\
5R\xd4b\x9d\xae8\xa8\x8eW7\x22\xe7\x99\xa6;\
\x8f\xb0\xb5`v~\xbdkv\x8a\xb9\xa7\x00PX\xac\
;\x82(\x11f\xe8f\xc4\x16,Br\xd2\xdb\x80\xbd\
\xda\x0e\xff\xae\xafle\xbf2\xf6\xeb\xceq56\xe9\
\xa0:\xe3\xb7\xdb>\xeaN\xd5\x15\xdcn\xb6\xd46\xa0\
_\xda\xf4\x8a\x11br\xcd\x9a\x10\xf7\x14\x00\x8c\x85\xba\
#\x88RB\x06\xd25\x9f@\xb4\xa1\x8a\xd3\xe5\xdb\x00\
\xfb\x9c\xcb\xfflGE\x19\xec\xb5\x8dQ\xe1@\xd8\x0b\
\xfbl\xb1\xcd\xf2\x80\xaf\xc9j\xa9\x0dqwx\x15\xdc\
\xf4:'\xc6\x8f\xd1\xa0;B\xb1\xb8\xe6\x17\xc30\xe4\
\x00 1\x06LaJN_\x83\xf8\xfc\x18T\xa0Y\
w\x1c\x008\x91\xf14\x9c\xcaxl\xb3-\x90{\xbd\
\xcd*\xe1\xb5\xc5\xfa\x1a\xce\x19\xbb\xad\x13\xd5\x1d\xaa\xad\
r5T\xe9\x9dB(l\x80\xc85c\x85k\x0a\x00\
f)\x00\xc48X\xbe\xa9\x88\xcdmD\xdf\xb4}\x00\
\x1d\xd3\x1d\xe7[\x9d\x1571\xb8Ww\x0e0\xfa\xf9\
pP\xff;&\xa6\x93\xea\x5c\xe4}u\xacf\x192\
\x9e\x99\xba\xe3\x88R\xa6\xeau'(\x16\xd7\x14\x00\x90\
#\x80E>d+nG\xcf\xc2\xf9\x18\x9c\xd0\x0c\xa0\
GW\x8c^\xcb\xa8k\xea\x0f\xee\xd3u\xffK\xf8\xbc\
\x7f\x0f\xa7=\x135F\x88s4\xd0d\xb5\xd4\xcc\xe4\
D\xd9\x9d\x1as\x08\xc7 \xfd\x05m\x91\xb8\xa3\x00\xf8\
\xfe\xdfN\x02P\xa5;\x86p\x8c\x8bm\x87c\xf5^\
\xe4\x22\xdb\x00du\x84\xd8\x10\x0d\xad\xca1\x9d\xd2q\
o\x00\x00\xa3]\x9d\x08\xe9Z\xf8gr\xca\xf3\x8e\xd5\
Z3\xd4\xa6\x97\xa4M\xaf\xc8\x97j\xfe\xcb\xfa:\xdd\
!\x8a\xc1\x1d\x05\x80by\xf7/\xf2Oy\xaa\xd0;\
c\x0d\x12s\xdb\xa1|\xbb\x8a}{\x8b\xc9\xb7!\x1a\
\xd16\x0b\xc1-\xa1.X\xc5\xdfZK9c\xafy\
\xb2\xb2]\x9d\xac\xbe\x07\x96!mzE\xde\x99^\xc3\
\x15\x8f\x01\xdcQ\x00\x90a\xff\xa3IE\xe92\x03\x0b\
\x10\x9b\xbf|\xa8\xed\xf0\x87\xc5\xbc\xf5;\xfd\xfeeq\
\x93\xde/\xe6=\x01\x00Y\xda\xa3:\xfc\xcb\x8azO\
F;_\x08\xef0\x8f\xd5\xdcA)\xdf\xbc\xa2\xde[\
\xb8\x8a\x22v\xc5\x98\xe1\x8e\x02\x80Y\x16\x05\x89\xc2\xbb\
\xd8vx&\xd25M \xf4\x15\xeb\xb6\xdf\xe8\xac\xac\
\x01\x90+\xd6\xfd\x00\x98| RQ\xc4\xfb\x0d\xa8\xbe\
\xb2mVK\xdd$\x15\x0b\xae,\xe2}\x85[1\xcf\
\xd0\x1d\xa1\x18\x5cQ\x00\x18\x04W|3\x85\x1d\x90\x0f\
\xc9I\xab\x11\xad7\x8b\xd5v\xf8L\xd63\xb75]\
\xc4n\x81\x09_\xb3\xea\xf3\xcc/\xc2\x9d\x18\x19O3\
\x1f\xab\x19\xe03\x915`\x94\x15\xe1\x9eB\x80\x89\x5c\
1f\xb8\xa2\x00`@f\x00Dq)\xcf\xc5\xb6\xc3\
\x89Y\xc7\xc1\xde\x82\x9f\xdc\xf7\xed\xce\x8a\xdb\x14\x10+\
\xf4}\x00\xc4\xd5\xa1P\xc1OJ#\x8b\x0e[\xed\x15\
\x87\xad\x13\xd5\x8d*g\xe8\xdce \x5c\x88\xe0\x8eY\
cW\x14\x00`\x99\x01\x10\x9a\x98\xa1\x85\x88.\xb8\x0d\
\xc9)\xbb\xc1(X#\x9f\xa4\xa2\xaa\xdf\xf5\x06\x0f\x15\
\xea\xfa\x97p{\xd9A\xceRM\xe1n\x80\x0e\xee\x0a\
7\x9bGkoF\xd2/\xc7w\x0bMd\x06\xc09\
Hf\x00\x84f\xe9\xaae\x885\xd4\x22]\xb5\x0d\x8c\
\x81B\xdcbS,\xd4\x98\xe1\x02\x1eR\xa4pB\x9d\
,[U\xa0\xab\xa7T\xbfo\x9b\xd5Z+mz\x85\
\x1d\xb8b\xccp~\x01\xf0\x8f\xeb#\x00\x8a\xb9`I\
\x88kc#\x88\xe4\x945H,H\xc0\xf2\xbd\x03\x80\
\xf3yy\x05x\xbe\xd7\x1d\x19\xcc\xe75\xaf\xb8\xfe\x91\
p\x1f\x18y\xdfo\xcfYc\x8fu\xbc:\xce\xa7+\
\xd7@Q8\xdf\xd7\x17b\x0c\xaay\xfdR\xdbu\xb6\
\xcc7\xe7\x1f\x9e\x11\x0cL\x84i\xcb\xf6\xee\xc2\xad,\
\xef4\xc4\xe7O\x83o\xf00*N3\x88\xf36\xd5\
\xfd\xc1\x80\xff\xf6\xee\x9cw\xe7\x04\x9f\x99\xdf\x03z\x06\
\x8d\x9d\xdc\xe5\xcb\xeb5Y\xa1U\x9d\xa9\xcc \xe9[\
\x92\xcf\xeb\x0a\x91\x0f\xe9\xdc\xe0\x04\x00\xed\xbas\x14\x92\
\xf3g\x00r<Aw\x04!\xae)\x17Z\x84h\xc3\
\xa2\xa1c\x85\xbb\xf2u\xd9\xafwD\xa6\x81\xf2\xda\xbd\
0\xa3\x0e\x84\xa7\xe4\xedj\x84\x18G\x03M\xaa\xb5n\
\x01\x92\xbe\xdb\xf2v]!\xf2\xc8\x93S\x8e\x1f;\x9c\
_\x00\x10\x1c\xffM\x14\xa5\x8c\xe8\xe2\xb1\xc2\x0b\xc3C\
m\x873\xe3\xbdb\x87\xe9\x99\xb1w\xd0\xbf3\x0f\xe1\
.\x8a\xfav\xf0\xa0gV\x1e\xae\x94\x1bj\xd3\xeb\xbd\
x|/<y\xb8\xa6\x10\x05\xa1\xc8\xf9o\x1e\x9d_\
\x00\x80e\x0b\x91\xb0?u\xa9\xed\xf0\xdc\x0eX\xfe\x1d\
\xe3\xbd\xdc\xf3]\x91e\x0a\xd49\xee\x5c\x8c.\xebH\
h\xe9x/C\x96\xb1G\x9d\xac>\xad\xda*W\xc3\
\x22Y\x93#l\xcf0\x9c\xbf\xfd\xd4\x05\x05\x80\xcc\x00\
\x88\x12b\x05f!>o\xe5\xd0\xb1\xc2\xc7\xc7z\x99\
\xb4\xa2\xf0\xcb\xb1\xe0\x89\xf1\xc6\xe1S\xc1\xe3\xc8Q\xf9\
\xd8/@\xa7\xd4\xd9\x8a\xddfk\xcd\x12Ny\xe4\xf8\
^Q2\x94\x0b\xc6\x0e\xc7\x17\x00\x06\xd8\x15]\x9d\x84\
\xc3d#K\x10\xab\x9f\x8dt\xdd[\xa0\xb1\xb5\x1d\xfe\
uopU\xca\xc2\xe11g\xb0\xa8E\xb5\x07\xc6z\
\xf4n\x02\xf1\xb2f\xab\xa5f:\xf7\x16\xb9g\x80\x10\
y@J\x1e\x01\x94>\x22i\x03,J\x13\x93\x0f\xc9\
\x09\xf7\xa2\xa7\xc13t\xac\xb09\xaa/\x07\xe8\xdb]\
\x15\x8c\xb1m7du(l\x82G\xfd\x1a\xa1\x90\xf1\
4\xabc\xb5\xa6u>\xd2\x08&\xdf\x18\xee-\x84v\
l\xa0Rw\x86Bs~\x01\xc0\x88\xe8\x8e \xc4\xb8\
\xb0Q}\xf1X\xe19\xa7\xa1|\xa3\xea\xfcw8\xed\
[|6g\x8c\xbaO\x00'\xbd\xdb9\xea\x1d\xd5\x91\
\xbfl\x1a\xfb\xac\x0f+OX'\xaa\x1b9G2\xf3\
&J\x1a\xb9`\xecp|\x01\xc0\xc0\xd8\x9f_\x0aa\
'f\xd9\x5c\xc4\xe6\xdf9t\xac\xf0\xe9\x91~\xd97\
;*\xe6\xf1\xe8N\x1f\x1c\xe4\x03\xa1\xd1\xb4C=\xcf\
]\xe1fu\xb4\xe6v\xa4}\xae\xe8\xa3.\x5c\xc1\xf1\
c\x87\xe3\x0b\x00\xc0\xf9U\x9cp\x99t\xd52D\x17\
NA\xba\xa6\x09\x8c\xfe\xe1>=jz&\xef\x1a\xf4\
\xef\x1e\xe9\xe5\xf9\x82\xef=N\x1bSG\xf0\xa9\x17\xdb\
\xf4\x1e\xa9\xabQ\xdd\xc1\xc6\x91^_\x88R@.\x18\
;\xdcP\x008\xbe\x8a\x13n4\xd4v8\xbe`\x10\
f\xd9;\x18\xa6\xed\xf0?\xf7DVXLg\x86\xbd\
\xac\xc2y>\x1e\xbak\x98\xcfbd=;\xac\xe3\xd5\
\xbd\xd2\xa6W8\x95\x1bf\x8f\xddP\x008\xbe\x8a\x13\
.\xa6\xbc\x93\x90\x98s\x0f\x12\xb3\x8eA\x19\x07\xae\xf7\
i9Ee?\x8d\x86\xcf\x0dw9>\x11:\xcd&\
]\xf7\x0ct\xb2\xe8\x88\xd5^q\xc8:^\xbd\x12Y\
\xcfHf\x09\x84(U\x8e\x1f;\xdcP\x00Hs\x11\
\xe1|f\xe8&\xc4\xeaoAr\xf2;\x00]\xb3\xed\
\xf0\x1b\xfd\x81\x15I\xcb\xd8w\xddk\xe4\xe8\x80:\xeb\
_~\xcd\x8f1:Uwh\x97\xd9Z{\x13\x92\xfe\
Q-\x0e\x14\xa2DI\x01P\xfad\x1b\x92p\x0b\x22\
\xa4\xab\xefA\xb4\xa1f\xe8X\xe1\xd4\xd5\x9f\xf1\xb5\xae\
H\x04\xd7\xdeNh\xa9}\xe12\xe0cmx\xb3<\
\xe0k\xb2Zk\xc3\xdc\x15Z~\x8d\x8f\x0b\xe1T\x8e\
o\x96\xe7\x82\x02\x80\x1d\xffM\x14\xe2\x0aL!JN\
_\x83\xd8\xfc\x04T\xa0\x19\x97\x9d\x03\xd0\x96\xf6\xcd\xff\
0\xe5\xfb\xf8Q\xc3}\xdef\xee\xf7^\xb1\x82\x9fs\
\xc6nu\xbc\xbaS\xb5U\xae\x86\x22\xc7\xbf\x1b\x12\xe2\
r\x0c8\xfe\xcd\xa3\x0b\x0a\x00\xe7WqB\x5c\x93\xf2\
MAln#z\xa7\x1f\x802\x8e^\xfa\xe3o\xf6\
\x94/\x06\x10\xff\xe8\xf3\x08\xbd\xd6\xc1\xd0\xa2\x8f\xbe\x8c\
\xe9\xa4:\x1b\xf9@\x1d\xabY\xc6Y\xcf\x8c\xe2\x86\x16\
\xc2\x1e\x88\x9d?vH\x01 \x84\xd3\xe5\xcaoC\xac\
a\x01\x06'4\x83\xa9;iR\xf5\xdb\xfd\x81\x8f\x16\
\x0c\xf2Y\xff>d\x8cZ\x00q\x8e\x06\x9a\xb8\xa5v\
\x16\xf7\x96\x8d\xbb\x01\x90\x10%\x8dd\x06\xc0\x09\xa4\x00\
\x10\x0200X\xd7\x88h\xbd\x9f\xb3\xe5o\xbc\xd8\x1d\
\xb93\xc7\xc6\x09(\x9cT\xc7B\xcb8\xe5{K\xb5\
\xd6*i\xd3+\xc4G\x1c?v8\xfe/\x08w\xfc\
\x1d\x85\x18!\xa3\x92\xfa\xa6\xdfoy3\xed?\xee\xfc\
\xf0\xe4\x1fw\x96g\xac\x13U\x0ai\xef\xbd\xba\x93\x09\
a3\x8e\x9f\x01p\xfc\xe0\xb8\xe0\x0d9\x99T\x88\xab\
\x95[\xccw\xf7\xd6\xe7\xf6\xf5+\xcf\xdcI\x9d\xf0\x06\
t'\x12\xc2\x8e\x8e\x0e\xff)%\xcc\xf1\x05\x00.n\
y\xf2\xeb\x0e!\x84\x1d\x04\x98{\xefL\xe6\xf6M\xc9\
\xaa\xa5\xf3\xb3|s{z\x96Q~\xb6\xab.P\xc6\
\xefTN\xc6\x22\x8f\x075\xba3\x0aa\x139\xdd\x01\
\x0a\xcd\xf1k\x00h\x94-T\x85p\x22\x02\xd4\xc2\xb4\
\xd5\xfcH<\x9d\x9d\x9cUk&\xe5\xf8\x03b\xcc\x01\
h\xd6\x05\x9e\xf3~.\x8d{zN1\xf5\xf5\xa0\x09\
\xc3\x1c+,\x84K8~\xecp\xfc\x0c\x00\xbb\xe0\x9b\
(\xc4\x8dL\xcdY\xfb\x97\xf5\xe5\xca\xbc@#@\xf0\
0\xa2\xd5\x8an\xbft<@\xd4\xaa[2\xd1s\xa6\
\xcbG\xb9\x89\xa9^\xac\x1e\xec\xc3\xc9\xaa\x89\x88\x97E\
 ;\x01\x84\x9b\xc9\x0c\x80\x03H\x01 \x5c)\xa4\xf8\
\xc2'\xfb\xb2\xcd+\xfbr\xb7z\x81\x86K\x7f>\xdd\
\xe4#\x00W~\xf4\x89D\xe5m\xaa\xfe\xa3\x87\x9d\xc4\
\x98\xdb\xdb\x89\xa5\xdd\xed\xd8mei\xc4m\x87\x85p\
\x18\xc7\x8f\x1dR\x00\x08\xe10>`py\x7fn\xdb\
C\xf1LUEN5\xe2\xb2\xe3{\x83\x8a\x8f\x86\x14\
V]\xfd5)D\x1a\x07\xb9\xbc\xe5\xf2?S&\x96\
\xf5\x9c\xe1\xc9\xf1s\xd4\xa4\x18\xc9\x22D\x17\xc2FH\
f\x00\x1c\xc0\xf1\xdfD!\x86\xf0\xfc\xb4\xf9\xce\xa3\xd1\
tlz\xd6Z\x03 x\xf5'L\xcf!\x0d\x5cs\
\x9f\xbf\xd1\xa6\xeaM\x5cvl\xf0\x10\x7f6\xcd\xab\xbb\
Oa \x19\xe5]\xe0\x8f}\x5c\x08\x87R\x8e\x7f\xf3\
\xe8\xf85\x00\x00\x0d|\xfc5M\x08g\xa9\xcdq\xcb\
\xaa\xfe\x8c\xe9g\xdcs\xbd\xcf\xa9\xb1h\x87\x17\xbc\xf2\
z\x1f7\xe1\xbd\xa5\x87'\xef\xac\xa3\x8e\x15\x1f\xfb \
c\xd2@\x82&\x0d\xf6RK\xe5d6\x03!HG\
@\xe1p\xe4\xf8Y/\xc7\x17\x00\x04\x95di`&\
\x1c*\xc8\xdc\xb9\xb2/{\xac\xda\xe4F\xdc`F\x8f\
\x80\xf4$\x93\x87=\xd7\xff\x02\xcf\x9cYK\xdd\x83\x04\
+t\xad\x8f3\xf3M\x89\x0b`\x8f\x17;\xaa\xa7b\
\x96\xc7\x87\xa9\xe3\x88/\x84\x9d9\xbe\x00p\xc1#\x00\
\xea\xd7\x9d@\x88|#F\xf6\xf6\x81\x5c\xd3C\xd1t\
\xa8\xda\xe4{0\xcc\xef\xf2\xd4,\xef\x04x\xfap\xd7\
e\xa6\xa9g\xd5\xec\xf7\x86\xbb\xbdebe\xcfiT\
&:x\x1b\x18\xe9\xd1d\x17\xa2D8~\xecp|\
\x01\xc0.\xa8\xe2\x84\xbb\xccI[\xbb?\x13Ow\xcc\
K[\xab\x89\xa8|\xb8\xcf\xf71:*\x18\xcbFz\
\xfd8\xd7\xdd\x95\x85\xff\xfc\x08>5\x9c\x19\xa05]\
'\x11\x1b\x88\xa3y\xa4\xd7\x17\xa2\x14\xb8a\xecp|\
\x01\x00\x17Tq\xc2\x1d*\x15\x9f|8\x9e~\x7f\xc9\
@n\x99\xc1\x989\xd2\xaf\x9b\x99\xc3\x87\x00\xc2\xa3\xb8\
U\xa8M-<5\xd2Of`j2\x86\xc6\xee6\
\xdegf\x1c~v\xaap\x0d\x22v\xfc\xd8\xe1\xf85\
\x00pA\x15'\x9c-\xc0\x88/\xef\xcb\x1e\x9c`\xaa\
U\x00\xe6\x8e\xe6k\xc3\x0a\x87\xfc\xcc\x1f\xdb\xf67\x9c\
4\x07W\xf5q\xe5\x81\x0a\xea\xbdu\xa4_\xa3,\xba\
=z\x16\xca\xebGs\xf5\x144\x18^\xd4\x8d\xf6\xbe\
B\xd8\x85\xcc\x008\x00\x11\xc5ug\x10b,\x08\xc8\
-\x1e\xcc\xbd\xf5H4cM0\xd5j\x8c\xb2`'\
\x80g\xe4\x98\x801\xad\x82\xa53\x5c\xefc@\x8d\xf2\
\xeb\x0c3\x8b\xc6\xeevx\xfb\xba\xd1\xcc,\xdbpE\
i\x22E\x09\xdd\x19\x0a\xcd\xf1\x05\x00\x98{tG\x10\
b\xb4\xa6e\xad=\x8f\xc7\xd2m\x0d)\xeb^\x22\x1e\
\xd3;\xe9Z\x93\x9b\x09X4\xd6\x0c\x16\x1b7u\xab\
\xe9;\xc6\xf8\xe5U\xa9>4v\x9f\xa2\xb3\xa9$v\
\x8f5\x83\x10\xfaP\xb7\xee\x04\x85\xe6\xf8G\x00\x8a\xb9\
\x8bH\xb6\x01\x8a\xd2Pnq\xfb\xaad\xee|\xc4T\
\xd7\xdd\xaf?\x12\x060Pka\xc1x\xf3t\xf0\xb4\
\xfa:t\xf4\x1b0\x87]lx-\xcc<\xa7\xaf\x13\
s\x92=\xd8S5\x05\x95\xbe\x00\xe6\x8d7\x93\x10E\
A\xdc\xa5;B\xa19\x7f\x06\x00p|\x15'J\x9f\
\x871\xb0\xbc?\xb7\xedS\x89\xcc\xe4\xf1\x0e\xfe\x000\
\xcd\xc4n\x03\x98\x94\x87h\x13\xce\xa8\xb9\x1f\x8c\xf7\x22\
\xca\xc2\x92\xd8Y\xcc\x8c\x9f\xa3&\xa5\xd0\x97\x87\x5cB\
\x14\x98\xf3g\x00\x1c_\x00\x90\x14\x00\xc2\xde\xd4\xc2\xb4\
\xd5\xfcx<=0t|o`\xbc\x17\x0c(>\x13\
\xb1\xf8\xe3\xa7\xf9\x8dQ/W\xaf\xca \xd8\x96\x87K\
\xf9\xb2i^\xdds\x12\xa6\xb4\x1d\x16vGP\x8e\x1f\
;\xa4\x00\x10B\x93\x89&\x1f\xfet,}d\xd1@\
\xae\x91\x18\x13\xf3u\xdd\x19&\x9d\x07P\x96\xaf\xeb\x01\
\xf0\xb7Y\x0d\x1d\xf9\xba\x18\x13jR\xbdX\xddu\x12\
\xc7\xb3\x83\xd8\x9f\xaf\xeb\x0a\x91O\x06<\x8e\x1f;\x1c\
\xbf\x06\xc0\x0bt\xcb2da'!\xc5\xe7\xee\xee\xcf\
\x9e,7\xf9n\x8cm\x85\xfeuE,\xb5\xcf\xc7\xb4\
<\x9f\xd7\x04\x80\x0c\x02+\xe2\x5c\xbb\xa7\x9a\xa2K\xf2\
uMf,\x8c_\x00<>\xec\xa9\x9e\x82\xc9r\xac\
\xb0\xb0\x93\xb2t\xd0\xf1\x0b\xc8\x1d?\x03px\xf3\x93\
I\x00\x8e\xdf\xce!\xec\xcf\xcb\x18\x5c\x9a\xccm{0\
\x9e\xae*\xbfx|o^\x07\x7f\x02\xac\xe9&]\xf3\
\x0c\xff|8\xab\xe6U\x00\x94\xf7\x0eiV\x0eKz\
N\xa3:\xde\xc1\xdb\x94r\xfe\xdekQ\x12\xa2\xf4\xea\
\xab\x83\xbaC\x14\x9a\xe3\x0b\x80!gt\x07\x10\xee6\
'm\xed\xfet,\x13\x9b\x9d\xb1\xd6\x10h4\xa7\xf2\
\x8d\xd8\x04\x13\xcd\x04\xd4\x17\xe2\xda\x00\xc0\xa0\xf9\x17\xd4\
\x8c\xed\x05\xba|0;@kz\xda\x90\x1c:VX\
Zx\x0a\x8d\xc8\x15c\x86\xe3\x1f\x01\x0c9\x0dH\xfb\
RQ|u9\xabue\x7f.\xeb\x1f\xc5Y\xfcc\
\xe1\x01\x125\xa6Z\x8c\x02oy\xed\xe1\xc9\xb7L\xe4\
\xf31\x0f\x995\x85\xb8>3&'c\x98<\x98\xc0\
\xe1\x8a\xc9\xcc\x81 -.\xc4}\x84\xb8\x11\x06\x9f\xd6\
\x9d\xa1\x18\x5c1\x03\xc02\x03 \x8a\xcc\xaf\x10]\xdd\
\x9bmZ\xd3\x97[\xe0g\x8c\xf88\xdd\xb1\x9a\x96\xe3\
\xfdDT\x90A\xf9r\x0c\xaanG\xfd\xc1B\xdfG\
),J\x9c\xa7E\xd13hV\x16\x1c\xbf\x1f[\xd8\
\x8b\xc1\xec\x8a1\xc3\x15\x05\x00I\x01 \x8a\x84\x18\xb9\
\xdb\x07rM\x8f\xc5\xd3\xbe\xa1\xe3{=\x85\xbeg\x19\
\xe3dXa\xd4\xe7\xfd\x8fUR\x957\x0er\xe4D\
\x11nEf\x16\x8d\xddm\x08K\xdbaQLl\xb8\
\xe3\x11\x80K\x0a\x00r\xc5t\x8e\xd0kz\xd6\xda\xf3\
x,uz^\xdaZ\x0d\xa0\xa2X\xf7\x9d\x91\xe5\x18\
\x00_\xb1\xee\x07\xc0\xdbf5\x14\xf30\x9f\x8bm\x87\
O\xa13\xdd\x87\xb1\x1eM,\xc4h\xb8b\xccp\xc5\
\x1a\x00f\xd5V\xe8g\xa3\xc2\xbd\xaaLu\xa21\x99\
\x8b\x95Y|W\x9e\x17\xf6\x0f\x7foE\xefy\xc1w\
\x15\xf5\xa6\x00L\xf2.\x89q\xdd\xee\x1a\xea)\xe8\xda\
\x86\xcb1cVo7f\xf5\xc7h_\xd5\x14.\x97\
c\x85E\xa1(\x85v\xdd\x19\x8a\xc1\x15\x05@\xcek\
\x1e\xf7Y\xc5|\x83$\xdc\xc0\xaf\x90X6\x90\xdd?\
9\xabV\x02\x98_\xec\xfb\x13#;9\xab&\x16\xb9\
\xe6\xf8\xc89\x9e3\xa9\x9a\xa2\x19\x02\x8f\xfb\xf4\xc2\xd1\
P\x16\xdf\x1e;\x0b\xd3W\x86w\xaa&\xe3f\xc3\x83\
\xdab\xde_\xb8\x80EGuG(\x06W<\x028\
\xf5\xd3\xa7:!g\x01\x88<\xa1\xa1\xe3{\x1f\x8d\xa7\
\xcd\xc9Y\xb5\x06\x80_G\x8e\xc9&v\x10a\xb6\x8e\
{\x03\x00\xb31\xf3\x9c\x9a\xb3S\xd3\xed\xbd\xb94\xee\
\xe9>\xc5F_\x0f\x9a\x18\xc8\xfb\xf9\x04\xc2\xb5b\x15\
/\xbf\x19\xd5\x1d\xa2\x18\x5cQ\x00\x5c\xc4\xc7u'\x10\
\xa5oj\x96\xf7>\x1e\xcb\x9eX4\x90k$`L\
mz\xf3\xc1\xcb\xe8\xa9\xb4\xf8\x0e]\xf7\xbf$\xc6\x13\
\x96\xe6\xd8\xa7o\x95>Qu\xaa\x17\xab\xbbO\xd2\xe9\
T?I\xdba1n\x0c\xb8\xe2\xdd?\xe0\xa2\x02\x80\
A\xc7tg\x10\xa5+\xac\xd0\xfe\xa9\xdel\xd3\xca\xfe\
\xcc\x1d\x1eV\x05;lg\xa4\xa6e\xb9\x85\xa8x\x0b\
\x0do \xd2\xae\xea\xb5\xbf`2\xf3\xdc\xbe.^\xd6\
\xdd\xce;\xcd,\x7f\xa8;\x8f(]\xc4\xec\x9a\xb1\xc2\
5\x05\x00\x012\x03 F\xedR\x9b\xde\x07\xe3\xe9I\
\xe5\x17\xb7\xf5i\x17T|4\x84\xe2m\xfb\x1b\xce \
\x22\x8d\x03\xa8h\xd1\x9d\x03\x00\x94I+\xa2g\xe8R\
\xdb\xe1~\xddyD\xe9!\x22\xd7\x8c\x15\xae)\x00@\
\xee\x99\xd6\x11y\xa1\x16\xa4\xac\xb7\x1f\x8f\xa5\x13Cm\
z\xf3\xd9]o\x5c\xa6\xe7\x90F\x11\xce\x17\x18\x05\xa3\
\xddZ`\xc2>\xc7\xf7\xfa\xb2i^\xdd\xddF\x83\xc9\
\x18\xb6\x83\xa1t\x07\x12\xa5C1\x5c3\x03\xe0\x8a]\
\x00\x00\xa0L:hx\xec\xf2\xfa$\xeclB\xce:\
\xb2\xa2\xdf\xb4\xfc\xcc\x9f\xd0\x9d\xe5j5\xa6\xda\xe1\x05\
\xad\xd4\x9d\xe3j&\xbc\xb7\xf4\xf0\xe4\x1du\xd4a\x9f\
l\xcc\x93\x06\xe2\x98\x94JPK\xe5\x14\xce\xfa\x83\xb8\
Mw$a\x7fL|@w\x86bqM\x010=\
Z{\xf4\xfc\xc4\x9e4l\xf4NN\xd8KPq\xc7\
\xaa\xfelk\x95\xc9\xaba\xc3\xd91\x03HM\xb2\x8c\
\x19\xf6y\xa3}\xa5\x0b<sV-u\x0f\x12\xac\x82\
u$\x1c\x0b\xc5|S\xfc<\xd8\xe3Cs\xd5\x14\xcc\
\xf2\xfa0]w&a[\xa9r\xd4\x15\xe3\x94K[\
\xb0\xdd\x8b\x5c\xa1l\xdd\xfa\x09\x93\xc0Gt\xe7\x10\xf6\
c\x00\xa9;\x06\xb2o>\x1c\xcfD\xaaL^\x0b\x9b\
\xfe^L3\xb1\x0b`\xdb\x0e^\xcc4\xf5\x8c\x9a\xfb\
\x9e\xee\x1c\xd7AV\x0e\x8d\xd1\xd3\xa8\xe9\xed\xe07\x88\
\xa5\xed\xb0\xb8\xa6\x83\xb4y\xb3\xa5;D\xb1\xd8\xf2\x85\
\xaeph\xbf\xee\x04\xc2^\xe6\xa4\xad\xdd\x9f\x89fz\
\xe6\xa6\xd5}\x00\x22\xba\xf3\x5c\x8f\x8f\xd1\x11\xb1\xb8h\
\xa7\xee\x8dU\x82k\x96g\xe1?\xaf;\xc7\x0d\x84\xd2\
\x03t\x7f\xe7)\xea\x97\xb6\xc3\xe2j\xccp\xd5\x18\xe1\
\xae\x02\x80\xe0\x9ag;\xe2\xc6\xaaL\xd5\xf2h<\xfb\
\xde\x92\x81\xdc2\x02\xcf\xd0\x9dg83r|\x12@\
Xw\x8e\x11\x08\xb6Y7\x9d\xd2\x1db8\xcc<%\
\x19Cc\xf7)\xec\xcd\xa6Q\xf0\xee\x86\xa2D\xb8l\
\x8cp\xcd\x1a\x00\x00\x00\x1b\xfb!\x0b\x82]-\xc0\x88\
-\xef\xcb\x1e\x9a`\xaaF\xd8k%\xfdu\x85-\x1c\
\x0a0\xec\xb3\xb8n\x18i\x94\xad\xea\xe3\xaa\x03\x15\x94\
(x\x1b\xe4\xf1R\x0aK\xe2\xe7\xa0\xbc~4WO\
E\xbd\xe1\xc1\x04\xdd\x99\x84>\xcc\xee\x9a%v\xd5\x0c\
@&k\xec\x85L\xf9\xb9\x121\xb2\xb7\x0e\xe4^\x7f\
4\x96\xe6b\xb5\xe9\xcd\x0b\x86\x9aa2\xa1\xd8]\x86\
\xc6\x87N\xab\x05~.\x9dj\xdb\x18j;\xec\xef\xed\
\xc2;\xcc\xc8\xea\x0e$\xb4P\xb9\x80_\x0a\x00\xa7j\
\xfb\xe5\x1f$\xe4<\x00\xf7\x99\x9e\xb5\xf6|&\x9e9\
\xbd m}\x12(\xad\xc61u\x0a\xdb\x09XT\xb8\
;\x14\xa6\xaeP0\x16v\xab\xe9\xdb\x0br\xf1\xc2\xa9\
L\xf7\xe3\x9e\xeeS|>\xd5O\xef\xea\x0e#\x8a\xee\
H\xed\x8f_+f\x9bk\xed\xdc\xf5\x08\x00\x00\x18\xbb\
\x00,\xd4\x1dC\x14^\xb9\xc9mw\xf7\xe7\xce\x86\x94\
\xba[w\x96\xb10\x80\xe4\x04\x13\x0bt\xe7\x18\xab\x0e\
\x9e\xd6P\x87\x8e~\x03f\xb9\xee,\xa3\xc1L\xb3\xfb\
\xbaxv2\x8a=\xd5\x93\xa9\xdc[\xc6%\xfb=\x10\
\xa3\xc1\xbbt'(6W\xcd\x00\x00\x00\xb1\xfb\xbe\xc9\
n\xe3c\xee]\x99\xcc\xbd\xf1\xa9\xde\xcc\x94R\x1d\xfc\
\x01`jV}\x00\xf0$\xdd9\xc6a\xc2\x195\xef\
\x03\xdd!\xc6JYX\x12=\xc7\xb3\xe3\xe7\xf0\x16[\
pEw87#\x22\xd7\x8d\x0d\xae+\x00,\xc3\xe3\
\xbao\xb2[\x5cj\xd3\xfbX<\x9d\x9d\x9a\xb1\xee\x07\
P\xd4>\xf5\xf9\x14P|\xa6\x9ci\x85\xee\x1c\xe3\xd5\
\xcbU\xab2\x08\xb6\xe9\xce1\x0e\xbel\x1a\xf7v\x0d\
\xb5\x1d\x86\xb4\x1dv,fCWkkm\x5cW\x00\
TV\xf6\x1c$`Pw\x0e\x91_S\xb2\xd6\xbeO\
G\xd3\xc7\x17\x0d\xe4\x1a\x89\xa9\xe4Wr\xcf0q\x1e\
%\x5c\xc0\x5c\xc6\x7f\xcaZ\xd8\xa9;\xc4\xb8\x0d\xb5\x1d\
\xee<\x89\xf6t\x92\xdf\xd7\x1dG\xe4\x17\x01\xc90\xaa\
]wP\x5c)\xad,\xce\x9b\xfa'67\x81p\x8f\
\xee\x1cb\xfc\x82\x16\x9f\xb9\xa7?w\xb2\xdcR\xab\xe1\
\x90\x9f\xe7\x0a\xc6\xdeiY\xbe\xa3\x18\xf7*\xefoE\
16\xc6\xcc4N|PE\xd1\xa5\x05\xbfQ\x91x\
\xbc\xfc~\xf5\x14c\x92\xc7o\xff3$\xc4\x88\xbc\x1d\
\xd9\xfc\xd6\xbd\xbaC\x14\x9b\xebf\x00\x00\x80\x08\xdbt\
g\x10\xe3\xe3\x03\x06\x97\xf7\xe7\xb6=\x9c\xc8\xd4\x95[\
j\x0d\x1c2\xf8\x13`M\xc9*\xdb\x9eH8Vg\
\xac\xb9U\x009f\xfa\xdc2\xe9\xce\x9e3<\xe9b\
\xdba\x96\xb6\xc3%\x8e\xd8\x9dc\x82+\x0b\x006\xb0\
Uw\x061f</e\xeex4\x9a\x8a\x0f\xb5\xe9\
\x0d\xea\x0e\x94O\x13sh6@\x8e[u\xced\xcc\
;\xc73Jm[\xe0p\xfc\xd94\xaf\xeej\xa3\xc1\
\xfe\x18\xde\x91\xb6\xc3\xa5K\x11o\xd5\x9dA\x07\xf7m\
\x03\x04\x90-K6\xfb\x07#\xd2\x19\xb0\xc4\xd4f\xf9\
Hc2c\xfa\x18+\x1d\xf2\x86\xff\x0a\x1e Qm\
\xa9\xc5 \xe7\xfd\xdd\x00 \xaa\xa6\xdc:\xd98\x1f\xf3\
\x90Y\xa3;K>\x11c\xd2`\x1c\x93\x06\xfbp\xa4\
z\x02L\x7f\x18\xb6?\x01Q\x5c!\x1d\x09\xbbsw\
\x98+g\x00\xda~\xf4\x7f\xa4\x01\xb6k\xd72q\x95\
\xa0\xe2\xce{{3\xef\xac\xed\xcf4\xf8\xd8\xb9/\xae\
\xd3\xb38@D\x8e\x1a\x1c\xafR\xd5\xce\xf5\xce=w\
\xdf\xc2\xcd\xf1\x0e\xdc\xd2\xd3\x8e\x1d\xa6\x89s\xba\xe3\x88\
\x11\xdbA?\xda\x9a\xd6\x1dB\x07W\x16\x00\x00\x002\
\xb6\xea\x8e n\x8c\x18\xd9\xdb\x07rM\x0f\xc5\xd2\xa1\
j\x93\xefA\xa9\x1c\xdf;\x06e\x8c\x93!\xe6\x929\
\xef\x7f\xac\x92\x5c\xde\x98\xe2\xd0q\xdd9\x0a\x88,\x13\
+\xa3\xed\xa8Jt\xf060\x5c9\xb0\x94\x12\xb7>\
\xff\x07\x5c\x5c\x00\x18\xc4o\xeb\xce \xaeoN\xda\xdc\
\xfe\x99x\xbac^\xdaZMD%u\x92\xdcX\xcc\
\xc8\x22\x0e\xc0\xa7;G\x11xO\xaa\x86\xa4\xee\x10E\
\x10\xce\x0c\xd0\x9a\xae\x93\x1cO\xc6e\xdb\xa0\x9d\xb9\xf5\
\xf9?\xe0\xd25\x00\x00\xe0\xb1x\xbb\x22\xea\x07\xe0\xf8\
\xc1\xa5\x94TZ\xfcac_6\x16T\xbcJw\x96\
b\xa9V\xbc\xcb\x0b,\xd7\x9d\xa3X,\xf8\xef\x88\xa9\
\x89\xef\xd5\x18]w\xe9\xceRh\x0c\x9a2\x10\xc3\x94\
T\x02{\xab\xa7\x22\xe4\x0d\xa0Aw&\xf1{\x04$\
\xc3\xc92\xd7\x1d\x00t\x89kg\x00\x0eo~2\xcb\
\x80\xcc\x02\xd8\x84\x9f9\xbe\xba7\xdbt\x7f\x223+\
\xa8x\x99\xee<\xc5B\x8c\xec\xa4,J\xf9\xb8\xdf1\
9\x87Y\x93\x19\x94\xd1\x9d\xa3X\x94\xc2\x1d\xd1\xb3X\
\x10=\x83fe\xa2[w\x1eq\x91\x02^\xa7\xd7^\
s\xcd\xcf\xe1\xd5\x5c[\x00\x00\x80\xc1\xfc\xbfugp\
;\x02r\x8b\x06\xcdw\x1e\x8de\xd4P\x9b^W\xcd\
JM6y\x07\x11f\xeb\xceQl\xcc\xc6\xccs<\
\xc7m\xef\xbc.\xb6\x1dn\x87/\xd1\x89m\xccp\xed\
\xc0c\x17\x06\xe15\xdd\x19tru\x01@\x1e\xcb\xd5\
\xdf|\xdd\xa6e\xad=\x8f\xc7\xd2m\x0bS\xe6=T\
bmz\xf3\xc1\xcb\xe8\xa9\xb4P\x94\x13\xff\xec(\xa6\
&,\xcdR\xa0\xf4\x8f\x09\x1e\xbd\xaaL\x12k\xbaO\
\xd1\xf9\xd4\x00d7\x92F\x06\x1b\xff\xa2;\x83N\xae\
.\x00Z\x7f\xf6\xb96\x10Zu\xe7p\x9b\x88\xa5\xda\
\x1e\xe8\xcd\xeeX\xd1\x9f[\xe2\xe1\xd2mw;^3\
r\xdcJ\x84\x0a\xdd94\x8a\xb4\x9b\x0b\x8e\xe9\x0e\xa1\
\x0b3\xcf\xe9\xeb\xc0]\xddm\xd8cfpBw\x1e\
\x17:\x18\xdc\xfc\xc6i\xdd!tru\x01\x00\x00`\
wO\x01\x15\x93\x87y`y\x7fn\xdb\x03\x89\xec\x94\
\x88\xa9\x1c\xbf\xe5\xedF\x82L\xade\x0c\xd7,t\xbc\
\x9e\x14\xc2\x8d\x03(w]\x13\x96\xcb)\x0bK\xa2g\
1+~\x8e\x9aX\xa1Ww\x1e\xd7 v\xfdk\xbf\
\xeb\x0b\x00\xc3\xc0\xaftgp\x01\xeb\xe6\x94\xb9\xf5\xf1\
xf`\xe8\xf8^'t\xb9\x1b\x97\x19Y\xce@~\
\xff\x00\xc08e\xd6[(FG\x22{\xf3e\xd3\xbc\
\xba\xfb\x14\xab\xbe(m\x07`\xe9\x0e\xe4t\x8a=\xaf\
\xea\xce\xa0\x9b\xeb_\x80Z-~\x07@\x97\xee\x1cN\
5)\xc7{\x1e\x8f\xa5\x0f\xdf4h\xae%\xc6D\xdd\
y\xec\xa0Va\xbb\x07|\x9b\xee\x1cv\xa1\xc8{K\
\x0fO\xd9\xa1;\x87\x1d0\xa8:\x95\xe0U\xdd'q\
43@\xb2>\xa0p:\xcbQ\xed\xfa\x9f9\xd7\x17\
\x00\xd8\xfc\xa4\x05\xc8,@\xbe\x85\x14_\xf8d_\xb6\
\xf9\xee\xbe\xcc\x1d^\x07\x1f\xdf;Z\x06\x90\x9a\x90S\
\xb3t\xe7\xb0\x9b\x0b<s\x8e\x821\xa0;\x87](\
\xc6\xcd\x89\x0e\xbe\xab\xbb\x1d\xbb\xcd\x1c\x9f\xd1\x9d\xc7i\
\x08\xd8B\x9b7\xbb~\x96E\x0a\x00\x00 lH\xa9\
\xd6^\x00\x00\x1fDIDAT\xd1\x1d\xc1)\xbc\x8c\
\xc1;\x93\xb97\x1e\x8ag\xca+r\xaa\x11N\xec\xda\
3\x0eS\xb2\xbc\x8b@\xd3t\xe7\xb0\x1bfL9\xab\
\xe6\xed\xd6\x9d\xc3n\x94\x89e\xd1\xd3T\x17\xbf\x807\
\x95\x82\x1bNP,\x0a\x06\xbd\xac;\x83\x1dH\x01\x00\
\xa0\xbc2\xf6\x06\x80\xb8\xee\x1c%\x8eg\xa7\xad\xe6O\
\xc72\xb1Y\x19\xeb~\x00\x8e\xebi?^>\xe0B\
\x05\xc35\x87\x1c\x8dV\x82k\x96gP&Mt>\
.\x98\x1d\xc4}=mH\xf6\xc7x+ m\x87\xc7\
)\x11F\x8dk\xcf\xff\xbf\x9c\x14\x00\x00>\xf8\xde\x9f\
\xe4\x18\xf8\xad\xee\x1c\xa5\xaa\xc6T-\x8f\xc5\xd3\x07\x96\
\x0e\xe4\x1a\x09<]w\x1e\xbb\x9a\x91\xe5S\x00\xc2\xba\
s\xd8X\xb0]5\xb4\xeb\x0eaW\xcc\x98<\x18\xa7\
\xb5\xdd\xa7\xd0\x92M\xc3\xb9]\x15\x0b\x8d\xf9\x15\xda\xbc\
9\xab;\x86\x1dH\x010\xc4 l\xd6\x9d\xa1\xd4\xf8\
\x99;?\xd1\x9b{\xfd\x13\xbd\xd9z\xbf\x82,j\xbb\
\x810\xe3`\x80\xe1\xea\xad\x8f#\x91\xe6\xb2U}\x5c\
\xb5_w\x0e;S\x0a\x8b\xe2\xe7\xb08z\x16\xdb\x95\
\x057\x1e\xa44.\x04\xe3\x17\xba3\xd8\x85\x14\x00C\
\xbc\x8a_\x03\x10\xd5\x9d\xa3\x14\x10#w\xfb@\xae\xe9\
\xb1X&XcZ\x9f\x84\x83\xdb\xf4\xe6\x05CM\xcb\
\xb1\x07\xb2\x1ebDN\xab\x05\x01\x96i\xee\xe1\x90\x99\
\xc1\xaa\xee6D\xa4\xed\xf0\xa8\xc4BT\xf3;\xdd!\
\xecB\x0a\x80!\x877?\x99\x05\xd1K\xbas\xd8\xdd\
\x8c\x8c\xb5\xf33\xf1t\xfb\xbc\xb4\xb5\x1ap\xf5)v\
#6\xc1B\xb3\x87q\xb3\xee\x1c\xa5B\xc1X\xd8\xa9\
\xa6m\xd7\x9d\xa3D\x0c\xb5\x1dF\xc7`/\x9at\x87\
\xb1;\x22\xfa\x99L\xff\xff\x9e\x14\x00\x97a\xa6\x1f\xeb\
\xce`W\x15\x16\x9f|8\x9ey\xef\xaedn\x85\xc1\
\x98\xaf;O\xa90\x80d\x9d\x85z\xdd9JM7\
\xcfXh\xc1\xd3\xa7;G\xa9``v\x7f\x0fVw\
\xb7a\x8f\x99\x85k\x8fW\x1e\x8e\xa5X^\xe3/#\
S\x92W`\xaa\x7f\xf2\xa5\x93\x00\xcf\xd6\x9d\xc4.\xfc\
\xcc\xf1\xe5\xfd\xb9=\x13s\xea\x1e\x00~\xddyJ\xcd\
\xcc,o\x0b3\xd6\xe8\xceq=\xe5\xfd\xad\xb0\xeb!\
|\x11Jl\x9bk\x1c\xb5\xed\xbf\x9d\x8d\x99>?\xbd\
[5U-6<T\xa7;\x8c\x8d\xb4\x877\xbf5\
\x87\xec\xfa\x03\xaf\x81\xcc\x00\x5c\x81\x18\x84\x9f\xe9Na\
\x07\x04\x987\xa7\xcc\xad\x8f\xc62\xd6\xc4\x9c\xba\x0f2\
\xf8\x8f\x9a\x9fq:\xccX\xa1;G\xa9Jr\xd5\xca\
4\x82m\xbas\x94 o.\xcbk\xbbO\xc1\xd3\xdb\
\x8d7\x19\x90)o\x00\xcc\xb4A\x06\xff+I\x01p\
\x15\xa5\xd4F\xdd\x19t\x9b\x96\xb1\xde\x7f<\x96>y\
\xd3\xa0\xb9\x96\x00y\x071F3s\xdc\x01\xe9{0\
\x1e\xfeS\xaaA\x8e\xe9\x1e+\xa2\xeat\x1f\xee\xeb:\
I\xe7R\xfd\xd8\xa3;\x8ef\xcc\x1e\xbc\xa8;\x84\xdd\
\xc8#\x80k\xa8\x7fbs3\xc8}\x9d\xda\xc2\xccm\
\x8d}\xb9\xd3\xe5\xa6Z\xad;K\xa9\xab\xb0x\xef4\
\x13w\xe8\xce1\x1c;?\x02\xb8d\xa6\xf1\xe1\x07U\
\xd4\xb3Tw\x8eRgxyg\xf5T\xaa\xf3\xfa\x5c\
\xb9\x86\xa7)\xb2\xf9-y\x9ct\x15\x99\x01\xb8\x06\x06\
\x7f_w\x86b\xf2\x02\x03\xcb\xfbs\xdb\x1e\x8ce&\
\xcb\xe0?~\x04\x98SL\x96\x93\x10\xf3\xe4\xac5\xb7\
\x9aA9\xdd9J\x9d2iE\xf44f\xc6\xcfQ\
\x93br\xd7\x02K\x22W\xbd\xa6\x8f\x94\x14\x00\xd7\x90\
\x02~\x0e \xa1;G\x11\xf0\xfc\xb4\xd5\xf4\xe9h:\
1\xd4\xa6\xb7Lw '\x98d\xa1\xd9\x00-\xd0\x9d\
\xc3)\x14\xd1\xdc\x0e\x9e\xe5\xfa\xcemy\xe2\x1fj;\
\x9c\xea\x8f\xe2-\xb0+\xda\x0e'\xc2\xa9\x90\xf4{\xb9\
\x06)\x00\xae\xe1\xec\xe6'S\x00~\xa2;G!M\
0\xad\xc3\x8f\xc52\x87n\x1b\xc8\xad&@\x9a\xd3\xe4\
\x89\x07HT\x9b|\x8b\xee\x1cN\xd3\xad&\xddj\xb2\
7\xa6;\x87c0&\x0d&po\xd7):\x96M\
\xb1\xa3O^$\xc2Fz\xf5\xd5A\xdd9\xecH\x0a\
\x80\xeb \x0f=\xaf;C!\x04\x15w\xdc\xd7\x9b\xd9\
\xba\xba7w\x93\x9fe\xa0\xca\xb7\xe9\xb9\xff\xbf\xbd;\
\x8f\x8e\xab<\xf3<\xfe{n\x95T\xda-\xcb\xfb\x22\
[\x96d\xc9`\xc7a7X&m\xb0;\x89\x13\x0c\
\x81\xc6\x9a\xa4\xb1M\xba;i\xa6\x93\xd3\x99\x99\x9c\x99\
\x1e&9\xddq&`\xcb\x99\x9e\xa1C\x9f9i8\
3$6\x84\x09\x12\x09!\xd0\x1d\x08\xda\x88-/\xd8\
\xb2\xbc\xe06\x8bw\x1b\xaf\xb2$[[\xa9\xaa\xee\xfb\
\xcc\x1fv\x9f\x98\x00\xb2\x96\xaaz\xeb\xde\xfa}\xce\xe1\
\x0f\xc0\xae\xfa\x1e\x90t\x1f\xbfu\xef\xfbb/\x80\x22\
\xdb\x1d>TxL+\xde\xb6\x1d\xe17\xaaz]\xe7\
)\x99\xdf~\x1c-\xb1(N\xda\xeeI\x04U\xf3\x8c\
\xed\x86T\xc5\x9b\x00\x07QQ]\xb7\x1d\xc0m\xb6;\
\xe2!\x00\xf4\xdd\xd0\x13\xfd]\xc9\x80\xbb\x08<\xa9/\
!\xb2\x14\x87fEt&\x80\xa0\xed\x96\xa1\xf2\xc2M\
\x80Wqg;\xfb\x0egK\x1f?^I\x8c\xbe\xec\
\x5c}\xab`\x92\xdc\x06A\x8e\xed\x98xP\xc8\xb6\xfc\
\xba\x06\x9e\xc1\xf1\x09\xb8\x020\x08\x81\xfc\xa3\xed\x86x\
\x98\x15vw\xdcw!\xdc^2\xe0~\x1e\xbc\xf8'\
\xcc\x8c(\xba\xe0\xa1\x8b\xbf\x07\x05\x8e\x989=\xb6#\
|,\xa7\xbfW\x16\x9f;\x22\x17{;\xd1\x02\x0fM\
\x86\x9fH\xf1#\xdb\x09\xa9\x8c\x03\xc0 \xf2\x0a/\xbc\
\x00\xc0\xb3\xe7\x93\x17\xba\xe6_\xef\xe9\x1cx\xeb\xa6\xde\
\xe8\xad\x02\xcc\xb0\xdd\xe3gc\x0d\xb6\x07T\xf9\xa8Z\
\x82\xc5\x90qc'&n\xb7\xdd\xe1g\xaa:\xa5\xa7\
\x03U\xe7\x8f\xa0-\x12\xc6^\xdb=\xa3p*\xaf\xa8\
\x8b\xe7\xbb\x0c\x82\xa7\xb8\x0d\xe2t\xeb\xabf\xdc\xf5+\
\xf2 r\x97\xed\x96\xe1\x08):\xaa.Ev\xcc\xeb\
\x8b\xdd\x18T\x14\xdb\xee\xf1;QDfF\x8c\x8aH\
\xa1\xed\x96\xe1\x0aE\xdam'\x0c[\xb7\x16\xeaD\xe7\
T\x96p\xb5%\xa1T1%\xdc\x8d\x09\x03\xbd\xd8\x92\
\x95+Y\xe2 \xd7v\xd3p\x88HM\xe6\xc6\x967\
mw\xa42\xae\x00\x5c\x83\x01~\x0cx\xe3\xa8MQ\
D\xe7\xf5E\x1b\xef\xe9\x08\xeb\x84\xcb\xcf\xf3s\xc0K\
\x82).\xb6\x88H\x89\xed\x8e\x91\xf1\xde*\xafB\x8a\
?0\xb3\xb6\xd9\xeeH\x13N,\x82\xaa\xf3\xc74t\
\xf1\x9c\xd4\xabb\xc0v\xd0\x10\x0d\x98h\xe0\xff\xd8\x8e\
Hu\x1c\x00\xae\xe1`]\xf5y\x5c\xde\x17 \xa5M\
\x8f\xb8\xbb\xee\xeb\x188Z\xd9\xef\xde\x0d`\x9c\xed\x9e\
t\x1148_\xe0\x1a.\xfd'Y\x87N\xb89\x22\
\xa1\xb3\xb6;\xd2\xc8\x98p\xb7.=\x7fTO\xf5w\
\xcbf\xdb1\xd7\xa2\x82g\xf3_\xfa-\xb7\x91\xbe\x06\
\x0e\x00C`\x1cI\xd9\x1bI\x0a\x8c\x1e\x5c\xd6\x15\xf9\
\xdd\x82\xee\xe8M\x01(\xef\x8eN\xb2\xe2\xa8\xbe+\x90\
|\xdb\x1di(\xefh\xac\xe2}\xdb\x11\xe9F\x8d\xcc\
\xbatN\x17\x9d?\x8a\xb6\xd8\x00\x0e\xd9\xee\xf9\x04*\
\xea<i;\xc2\x0b\xf8\x18\xe0\x10U\xae\xa8{]\x05\
\x9f\xb5\xdd\xf1o\x82\x06]\xb7\xf6EwN\x1dp\xef\
\x04\x0f\x9c\xb1\x22\xdb\xe8;%QT\xc0\xc3\x83t~\
\xf7\x01\xdb\x09\xa3aJ\x9dw\x0e\xe4\xc9\xc5\xb9\xb6C\
\xd2T43\x0b\x9b\x0a'c\xbe\x04R\xe9\xd00\xf9\
\xe7\xbc\xba\x86{lWx\x81g\x7fp%\x9b\x04\xb0\
\xcev\x03\x00\x08`\xe6\x84\xdd\x96{\xbb\xfa\xa3S\x07\
\xdc\xa5\xe0\xc5\xdf\x0a\x01\xb48\xa6\x11\xf0{\xc8&\xe7\
\x98[\xae\xf0\xe2\x8d\x0c\xfe\x90\x11\x09\xe3\xeesG4\
p\xa9\x1d\xbf\x03\x10\xb3\x1d\x04\x00\x06Rc\xbb\xc1+\
\xb8\x020\x0c\x15\xd5\xb5\x9b\x01\xa9\xb2\xf5\xfe\x13#\xa6\
uaO43\xc0\x1d\xfc\xac\x1b\xefJ\xcb\x84\x98\xb1\
\xf6\xb5\x10/\x1e_\x01\x00\x00LuNl\x19/\xa7\
\xd2\xee\xf4\xce\x94#x\xa7p\x12.\x86r\xb1\xc0b\
\xc5\xa6\xbc\xbaF\x1eh6D|\x8cf\x18\x0c\x9c\xf5\
\x0e\xf4\xd7\xc9~\xdf\x1c\xa3\xa7\xaaz\xa2G\x0a\xa2f\
!8\xb4Y\xe7\x00\xfd\xe3c\xee,\xfe\xafH\x0d\x1f\
\x98\xe9\xa5E\x813\xbd\x0e\x8c\xa7\x1eS\xf3\x1d\xc5\x9c\
\xae3\x80\x13\xc4\x8e\xa2)2)\x90\xa9I\xdf{D\
D\xf9\xa7\xffa\xe0\xf2\xe50\x1c\xac\xfd\x93W\x01\xec\
K\xd6\xfb\x05\x81\xde[z\xa2\xf5\xcb:\x07\x0a\x0a\xa2\
\xa6\x0a\xbc\xe2\xa4\x84i1l\x17\xc8T\xdb\x1dt\x99\
@&\x9f4e;lw\xd0e&\x86[\xdbO\xe8\
\x84\xce\xd3h0F\xbb\x93\xf8\xd6{sj\x9b~\x93\
\xc4\xf7\xf3<\x0e\x00\xc3\x22\xaa\x90d\xdc\x0b`f\xf7\
\xc7\x9a\x97_\x08w\xce\xbc\xfc9?\xb7\xefM\x11\x19\
\x8aSy\xae\xfa\xe2|\x08?\xe9\xd2\xa2\x05\x11\xcd\xf2\
\xe5a6\x1e\x95\x1d\xe9\xc3\x92sG\xa5\xaf\xa7\x03[\
\xa00\x89~C\x85\xac\x15\xde\x0f2,\x1c\x00\x86\xe9\
\xfd\xeb\xdf~\x01\x9a\xb8\xed1\xc7\xc7t\xff\xbd\x17\x06\
\xf6\xcd\xef\x8b-v\x80\xe9\x89z\x1f\x1a\x99\x191=\
\x06\xf8\xe3\xa0\x14\x9f\xc9>\xa2\x95'lG\xd0\x87\x89\
bRo'\x16\x9e?\x86\x03\x91>$\xf2\xd8\xe1\xb7\
\xf3\xe6\xdeY\x97\xc0\xd7\xf7%.)\x8f@\xe5\x8a\xda\
\x07U$\xae_l\xd9F\xcf.\xec\x8e\x1c(\x8c\xe9\
\x9d\xe0\x0e~))\xc7\xd5}3c\x98\x07\x1f}\xdf\
\xf8\xe1&\xc0\xab\xcd\x0c\xbc\xb7g\x0c:?m\xbb\x83\
>\x96\x062\xb0\xa5p*J\x82AL\x8b\xe7\x0b\x8b\
\xc8\xfd\xb9\xb5\x0d\xbf\x8a\xe7k\xa6\x03\xae\x00\x8c\xc0\xbb\
u+~\x01E[<^K\x14\xfd7\xf6F\x1a\x96\
u\x84s\x0ac\xba\x18\xbc\xf8\xa7&\x85)v\x11\x84\
\x8f.\xfe~t\xc2-\xcbR\xc0\xb5\xddA\x1fK\xdc\
(\xaa.\x1cC\xe1\xc53Z/\x8ax\x9d\xec\xd8\x9a\
S\xdb\xf0r\x9c^+\xadp\x00\x18\x11Q#\xf2\xbd\
\xd1\xbe\xca\xac\xb0\xbb\xe3K\x9d\xe1\xf3\xa5a\xb3D\x84\
\xbb\xc9\xa5\xb2\x09\xae\xb68\x8a\xeblw\xd0\xe0\x0c\x02\
\x95g\xddi[lw\xd0\xa0r\xc3\xbd\xb2\xf4\xeca\
\x5c\x8a\xc7\xb1\xc3\xa2\xf8[~\xf6?2\xfc\xd3\xcc(\
TT\xd7n\x05\xe4\xf6\xe1\xfe\xbe\xc2\x989P\xd5\x1d\
\xb9\x94e\xac>/KC\xe4\x00=\x95\x03\xda\x07`\
\xa2\xed\x96x\xf3\xdbG\x00\x00 \x90\xf6\xeb\x03;2\
\x03p\x0bl\xb7\xd0\xb5\x05\x02h\x1d3E23B\
\xc3\xdf\xdfD\x81-\xf9u\x8d\x9e\xdf\x8f\xc3\x16\xae\x00\
\x8c\x82(\xbe;\x9c_\x1fR\x9c\xff\xa3K\x91\xc6%\
\x17#\xb3y\xf1\xf7\x8e\xe9Qm\x85\x0f/\xfe~\xa5\
\xd0\xf1\xc7\xcc\xec\xb8|DG\x89\xe7\xba\xb8\xb9\xe3\xa4\
\xcem?\xa1\xdb\x8c\xab\xc3;\x9fZ\x9da\xfd\x0c\xa6\
\x0f\xe3\x0a\xc0(UT\xd7\xbd\x0a\xe0\x8b\x83\xfd\x1a\x01\
\xa2s\xfb\xa2\x9b*\xfa\xcc|\x11M\xa1=\xb3\xe9Z\
2\x15\xc7\xcb\x22:\x09>\xddr\xd9\x8f+\x00WD\
*\x02{Oe\xa1\xbf\xc4v\x08\x0dKWV\xbe\xec\
,\x98\xa0w\x8a\x0c\xfe=\xa7\x90\x97\xf3\xeb\x1a\xbe\x94\
\xac0?\xe2\x0a\xc0h\xb9\xf2\x9f1\xc8\x1e\xd8\xd3\x22\
\xee\xae\xfb.\x84\x8fV\xf6\xbbw\xf3\xe2\xef=3\xa3\
8\x0b\x9f^\xfc}.\xf3\x88\xa9\xe4q\xb0\xdeS\x18\
\xee\xd6\xa5\xe7\x8e\xc8\xa9\xfen\x1d\xec\xd8\xe1\x18\x80\xef\
$+\xca\xafx\xc7\xf9(]8P\xdb^4\xb7z\
\xaa\x00\xb7\x5c\xfd\xcf\xf3]=\xb2\xa4;\xba\x7fV\xd8\
]\xe0\x00\xe3l\xf5\xd1\xc8\xe5\x1b\xec*t\xf5\x96k\
\xffJ\xef\x0aE\x86\xb7\xe2\xea%\x06\xc1i!\x09\xef\
\xcc\x92~\xee\xda\xe8=c\x07zeF\xff%\xec\x0a\
eI\x8f\x13\xfc\xf0\xcfP\x11\xf9\xa7\xbc\xba\x86\x0d\xb6\
\xe2\xfc\x82+\x00q`\xa2\x81\xef\x01\xb8\x04\x00\x01\xe8\
\xc5;z\xa2\xf5\x9f\xed\x1a\x98\x92\x133\x8b,\xa7\xd1\
\x08\x09\x10\x9b\x16S\xdeD\xe6q'\xdd\xb2\x22\x85D\
mw\xd0\xc8\x18\x177]\xf8@K:?@\xa3\xba\
\xb8p\xe5\x1fw\xab\xba?\xb0\x1a\xe6\x13\x5c\x01\x88\x83\
\xcew^\xe8\x1dw]\xb5\xcc\x0dG\x9d\xaa\xeehQ\
AL?\x05\x1e\xb4\xe4i\x93\xa3\xd8\x94\xad\xb8\xc9v\
G\xa2\xf9y\x05\x00\x00Td\xacAps\xbet\x95\
\xd8n\xa1\x11\x0b\xb81\xcc\xea\xbb\x88\xb0k\xd0\x16\xca\
\x95g\xf2\xea\x9a^\xb3\x1d\xe5\x07\x5c\x01\x88\x93/~\
\xa0\xff0\xa7\xcf-\x11\xe5\xdd\xe2^\xe7\xa8v\x8e5\
<r\xd9/\xdau\xd2\xa7c\x1a\xec\xb0\xddA\xa3\xa3\
\x8a\xa2\xfe.L\xefy'\xf0\xa4\xed\x16\xbf\xe0\x00\x10\
'Ol\xad\xee7b\xfe\x93\xed\x0e\x1a\xbd\x191\xd9\
\x07\xa0\xc8v\x07\xc5M\xe1Q\xadx\xdbv\x04\x8d\x9e\
\xa8\xfe\xf5\xe4\xbd\xbf\xed\xb5\xdd\xe1\x17\x1c\x00\xe2h}\
\xfd\xc3/+\xf0\xcf\xb6;h\xe4\xb2\x14\x07\xb3\x8d.\
\xb4\xddA\xf1\xd5\xa7\xf9U\xfd\x9a\xf7\x9e\xed\x0e\x1a9\
\x85\xbc^\xda\xd6\xf4k\xdb\x1d~\xc2\x01 \xce\x82\xea\
\xfe\x07\x00a\xdb\x1d42\xc5Q\xbd\x04\xde\xbf\xe1G\
\x81C\xa6\xa2\xcfv\x04\x8d\xd8\x80\xb8\xf8\x96\xed\x08\xbf\
\xe1\x00\x10g\x8f5~\xf5\x10T\xfe\xdev\x07\x0d\xdf\
X\x17\xdb\x82ip\xe3_\xba2\xc8\xb8\xa1\xc3L\xdc\
n\xbb\x83F\xa4\xa6lO\x03Wp\xe2\x8c\x03@\x02\
\x84\xfb3\xd7\x028b\xbb\x83\x86N\x14\x03\x13\xa3f\
\xb2\xed\x0eJ\xac\x0f\xb4d\xaaQg\xc0v\x07\x0d\xcb\
\xa1\xccP\xffz\xdb\x11~\xc4\x01 \x01\x9e\xd8Z\xdd\
\xaf\xaa_\x03O\xa8\xf2\x8c\xa9.\xb6:\x22%\xb6;\
(\xb1\x14R\xfc\x81\x96l\xb5\xddAC\xa6\xe2\xc8_\
\x15o\xdd\xdao;\xc4\x8f8\x00$HM\xe3\xeaF\
\x00\x1bmw\xd0\xb5\x05\x0d\xce\xe7\xbb\xe6f\xdb\x1d\x94\
\x1c\x9d:\xfe\xd6\x88f\x9c\xb5\xddAC \xfaL\xe9\
\xce\x867lg\xf8\x15\x07\x80\x04\x0a\x05C\xdf\x06\xc0\
\x1f4)nF\xcc\xbc'\x90|\xdb\x1d\x94,\x92{\
\xcc\xccy\xdfv\x05]\xd3\x99`$\xfa_lG\xf8\
\x19\x07\x80\x04Z\xf3zu\x87\x08\xef\x5cMe9\xaa\
\x07B*w\xd8\xee\xa0\xe4\xeaGNU\x8f\x8e\xd9o\
\xbb\x83\x06\xa3\xdf\x9c\xb9os\xa7\xed\x0a?\xe3\x00\x90\
`k\xebW\xd5\x02\xf8\x95\xed\x0e\xfa(\x01\xb48\x8a\
(\xf8}\x90\x8e\xe4\xb8)W\xf0>\x9dT\xf5J\xd9\
\xae\xa6_\xda\x8e\xf0;\xfe\xe0K\x02\xd7\x09~\x13P\
nE\x9ab\xc6\xc5\xb0\xd5Q\xcc\xb7\xddAv\xc4\x10\
\x9cw\xceL\xe5\x0d\x81\xa9\xa7= \xd1GlG\xa4\
\x03\x0e\x00I\xf0\xc37\xberJ\xd5\xf9\x9a\xed\x0e\xfa\
=Q\xf4\x8dwM\x89\xed\x0e\xb2\xeb\xb4N/5p\
\xb8\xb5l\x0a\x11\xc17JZ7\x9d\xb6\xdd\x91\x0e8\
\x00$IM\xe3\xca\x97\xa0\xfa\xbc\xed\x0e\xbal\xba\xab\
o\x09\x84\xe7\xc4\xa79\x81L>a\xcaw\xd8\xee\xa0\
\xcbDuCikc\x9d\xed\x8et\xc1\x01 \x89\x8c\
\x93\xf5\x0d\x00\xc7mw\xa4\xbb\x0c\xc5\xa9<\x17\xb7\xd9\
\xee\xa0\xd4pI\xc7\xde\x1e\xd1\xac\x93\xb6;\xd2\x9e\xe0\
d \x16\xe5\x81jI\xc4\x01 \x89\xd6\xd7W_\x14\
G\xfe\x1c\xbc\xf1\xc8\xaa\x19\x11\x1c\x07\x90c\xbb\x83R\
\x83\x02YG\xb5\xf2\x84\xed\x8e4g\x14\xb2\x9aw\xfd\
'\x17\x07\x80$[\xfb\xc6\xca\x06\x88\xfe\xc8vG\xba\
\xcau\xb1;\x13\xba\xc0v\x07\xa5\x96\xb0f\xddq\x11\
c\xf7\xd8\xeeHW\x0a\xfc\xaf\xf2\xd6\x86&\xdb\x1d\xe9\
\x86\x03\x80\x05\x17:\xfb\xff\x06\x02\x1eJ\x92l\x0aS\
\xec\x22\x04@l\xa7P\xea9\xe1\x96e)\xe0\xda\xee\
H?\xb2s``\xdcwmW\xa4#\x0e\x00\x16<\
\xdd\xfaH4`\xdc\x87\x00\x5c\xb4\xdd\x92N&\xb8\xda\
\x22\xaa\xd7\xd9\xee\xa0\xd4d\x10\xa8<\xab\xc5[lw\
\xa4\x99\x8bn@\xfe\xdd\xdc\xfdu\x11\xdb!\xe9\x88\x03\
\x80%\x8f5~\xf5\x90\xaa~\xddvG\xbap\x14\xdd\
\xe3]T\xda\xee\xa0\xd4v\xce\x9dr\xbd\x8b \x07\xf3\
dQ\xfcU\xc5\x8e\xfa\xc3\xb63\xd2\x15\x07\x00\x8bj\
\x1aW\xd7\x09\xf0\xb4\xed\x8et0=\xaa\xbb\x00L\xb4\
\xdd\x91z\xf8i\xc8\x87\x88\x8c;f\xcaw\xdb\xceH\
\x0b\x8a\x1f\x97\xb55\xfe?\xdb\x19\xe9\x8c\x03\x80e\xfd\
}\xa1\xff\x08`\x9f\xed\x0e?\x0b\x19\x1c\xc9Up\xbf\
\x7f\x1a\x92\x1e\x1d\xb30\xac9Glw\xf8\xdc\x1eg\
\x8c\xf9\xb6\xed\x88t\xc7\x01\xc0\xb2'\xb6V\xf7\xab\x1b\
\xbb\x17\xc0\x05\xdb-~5\xc3E;\x80L\xdb\x1d\xe4\
\x19\x19GMe\xbb\xed\x08\x1f\xebT\x98\x07g57\
\x87m\x87\xa4;\x0e\x00)\xa0\xa6\xf9\xcf\x8e\xaa\xca\x9f\
\x82w \xc7]\xbe\xc1\xae\xa0\xd1[mw\x90\xb7D\
\x90yk\x97N\xd8i\xbb\xc3\x87\x0c\x1c]Y\xbe\xab\
\xf9\xa0\xed\x10\xe2\x00\x902j\x1aW\xfe\x16\x90\xffn\
\xbb\xc3O\x04\x88M\x8b\xa1\xc0v\x07y\xd3I3\xab\
H!Q\xdb\x1d~\x22\x90\xbf-\xdb\xd9\xf4/\xb6;\
\xe82\x0e\x00)d]\xc3C?\x10\xe0\x17\xb6;\xfc\
b\x92\x8b\x16Q-\xb7\xddA\xded \xa5\xa7u&\
\x1f\x0b\x8c\x13\x11yy\xd6\xae\x86u\xb6;\xe8\xf78\
\x00\xa4\x14QWB\x7f\xa1\xc0\xbb\xb6K\xbc.\xa0h\
/\x8a\xf1\xa8_\x1a\x9dv3\xf1\x86(2x\x7f\xce\
()p \x92\x15^%\xdc\x06=\xa5p\x00H1\
\xeb\xeb\xab/B\x9c/\x08\xc0\x9b\x90FaF\x0c\x07\
\x14:\xd6v\x07y\x9d\x8c9n*\xf7\xdb\xae\xf02\
\x01.\x88\x09\xdc7\xa7\xa5\xa5\xdbv\x0b}\x18\x07\x80\
\x14TS\xff\xd0a\x05\x1e\x000`\xbb\xc5\x8b\xb2\x14\
\x07\xb3\x8c\xf2\xb1?\x8a\x8b^\xcd\xad\xea\xd5\xbc\xf7l\
wxT\xd4\x88\xac(\xdb\xfd\xc6\xfb\xb6C\xe8\xa38\
\x00\xa4\xa8u\x0d\xab6\x89\xea\xbf\xb7\xdd\xe1E3\x22\
\xa6\x07@\xd0v\x07\xf9F\xe0\xa8\xce\x09\x83\xcb\xd7\xc3\
\xa6\xaa_\xe3!?\xa9\x8b\x03@\x0a[\xdb\xb8\xfa\xa7\
\x22Xo\xbb\xc3K\x0a]\xb3-\x00\xb9\xc1v\x07\xf9\
\x8b\xab\x81\xf9\xed:\x91\x07x\x0d\x83\x08\x1e+ok\
\xdah\xbb\x83>\x19\x07\x80\x14\x97\xb9\xe8\xd0w\xf8d\
\xc0\xd0\x08\x10\x9e\x1c\x93i\xb6;\xc8\x9fN\x99\x92\x19\
\x0a\x87\x9b\xd7\x0c\x81\x02\xb5\xb3Z\x1b\xff\xcev\x07\x0d\
\x8e\x03@\x8a[\xb3f\x8d\xe9\xef\x0b\xad\x02\xb0\xc9v\
K\xaa\x9b\x1a\xc16\x01\x8amw\x90_\xc9\xd4\x13f\
\xd66\xdb\x15\xa9N\x817\x03\x05\xe6a\xde\xf1\x9f\xfa\
8\x00x\xc0\x13[\xab\xfb\x8d\x84\x96\x03\xe0!%\x9f\
 Cq&_\x0dw\xfc\xa3\x84\xea\xd2\xf1\xb7E5\
\xf3\x94\xed\x8e\x14\xb6/#\x1a\xb9\x9f\xdb\xfcz\x03\x07\
\x00\x8fX__}\xd1u\x82_\x04\xe4\xa8\xed\x96T\
T\x1c\xc5!\x81\xe4\xda\xee \xdf\xcb9\xac\x95<(\
\xe8\xe3\x88\x1e\x09H\xf4s3\xf7m\xee\xb4\x9dBC\
\xc3\x01\xc0C~\xf8\xc6WN\xa9\xab\x7f\x0c\xe0\xac\xed\
\x96T\x92k\xf0vHu\xa1\xed\x0eJ\x0f\x03\x9a\xb3\
\xb0[\xc7\xf0\x04\xcf\x0fk\x17\xc1\xb2\x92\xd6M\xa7m\
\x87\xd0\xd0q\x00\xf0\x98\x9a\xe6U\x07\x1du\xee\x05\xd0\
c\xbb%\x15\x08\xa0\xd3\xa3*\xe0\xc1\xf6\x94<r\xdc\
Td(?\xe3\xfe7\xddP\xb3\xactg\x13w0\
\xf5\x18\x0e\x00\x1e\xf4x\xe3Co\x19\xd1e\x00zm\
\xb7\xd86\xce\xc5\x16\x07\x98k\xbb\x83\xd2\x8b\x0bg\xce\
y3\x95\xe7\x04\x00}\xc6q\xee-kk\xe6\xc9\x89\
\x1e\xc4\x01\xc0\xa3\xd6\xd7\xaf\xde,\xc0\xfd\x00\xd2\xf6f\
\x1b\x07\xe8\x1d\x17\xe3a?d\xc7Y-\x9em\x10L\
\xe7\xedm#\xaaxp\xf6\xce\xfaf\xdb!42\x1c\
\x00<lm\xc3\xaa7\xf4\xf2\x10\x90\x96[\x06O\x8b\
\xe8\x0e\x07\x98d\xbb\x83\xd2\x93\x02\x13O\x9a\xd2V\xdb\
\x1d\x96D\x05x\xb0\xbc\xad\xf17\xb6Ch\xe48\x00\
x\x5cM\xc3\xaa\xd7T\xe5+\x00b\xb6[\x92)\xc3\
\xc8\x89<\xc5\xed\xb6;(\xbdu\xe9\xd8;\x06\x90}\
\xccvG\x92\xb9\x0aYU\xba\xab\xf1\x15\xdb!4:\
\x1c\x00|\xa0\xa6q\xe5K\x02]\x854\x1a\x02f\xc6\
\xcc)\x00Y\xb6;(\xed\x85\x8e\xb8\x95\xe9t\xe7{\
LUV\x96\xefjx\xc1v\x08\x8d\x1e\x07\x00\x9fX\
\xdb\xb0\xfa\xe7\x8ejZ\x9c \x98\xe7\x9a\xdd\x19\x8a\x05\
\xb6;\x88\x00 \x82\xd0\xed\x9d:n\x97\xed\x8e$\x88\
@\xf5\xcb\xe5m\x0d?\xb7\x1dB\xf1\xc1\x01\xc0G\x1e\
o\x5c\xfd\x0a\x8c>\x00\x1f\xdf\x18(\x80;-&9\
\xb6;\x88\xaev\xd2\x94\x15\x00\xe2\xe7\x15\xb8\x01c\xb4\
\xba\xac\xad\x89\xe7\x92\xf8\x08\x07\x00\x9fY\xd7\xb4\xfa_\
T\xb0\x0c>\xdd'`b\x0c-\x0ePa\xbb\x83\xe8\
j\x0a)?\xa3\xd3\xfd\xfaX`\x9f8\xb2|\xf6\xee\
\xa6\x97m\x87P|q\x00\xf0\xa1\x9a\xfaU\xcd\x00\xbe\
\x00\xc0W\x8f(\x05\x80\xae\xb113\xcfv\x07\xd1\xc7\
9o\xa6|\xca\xd5`\x87\xed\x8e8\xebU`y\xe9\
\xce\x867l\x87P\xfcq\x00\xf0\xa9u\x0d\xab6)\
d\x09\x14\xe7m\xb7\xc4\xcb\xb4\xa8\xee\x11\x91\x22\xdb\x1d\
D\x1fG!c\x8fi\x85\x7f\xb6\x08Vt\x18\x95?\
.\xdf\xd5\xd8h;\x85\x12\x83\x03\x80\x8f\xd54\xac\xdc\
\x11\x80{\x07\x80C\xb6[F+dp8\xd7\x80\xfb\
\xfdSJ\xeb\xd1\xfc\xaa0r\x0f\xda\xee\x88\x83\xa3\x12\
\xd0\x85\xb3\xdb\x1a\xb6\xda\x0e\xa1\xc4\xe1\x00\xe0s\x8f5\
~\xf5\x90\x04q'<~\x94\xf0\x8c\xa8v\x00\xc8\xb0\
\xddAt\x0d\xc1\xc3\xb19\x97lG\x8c\x8a`\xbf\x89\
\x99;\xb9\xb7\xbf\xffq\x00H\x03k__u:\xe4\
\xc6\xee\x12\xe0w\xb6[Fb\x8c\xab;\x82\xc0-\xb6\
;\x88\x86\x22&\xc1\x9b:t\xc2\x0e\xdb\x1d#\xa1\xc0\
\x9b\x80S5{o\xf3I\xdb-\x94x\x1c\x00\xd2\xc4\
\x9a\xe6?\xeb\xcatc\x9f\x03\xf0\xa2\xed\x96\xe1\x10 \
2\xc5\xc5x\xdb\x1dD\xc3\xf1\x81[2I!\x11\xdb\
\x1d\xc3\xa1@m\xa0\xc0|\xbe\xac\xb5\xfe\xa2\xed\x16J\
\x8e\x80\xed\x00J\x9e\xe6\xa3/\xc76\x1f\xf9\xe5\x8b\x9f\
)\xdb\x0b\x00\x8b-\xe7\x0c\xc9\xe4\xa8n\xceV\xdc`\
\xbb\xc3\xafB\x91v\xdb\x09\xfe$2&\x86\xe0\xe6\x02\
\xe9*\xb1\x9d2\x14\xa2\xf2di\xdbg\xbe>\xf6\xe8\
O\xa3\xb6[(yx\x86z\x9a\xfa\xce\x92\x8d_V\
\xc8O\x90\xc2\xdb\xe9\x06\x15\xed\xb3#\xc8\x00t\x8c\xed\
\x16\xbf\xca\xef~\x07<\xd6>AT\xbb\xaf\x0b\xb4\xf5\
gHt\xa2\xed\x94ADT\xe4/\xcb[\x1b6\xd8\
\x0e\xa1\xe4\xe3G\x00ijm\xc3\xea\x9f\xc3\xc8\xd2T\
~L\xb08\x86\x03\xbc\xf8\x93g\x89\xe4\x1f5\x15\xa9\
{#\x9d\xa2\xc38\xce\xe7x\xf1O_\x1c\x00\xd2\xd8\
\xba\xa6\x95-\x81\x80S\x05\xd5wl\xb7\xfc\xa1l\xa3\
\xeff\x19\xe5c\x7f\xe4i\xfd\xc8\xab\xea\xd1\xfc\xf7l\
w\xfc!\x05\x0e\xa8\x98\x05\xb3w\xd67\xdbn!{\
8\x00\xa4\xb9\xc7\xdex\xe8}w z\x9b\x00)\xb5\
\xc7\xf7\xf4(\xc2\xe0=*\xe4}\xceqS1\x80\xd4\
\xfa\x9c\xe5U\x11\xe7\x8e\xf2]\xcd~\xd8\xaf\x80F\x81\
?`\x09-'~\x1d\xd9t\xe4\x97u\x8bf\xed\xed\
\x17\xc1]\xb0<\x18\x16\xc5dk\x81*\x1f\xfbK\x02\
\xde\x04\x98x\x06\xce\xa4\x80\xc4\xb6\xe5Ho\xb1\xe5\x14\
\x85\xe0\x87\xa5\xbb>\xf3\xf5\xa2\xd3\xcf\xf8\xf6\xc00\x1a\
:\xde\x04H\x1f\xf2\xe8\x92g?/\x82\xe7\xa1\x18k\
\xe3\xfd\x1d\xa0\xbfr\x00\x17\x00\x9dn\xe3\xfd\xd3\x0do\
\x02L\x0e\x11=5\xcfi-\x14\xb8\xb6N\xb2\xbcd\
\x8c\xae\xe6\x81>t5~\x04@\x1fR\xd3\xb0\xea5\
\x8d\xe16\x00{m\xbc\xff\xe4\xa8\xbe\xc5\x8b?\xf9\x8d\
\xaaL=aJlm\x0e\xb4\xc7\x08n\xe2\xc5\x9f\xfe\
\x10\x07\x00\xfa\x88\x9a\xe6U\x07Cnl\x01 O&\
\xf3}3\x14g\xc6\x18\xee\xf8G\xfe\xd4\xa5\xe3o\x8b\
 \xf3T2\xdfS\x81g\xb3%w\xe1\xec\xd6F\xcf\
\x9f\x07B\xf1\xc7\x8f\x00hP\x8f\xde\xfd\xdc\xfd\xe2\xe8\
\xffM\xc6G\x02\xa5Q\xb4\x84\x8cV%\xfa}\xe8\xf7\
\xf8\x11@re\xa1\xbf\xa5\x22\xb07\x19_\xe3\x97T\
\xe5\x91\xf2\xb6\x86\x9f'\xe1\xbd\xc8\xa3\xb8\x02@\x83\xaa\
i\x5c\xf9\x92c\x9c\x1b\x01I\xe8\xa9`\xb9.\xde\x0e\
\xf1\xb1?\xf2\xb90\xb2\x17^\xd21\x09\xfexMv\
\x1a\xc1M\xbc\xf8\xd3\xb5p\x00\xa0kz\xbc\xf1\xa1c\
\xa1\xa2\xcc\xc5\xaax\x02\x89\xf8\xe3\xa2\xc2\x14\xc7T\xc0\
\x15)\xf2?9nf\x87\x140\x09xm\xa3\xc0\xdf\
\x87\x07\x8a\xaa\xb8\xe4OC\xc1\x1f\xb84,\xff\xed\xae\
\xe7\xaa\xe0\xe8F\x00\xa5\xf1z\xcd\xf1.6O\x88\xe9\
\xa2x\xbd\x1e\x0d\x1d?\x02\xb0c\xb2\x9c\xdc<\xd1\xf9\
 \x9e_\xf3\xc7U\xe4\xab\xe5\xad\x0dMq|M\xf2\
9\xae\x00\xd0\xb0\xackZ\xd9\x12\xca\x94\x1b\x05x:\
\x1e\xaf\xe7\x00\xbd\xe3b:;\x1e\xafE\xe4\x15gt\
z\xa5A\xb0;N/W\x17\x8cFn\xe0\xc5\x9f\x86\
\x8b+\x004b\x8f.}\xf6O\x1c\xc5?)F~\
\x5c\xef\x8c\x18\x9as]]\x1c\xc7,\x1a\x06\xae\x00\xd8\
3F\xba\x9ag:\xef.\x1e\xc5KtA\xf4\x9be\
\xadM\xcf\xc7\xab\x89\xd2\x0bW\x00h\xc4j\xeaW\xfd\
\x02A\xcc\x07\xf0\xab\x91\xfc\xfe\x90\xd1\x13\xb9\xae\xde\x1e\
\xe7,\x22O\xb8\xa8\x85\x0b\xc3\xc891\xc2\xdf\xfe\x92\
\x130\xd7\xf1\xe2O\xa3\xc1\x15\x00\x8a\x8b\xef\xde\xbdq\
\xb9\x11\xf91\x80iC\xfd=\xe5\x11\xdd\x9e\xa1X\x90\
\xc0,\xba\x06\xae\x00\xd8\x95\x81\xc8\xf6\xeb\x02mC\xff\
\x1eP\x9cU\xe8\xdf\x94\xb75mL`\x16\xa5\x09\xae\
\x00P\x5c<\xde\xb8\xfa\x95\x90\x1b\x9bw\xe5\xde\x80k\
^Q\x0a\x14m\xbc\xf8S\xba\x8b\x22sA\x97\x8ek\
\x1d\xe2/\xaf\x8bd\xc8\x5c^\xfc)^\xb8\x02@q\
\xf7\xe8\xd2\x0dKE\x9d\xa7\xf0\x09O\x0a\x08\xe0V\x0e\
\xe8!\x01*\x92\x9cF\x7f\x80+\x00\xf6\x89\x9aC\x9f\
\x0a\xee,\x01\xf4\x93\x0eg;\x04\xd5G\xca\xda\x9a\x1a\
\x92\xd9E\xfe\xc7\x15\x00\x8a\xbb\x9a\xfa\x87\xeb\xc3}\xa1\
y\x22\xf8>\x80\x8f\x9c:61\x86\x16^\xfc\x89.\
Sq\xcaNkq\xcb\xc7\xfc\xab~\x00\xdfw\x0a\xcc\
<^\xfc)\x11\xb8\x02@\x09\xf5\xe8\xd2\x9f\x95\x8a\xba\
?\x02\xe4\x1e\x00\x08\x00]\xb3\xc3\xc6\x88H\x91\xed6\
\xe2\x0a@\xaa\x10h\xe7\xf5\xce.\x0dH\xec\xca\xf7\x85\
\xd6;\xa2\x7f=\xab\xb5\xf9\x1d\xbbe\xe4g\x1c\x00(\
)\xae\xdc$\xf8\x0f3\xa2z\x22\xd7\xe0\x8fl\xf7\xd0\
e\x1c\x00RG\x9e\xd3\xfdf\xa9\xf3\xafej\xf4\xbb\
\xfc\x9c\x9f\x92\x81\x1f\x01PR<\xde\xb8\xfa\x95p_\
h^.\x9c\xd7\x00\xc4k\x03\x14\x22\xbf\xe8\xeeE\xfe\
k\x99\x99\xfd\x15\xbc\xf8S\xb2p\x05\x80\x92n\xc3m\
\x1b\xc6I\xa6\xfc\x1d\x80o\x00\x08\xda\xeeIg\x5c\x01\
\xb0.\x06\xc83\xd1X\xf4{\xd5\xfb\xff\xc7\x19\xdb1\
\x94^8\x00\x905\xcfV=[\xa9\xa2?\x00\xb0\xc2\
vK\xba\xe2\x00`\x91\xa2^\xd4|\xfbK\xfb\xd6\xef\
\xb3\x9dB\xe9\x89\x03\x00Y\xb7\xa1j\xc3]\x10\xac\x15\
\x08w\x05L2\x0e\x00\x16(\xb6\xc2\xd1\xef\xdc\xbf\xbb\
\xa6\xd9v\x0a\xa57\x0e\x00\x9426,\xda\xb0T \
\xeb\x00\xdcb\xbb%]p\x00H\xaa}*\xfa\x83\x07\
v\xd7\xd4\xd9\x0e!\x028\x00P\x0a\xda\xb0h\xc3R\
Q\xf9!\x047\xdan\xf1;\x0e\x00\x89\xa7\xc0~\x88\
~\xff\xfe\xdd5/\x0a\xffcS\x0a\xe1S\x00\x94r\
\x1e\xde\xfcp\xfd\xe1\x96\xc3\xb7@\xf0\x15\x00{m\xf7\
\x10\x8d\xd0\x1e\x81~y\xef\x9e\xd0\xfc\x07v\xd7\xd4\xf1\
\xe2O\xa9\x86+\x00\x94\xf26.\xda\xb8H\xa1k\x04\
\xb2\xc4v\x8b\xdfp\x05 \xfe\x04h\x81:\xeb\xef\xdb\
\xfb\xf8\xab\xbc\xe8S*\xe3\x00@\x9e\xb1q\xd1\xc6E\
\x00\xfe+\x80/\x82_\xbbq\xc1\x01 ~\x04hQ\
\x95\xef\xdd\xbfw-\xb7\xed%O\xe0\x0fQ\xf2\x9cg\
\x17=\xfbi\x85~\x0b\xc0\x9f\x02\xc8\xb2\xdd\xe3e\x1c\
\x00FG\x80\xb0\x02?\x13c~\xc4\xc7\xf9\xc8k8\
\x00\x90g=s\xe73\x1324\xe3\xcf\x15\xfaM\x00\
\xc5\xb6{\xbc\x88\x03\xc0\xc8\x08pFE\x9e\x8a\x8a\xfe\
\xef\xea\xb6u\xe7m\xf7\x10\x8d\x04\x07\x00\xf2\xbc\xda\xb9\
\xb5\x99\xe1\xb1\xe1\x07\x01|\x0b\xc0\x02\xdb=^\xc2\x01\
`x\x04\xbaM\x15O\x9e\xcb\xe8x\xf1\x91\xd6\xa7\xa3\
\xb6{\x88F\x83\x03\x00\xf9\xca\xc6\xcfl\xbcN\x8d>\
,\x90\xbf\x000\xdevO\xaa\xe3\x000$\x17\x01y\
\x01\x82\x1f\xdf\xbf{\xedn\xdb1D\xf1\xc2\x01\x80|\
\xe9\xc9eO\x86\x0a\xbb\x0b\xef\x05\xf0\x97\x00\x96\x80_\
\xeb\x1f\x8b\x03\xc0 \x04\xad\x80>\x1d\x0cd=\xb7\xbc\
uM\x9f\xed\x1c\xa2x\xe3\x0fE\xf2\xbd+g\x0e\xac\
\x04\xf0\x10\x80Y\xb6{R\x09\x07\x80\x8f8\x0c\xc8\xcf\
\x14\xfa\xdc\x03{\xd6\xbdg;\x86(\x918\x00PZ\
\xf9\xe9\xa2\x9f\xde\xec\xc0Y\x0d\xe0\xcb\x00&\xda\xee\xb1\
\x8d\x03\x00\x00\xa0\x13\xc0\xab\xe2\xe8\xc6\xfb\xdaj\x1a\xf8\
\xec>\xa5\x0b\x0e\x00\x94\x96\x9e\xba\xf9\xa9\x8c\xec\xec\xec\
\xcf\x03x\x10\xc0r\x00c-'Y\x91\xc6\x03@\x07\
\x14\xaf\xa8\xe0\xc5\xf3\xc1\x0b\xaf\xf3\x86>JG\x1c\x00\
(\xed\xd5\xae\xa8\x0d\x84O\x87\xef\x00\xb0B\xa1\x0f\x0a\
d\xaa\xed\xa6dI\xaf\x01@\xda\x01\xfd\x8d\xa8S\x17\
q3^\xaf\xde\xbf&b\xbb\x88\xc8&\x0e\x00DW\
Y\x835NYUY\x15\x80\xe5*\xba\x0c\xc0<\xdb\
M\x89\x94\x06\x03\xc0>\x00\xbfQ\x98W\xf6\xee\xc9\xde\
\xb2\x06k\x8c\xed \xa2T\xc1\x01\x80h\x10\xcf/x\
~\x92\x9b\xe1~N\xa1\xf7\x00\xf8,\x801\xb6\x9b\xe2\
\xc9\x87\x03@\x1f\x14[\x00y5\x98\xe1\xbe\xb4\xbcu\
\xfdq\xdbAD\xa9\x8a\x03\x00\xd1\x10\xd5\xce\xad\xcd\x0c\
\x17\x85\xef\x10\x95\xc5\x0a]\x0c\xe0vx|+b\xaf\
\x0f\x00W\xb6\xe2\xdd\x06\xd5fG\xb5\xe9Lf\xe7V\
~\x9eO44\x1c\x00\x88F\xe8'\x8b\x7f\x92\x15p\
\x03\x0b\xae\x1a\x08n\x01\x90g9kX<8\x00\xf4\
(\xb0CT\xdftT\x9b2\xfa\xfb\xb6\x7f\xe1\xe0?\
\x0e\xd8\x8e\x22\xf2\x22\x0e\x00DqR\xbb\xa26\xd0w\
\xaaoN@\x027+\xf4f\x81T)\xf4F\x00\x8e\
\xed\xb6O\xe2\x81\x01\xe00\x80\x16\xa8\xb4\xaa\xb8\xad\xb1\
X\xf6[\xbcy\x8f(>8\x00\x10%\xd0s\x0b\x9e\
+0\x99\xe6F\x85\xce\x87\xc1|\x11\xb9\x01\xc0\x5c\x00\
\xd9\xb6\xdb\x80\x94\x1a\x00\xfa\x00\xecW\x91=\xa2\xd8\xeb\
\x18wOFN\xf6\xee/l_s\xc9v\x18\x91_\
q\x00 J\xb2\xda\x15\xb5\x81\xde\x93\xbd\xb3\x83Np\
\xbe\x8a\xce\x06P\x09\xa0\xe2\xca_I\xdd\x8f\xc0\xc2\x00\
\xd0\x01\xe0}\x15}\x17\xc0{\x00\xde\x0b\x98\xe0\xde\x81\
\xcaw\x0fV\xd7\xd5\xb9\xc9\x0c!Jw\x1c\x00\x88R\
\xc8\xf3\x8b\x9f\x1f\xef\x1a\xb7\x02.f\xa9h1\x80\xe9\
\x00f\x5c\xf9\xab\x18@Q<\xdf/\xee\x03\x80\xe2\x02\
\x04'\x01=.\x90\xe3\x068\x09\xd1\x13\x109\x9c\xe1\
D\xde_\xde\xfa?\xdb\xe3\xf7fD4\x1a\x1c\x00\x88\
<\xe4\xa9\x9b\x9f\xca\xc9\xce\xce\x1e\xef\x18g\x92\x113\
AD\xc6\x1b\x98\xf1\x00&\x0ad\xacB\xf3!\xc8\x15\
\x95\x9c+\x7f\x9f\x0b \x13@>\x80\xe0U/U\x08\
@\xae\x0c\x00\x0a\xa0\xeb\xaa\x7f\x17\x03\xd0-@D\x05\
\xbd0\xe8\x04\xa4\x17\xd0^\x88\xf4(\xd0\x09\xe89G\
\xa5\x1d\x8e\xb6\x8b8\xe7\x1c'v\xae?3r\xbez\
\xeb\x13\xfd\xc9\xfaoADDDDDDDDD\
DDDDDDDDDDDDDDDD\
DDDDDDDDDDDDDDDD\
DDDDDDDDDDDDDDDD\
DDDDDDDDDDDDDDDD\
DDDDDDDDDDDDDDDD\
DDDDDDDDDDDDDDDD\
DDDDDDDDDDDDDDDD\
DDDDDDDDDDDDDDDD\
DDDDDDDDDDDDDDDD\
DDDDDDDDDDDDDDDD\
DDDDDDDDDDDDDDDD\
DDDDDDDDDDDDDDDD\
DDDDDDDDDDDDDDDD\
DDDDDD\xe9\xed\xff\x03h03\x8b\x10\xeb\
\xc6~\x00\x00\x00\x00IEND\xaeB`\x82\
\x00\x00\x1aS\
\x89\
PNG\x0d\x0a\x1a\x0a\x00\x00\x00\x0dIHDR\x00\
\x00\x02\x00\x00\x00\x02\x00\x08\x03\x00\x00\x00\xc3\xa6$\xc8\
\x00\x00\x00\x03sBIT\x08\x08\x08\xdb\xe1O\xe0\x00\
\x00\x00\x09pHYs\x00\x00\x0e\x7f\x00\x00\x0e\x7f\x01\
\xe2\x17\x9a\xde\x00\x00\x00\x19tEXtSoft\
ware\x00www.inkscap\
e.org\x9b\xee<\x1a\x00\x00\x02\xf7PLT\
E\xff\xff\xff\x00\x00\x00\x00\x00\x00\x00\x00\x00\x00\x00\x00\
\x00\x00\x00\x00\x00\x00\x00\x00\x00\x00\x00\x00\x00\x00\x00\x00\
\x00\x00\x00\x00\x00\x00\x00\x00\x00\x00\x00\x00\x00\x00\x00\x00\
\x00\x00\x00\x00\x00\x00\x00\x00\x00\x00\x00\x00\x00\x00\x00\x00\
\x00\x00\x00\x00\x00\x00\x00\x00\x00\x00\x00\x00\x00\x00\x00\x00\
\x00\x00\x00\x00\x00\x00\x00\x00\x00\x00\x00\x00\x00\x00\x00\x00\
\x00\x00\x00\x00\x00\x00\x00\x00\x00\x00\x00\x00\x00\x00\x00\x00\
\x00\x00\x00\x00\x00\x00\x00\x00\x00\x00\x00\x00\x00\x00\x00\x00\
\x00\x00\x00\x00\x00\x00\x00\x00\x00\x00\x00\x00\x00\x00\x00\x00\
\x00\x00\x00\x00\x00\x00\x00\x00\x00\x00\x00\x00\x00\x00\x00\x00\
\x00\x00\x00\x00\x00\x00\x00\x00\x00\x00\x00\x00\x00\x00\x00\x00\
\x00\x00\x00\x00\x00\x00\x00\x00\x00\x00\x00\x00\x00\x00\x00\x00\
\x00\x00\x00\x00\x00\x00\x00\x00\x00\x00\x00\x00\x00\x00\x00\x00\
\x00\x00\x00\x00\x00\x00\x00\x00\x00\x00\x00\x00\x00\x00\x00\x00\
\x00\x00\x00\x00\x00\x00\x00\x00\x00\x00\x00\x00\x00\x00\x00\x00\
\x00\x00\x00\x00\x00\x00\x00\x00\x00\x00\x00\x00\x00\x00\x00\x00\
\x00\x00\x00\x00\x00\x00\x00\x00\x00\x00\x00\x00\x00\x00\x00\x00\
\x00\x00\x00\x00\x00\x00\x00\x00\x00\x00\x00\x00\x00\x00\x00\x00\
\x00\x00\x00\x00\x00\x00\x00\x00\x00\x00\x00\x00\x00\x00\x00\x00\
\x00\x00\x00\x00\x00\x00\x00\x00\x00\x00\x00\x00\x00\x00\x00\x00\
\x00\x00\x00\x00\x00\x00\x00\x00\x00\x00\x00\x00\x00\x00\x00\x00\
\x00\x00\x00\x00\x00\x00\x00\x00\x00\x00\x00\x00\x00\x00\x00\x00\
\x00\x00\x00\x00\x00\x00\x00\x00\x00\x00\x00\x00\x00\x00\x00\x00\
\x00\x00\x00\x00\x00\x00\x00\x00\x00\x00\x00\x00\x00\x00\x00\x00\
\x00\x00\x00\x00\x00\x00\x00\x00\x00\x00\x00\x00\x00\x00\x00\x00\
\x00\x00\x00\x00\x00\x00\x00\x00\x00\x00\x00\x00\x00\x00\x00\x00\
\x00\x00\x00\x00\x00\x00\x00\x00\x00\x00\x00\x00\x00\x00\x00\x00\
\x00\x00\x00\x00\x00\x00\x00\x00\x00\x00\x00\x00\x00\x00\x00\x00\
\x00\x00\x00\x00\x00\x00\x00\x00\x00\x00\x00\x00\x00\x00\x00\x00\
\x00\x00\x00\x00\x00\x00\x00\x00\x00\x00\x00\x00\x00\x00\x00\x00\
\x00\x00\x00\x00\x00\x00\x00\x00\x00\x00\x00\x00\x00\x00\x00\x00\
\x00\x00\x00\x00\x00\x00\x00\x00\x00\x00\x00\x00\x00\x00\x00\x00\
\x00\x00\x00\x00\x00\x00\x00\x00\x00\x00\x00\x00\x00\x00\x00\x00\
\x00\x00\x00\x00\x00\x00\x00\x00\x00\x00\x00\x00\x00\x00\x00\x00\
\x00\x00\x00\x00\x00\x00\x00\x00\x00\x00\x00\x00\x00\x00\x00\x00\
\x00\x00\x00\x00\x00\x00\x00\x00\x00\x00\x00\x00\x00\x00\x00\x00\
\x00\x00\x00\x00\x00\x00\x00\x00\x00\x00\x00\x00\x00\x00\x00\x00\
\x00\x00\x00\x00\x00\x00\x00\x00\x00\x00\x00\x00\x00\x00\x00\x00\
\x00\x00\x00\x00\x00\x00\x00\x00\x00\x00\x00\x00\x00\x00\x00\x00\
\x00\x00\x00\x00\x00\x00\x00\x00\x00\x00\x00\x00\x00\x00\x00\x00\
\x00\x00\x00\x00\x00\x00\x00\x00\x00\x00\x00\x00\x00\x00\x00\x00\
\x00\x00\x00\x00\x00\x00\x00\x00\x00\x00\x00\x00\x00\x00\x00\x00\
\x00\x00\x00\x00\x00\x00\x00\x00\x00\x00\x00\x00\x00\x00\x00\x00\
\x00\x00\x00\x00\x00\x00\x00\x00\x00\x00\x00\x00\x00\x00\x00\x00\
\x00\x00\x00\x00\x00\x00\x00\x00\x00\x00\x00\x00\x00\x00\x00\x00\
\x00\x00\x00\x00\x00\x00\x00\x00\x00\x00\x00\x00\x00\x00\x00\x00\
\x00\x00\x00\x00\x00\x00\x00\x00\x00\x00\x00\x00\x00\x00\x00\x00\
\x00\x00\x00\x00\x00\x00\x00\x00W)\xc5w\x00\x00\x00\xfc\
tRNS\x00\x01\x02\x03\x04\x05\x06\x07\x08\x09\x0a\x0b\
\x0c\x0d\x0e\x0f\x10\x11\x12\x13\x14\x15\x16\x17\x18\x19\x1a\x1b\
\x1c\x1d\x1e\x1f !\x22#$%&'()*+\
,-./012356789:;<\
=>?@BCDEFGHIJKLM\
NOPQRSTUVWXYZ[\x5c]\
^_`abcdefghijklm\
nopqrstuvwxyz{|}\
~\x7f\x80\x81\x82\x83\x84\x85\x86\x87\x88\x89\x8a\x8b\x8c\x8d\
\x8e\x8f\x90\x91\x92\x93\x94\x95\x96\x97\x98\x99\x9a\x9b\x9c\x9d\
\x9e\x9f\xa0\xa1\xa2\xa3\xa4\xa5\xa6\xa7\xa8\xa9\xaa\xab\xac\xad\
\xaf\xb0\xb1\xb2\xb3\xb4\xb5\xb6\xb7\xb8\xb9\xba\xbb\xbc\xbd\xbe\
\xbf\xc0\xc1\xc2\xc3\xc4\xc5\xc6\xc7\xc8\xc9\xca\xcb\xcc\xcd\xce\
\xcf\xd0\xd1\xd2\xd3\xd4\xd5\xd6\xd7\xd8\xd9\xda\xdb\xdc\xdd\xde\
\xdf\xe0\xe1\xe2\xe3\xe4\xe5\xe6\xe7\xe8\xe9\xea\xeb\xec\xed\xee\
\xef\xf0\xf1\xf2\xf3\xf4\xf5\xf6\xf7\xf8\xf9\xfa\xfb\xfc\xfd\xfe\
9\x9c6\xbc\x00\x00\x15\xc6IDAT\x18\x19\xed\xc1\
y|\x94\xe5\xb9\x06\xe0{f\xb2\x02\x86%\xca*\x09\
B\x01\x09\xc8\x96`#\x22\x1c\x11\x8e\xc8f\x83H\x15\
\xa3\xa5\x02* \x94M\xb6\xb2\x05AQP\xa4\xec\x88\
\x85jE\xd4\x80\x8aE\x81*\x94rd\xa7PP\x96\
\x13\x96@\xd8!$!\xc9\x90\xcc\xdc\x7f\x9cS\xeb\xcf\
\x96\xca\x92\xef\x9b\x99\xf7}g\xe6\xb9.\x08!\x84\x10\
B\x08!\x84\x10B\x08!\x84\x10B\x08!\x84\x10B\
\x08!\x84\x10B\x08!\x84\x10B\x08!\x84\x10B\x08\
!\x84\x10B\x08!\x84\x10B\x08!\x84\x10B\x08!\
\x84\x10B\x08!\x84\x10B\x08!\x84\x10B\x08!\x84\
\x10B\x08!\x84\x10B\x08!\x84\x10B\x08!\x84\x10\
B\x08!\x84\x10B\x08!\x84\x10B\x08!\x84\x10B\
\x08!\x84\x10B\x08!\x84\x10B\x08!\x84\x10B\x08\
!\x84\x10B\x08!\x84\x10B\x08!\x84\x08f\xd1\x15\
\xab\xdf\x95\x94\xdc\xba}\x97\x9e\xe9\xfd\x87\x8c\x9e<}\
\xf6\xec\xe9\x93G\x0f\xe9\x9f\xde\xb3K\xfb\xd6\xc9Iw\
U\xaf\x18\x0d\x11r\x22\x13R\xd3\x06M[\xban\x7f\
\xae\x87\xb7\xe4\xc9\xdd\xbfn\xe9\xb4Ai\xa9\x09\x91\x10\
A-\xbee\x97\xfe\x93\x16\xad\xde}\xd6K[\xbcg\
w\xaf^4\xa9\x7f\x97\x96\xf1\x10\xc1%.\xf5\xd97\
\xd7\x9d\xa2\xdf\x9cZ\xf7\xe6\xb3\xa9q\x10\xe6\x8bm\x99\
>}\xf51\x06\xc4\xb1\xd5\xd3\xd3[\xc6B\x98\xc9\xd5\
\xa4WF\xe6!\x0f\x03\xccs(3\xa3W\x13\x17\x84\
I\xa2\xdb\x8c\xfd\x22\x9f\x0a\xe5\x7f1\xb6M4\x84\x09\
*t\x98\xb2\xb1\x98\x1a\x14o\x9c\xd2\xa1\x02\x84NU\
\xba\xbd\xbe\xb5\x84\x1a\x95l}\xbd[\x15\x08\x1dj>\
>g\xaf\x97\x06\xf0\xee\x9d\xf3xM\x08\x95\x9c\xad_\
;@\xa3\x1cx\xad\xb5\x13B\x89\x98\xce\x8b\xcf\xd0@\
g\x16w\x8e\x81\x08\xb0\xcaO}T@c\x15|\xf4\
Te\x88\x80I\x18\xb4\xbe\x84\x86+Y?(\x01\x22\
\x00\x9a\x8e\xdf\xc9 \xb1s|S\x08\xbfj6#\x8b\
A%kF3\x08?\xa92p\x07\x83\xd0\xf6\x17*\
A\xf8\xcc\xd9qy1\x83T\xd1\x1f\xdb; |Q\
/\xe38\x83\xda\xd1\x89\x89\x106\x95K\xff\xda\xcb\xa0\
\xe7]\xfb\xcb\x18\x08\xebR\x17\xe51D\x5c\x9a\x93\x0c\
aI\xf5\x91\xdf2\xa4\xfcmp<DY5~\xc7\
\xcd\x90S8\xaf>DY\xb4[\xedeH\xf2|\xfc\
s\x88[p=\xbe\x8d!lS7\x07\xc4\x8d\x95\x1f\
\x94\xc5\x10\xf7]\xdfh\x88\xeb\xab\x96q\x81a\xe0\xf4\
\xd8*\x10?\xd5pa\x11\xc3D\xc1[u \xae\xd5\
z\xa5\x97a\xa4ty2\xc4\xbft\xdc\xcc\xb0\xf3\xe7\
\xb6\x10\xfft\xefW\x0cKkZ@\x00I\x99\x0cW\
\xde\xe5\xf5\x11\xee\x12\x96\x942\x8c\x95,\xa8\x85pv\
\xfb\xccb\x86\xb9\xc2\xe9U\x10\xae*\x8c\xbfL\xc1\xdc\
1\xe5\x11\x8e\xa2\x06\x9d\xa1\xf8\xde\xe9\x01\x91\x087\xce\
\xa7\x8eP\xfc(\xab\xb7\x13a\xa5\xcb\x1e\x8ak\xec\xe9\
\x8c\xf0q\xf7z\x8a\x9fX\xd7\x10\xe1\xa1\xdcT7\xc5\
u\xb8_\x8eE\x18\xe8v\x94\xe2\x06\x8etF\xa8\xbb\
\xebS\x8a\x9bX\x99\x88P\x165\xae\x90\xe2\xa6\xae\x8c\
\x8aD\xc8z\xe8\x00\xc5-\xedo\x87\xd0T\xf3\x03\x8a\
2y\xb7\x1aBO\xc4\xd0<\x9a\xc2{v\xc7\xaa9\
S\xa7L\x9e8~\xdc\x98Q#\x87\x0f\x1d2n\xee\
\xca\xad'Ji\x8c\xdc\x01N\x84\x98\xfb\xf7\xd0\x00\x97\
\xd7\xcf~\xe9\xc9\x07\xeaF\xe3z\x9c\xd5[v\xee7\
q\xd1V7\x0d\xb0=\x05\xa1\xa4\xf2;^jV\xb4\
yV\xef\x86\x0e\x94AT\xca\x80\xa5\xdfz\xa9\x99g\
^\x1cBF\xc7\x93\xd4\xea\xe4\xdb\xfd\x9aG\xc0\x92\x8a\
\x0f\x8e\xce<I\xad\x8e\xb6Ch(7\x97:\xfd-\
#\xc5\x01{\x92\xc6\xef\xa1F\xde\x991\x08\x01\xa9\x87\
\xa8\xcd\xd5\xb5\x83\x12\xe1\x93\x06cvR\x9f}-\x11\
\xec\x22_.\xa5&\x9e\xd5\xbd*\xc2\x0f\xea\x8e\xdcJ\
]\xae\xfe\xd6\x85\xa0\xd6d\x17595%\x11~\x93\
8\xec\x005\xd9\xd2\x00\xc1\xcb9\xbc\x98Zx\xbfL\
\x8b\x80_9\xban\xa0\x1eW\x06:\x10\xa4\xeal\xa0\
\x16g_\xad\x87\x00HY^J-\xbe\xbc\x13A\xa9\
O\x1eu\xc8\x19\x10\x85\x00I\x9c\x99G\x1d.=\x81\
\xe0S\xed\x13\xeap~D,\x02\xa8\xe2\xf0l\xea\xb0\
\x22\x1eA\xe6\xd1s\xd4\xe0\xf2\x848\x04X\xc4s\xe7\
\xa8AN'\x04\x93\x98\xc5\xd4\xa0pz<\x14\xa84\
\xab\x84\x1a\xfc.\x0aA\xa3\xee.\xaa\xe7]P\x03\x8a\
$}I\x0d\xb6$ Ht\xbdD\xf5\xf6\xb7\x86B\
]\x0fS\xbd\xf3\x1d\x11\x0c\x5c\xafx\xa9\x9c{B\x14\
\x94\x8a\x1e\x95O\xe5<\x13\x9d0^\xb5\xaf\xa8\xde_\
\x1aA\xb9\x1a\xcb\xa8\xde\x9ax\x18\xee\xfe\x1c*\x97\xdb\
\xdf\x01\x1d\xba_\xa0r\xc7Z\xc1h\xc3J\xa8\xdc\xaa\
\x1a\xd0\xa4\xf6F*\xe7\x1e\x00s\xc5}L\xe5J\x86\
B\x1f\xd7$\x0f\x95{\xaf<\x0cu\xcfA*w\xe2\
>h\xd56\x9b\xca\xed\xbb\x1bFJ\xbfB\xe5\xd6\xde\
\x01\xcd\xe2WQ\xb9\xfc\x9e0O\xf4\x02*\xe7\x99\xe4\
\x84~\x03\x8b\xa9\xdc\xacH\x18&q;\x95;\xdf\x11\
Fh~\x9c\xcam\xae\x05\xa3\xb4:M\xe5v\xd5\x86\
!\xee\xfc;\x95;\xd1\x1c\x06\xf9E!\x95\xfb:\x0e\
\xc6\xa8\xbc\x89\xca\xe5w\x821\x86{\xa9\x5cf\x0c\x0c\
\x12\xb3\x92\xca\x95\xbe\x003D\xcc\xa7z\x8b]0\x8a\
k!\xd5\x9b\xe9\x84\x01n[C\xf5^\x81q&Q\
\xbd\xccr\xd0\xae\xf6\x1e*\xe7\x1d\x0a\x03=\xe7\xa1r\
[\xabA\xb3\xe4\x1c*W\x92\x0e#=ZL\xe5\x8e\
&A\xab\xae\x05T\xce\x9b\x0eC\xa5y\xa8\x5c\xee\x83\
\xd0h\xb0\x87\xea\x0d\x85\xb1\x9e\xa7zW\xfb@\x17\xd7\
lj\xf0\x0a\x0c6\x99\x1a\xbc\xec\x80\x16\x15>\xa3\x06\
\x8ba\xb4E\xd4\xe0\xfdhhPk'5\xc8t\xc1\
h\xaeU\xd4`S<\x94k\x98M\x0d\xbe\x8e\x81\xe1\
b7Q\x83\x83\x89P\xac\xd9\x19j\xb0+\x0e\xc6\xab\
\xbc\x8f\x1a\x1c\xaf\x0f\xa5\xee\xbdH\x0d\xce\xd7F\x10\xa8\
\x9dM\x0dN\xdf\x03\x85\xda\xe5S\x03OG\x04\x85\x16\
\xc5\xd4\xe0B\x0a\x94y\xb8\x90:LB\x90x\x91:\
\x5cn\x03E\xd2\xdc\xd4a\xad\x13\xc1b\x15u\xb8\xd2\
\x01J\xa4\x97R\x87\x13w h\xc4gS\x07ww\
(\xf0\xbc\x97:\x94\xdc\x87 \xf2@)u(y\x12\
\x017\x82z\x0cEP\x99@-<\xfd\x10`\x93\xa9\
\xc7*\x04\x17\xd7\x06\xea1\x14\x015\x93z\xe4\xd6@\
\x90\xb9\xf3<\xf5\x18\x8f\xc0q.\xa4&\xfd\x11t\xba\
P\x93\xd7\x10(\x11\xefQ\x93\xbf8\x10|~OM\
\xe6:\x10\x10\x91\x99\xd4\xc4\xdd\x08\xfe\x15s\xef\xd3c\
\xe7}\xba;\xe7\xec\x85Ky\x05\x859;>]8\
\xa9\xff\x83\x15\xe1_\xd5\xf3\xa8\xc9R'\x02\xc0\xf5\x01\
u\x99\x00?\xaa\xdfw\xe1\xce\xab\xbc\x0e\xefw\xcb\x06\
\xb6\x8a\x82\xff\x8c\xa0.\x8b\x1d\xf0;\xc7;\xd4e\x7f\
\x14\xfc\xa5\xea\x8b[yS\x97\xdf\xed\x1e\x03?\x89<\
@]\xde\x84\xdf\xcd\xa6.\xde\xd6\xf0\x8f\xf2O|^\
\xc2[\xcb_\xde#\x06~\xd1\x89\xdad\xc0\xcf\xa6Q\
\x9b\x05\xf0\x07W\xc7?\x14\xb0\xac\xceL\xb8\x1d\xfe\xf0\
\x19\xb5\x19\x09\xbf\x1aKm\x0ak\xc0w\xd1/\x9d\xa6\
%\x85\xf3\x1b\xc2w\xf5\xdd\xd4\xe6\x05\xf8\xd1`\xea3\
\x1d\xbeK\xcb\xa2e\xde\x95\x0d\xe0\xb3W\xa9\x8d7\x1d\
~\xf3k/\xb5\xb9\x1c\x0f_\xb5\xf8\x9a\xb6\x5c}=\
\x0e>\xba-\x87\xda\x94\xa6\xc1Ozy\xa8\xcf\x04\xf8\
\xa8\xdab\x0f\xed:\xf3k'|\xf34\xf5q?\x0c\
\xbf\xe8ZB}\xce\xc7\xc1'\xd1\xa3\xf2\xe8\x8bm\x8d\
\xe0\x13W\x16\xf5)l\x0b?x\xa8\x98\x1a\x8d\x80O\
\xee\xcb\xa2\x8f\xae\xf4\x85O^\xa4Fy\xad\xe0\xb3\xfb\
\xafP\xa3\x9cX\xf8\xa2w1}\xb7\xa2\x22|P\xe1\
\x125\xba\xd8\x14>J\xbeL\x9d\x06\xc0\x07\x8e)\xf4\
\x8b#\xa9\xf0\xc1+\xd4\xe9t\x03\xf8\xa4\xf1y\xeat\
6\x0a\xf6\xc5~H?q\xf7\x84}\xb5\xaeR\xa7\xe3\
\x89\xf0\xc1\xcfNQ\xabWa_\xcdm\xf4\x1b\xcf\x00\
\xd8\xf7\x07ju\xb8\x06l\xbb\xfd0\xb5\xf2\xd6\x83m\
-N\xd0\x9f&\xc3\xb6\xe6\xd4kW\x05\xd8\x14\xb3\x99\
z}\x09\xdb\x1e\xbdB\xffZ\xe0\x84]\xeb\xa9\xd7\xe7\
.\xd8\xe2XA\xcd\xd2`W7\x0f\xfdm!\xec\xea\
D\xcd\xe6\xc1\x96\xe9\xd4\xecT\x04ljQ@\xff\xcb\
\x80M\x8e\xfd\xd4l\x04l\xe8O\xdd\xa6\xc0\xa6\x1a\xd9\
\x0c\x84\x81\xb0i\x085\xf3\xf6\x80e\x0f\x97R3O\
\x22\xec)\xb7\x8d\x01\xe1\xe9\x09{\x12\xa8[Q*,\
j\x96G\xddV\xc3\x1e\xc7G\x0c\x10\xf7}\xb0g\x0b\
u;[\x0f\x96\xd4:A\xedz\xc1\x9e\xa9\x0c\x98c\
\x95`\xcb\x08jw\xa0\x0a,\xb8m7\xb5\xbbZ\x11\
\xb6<\xcd\x00\xfa\x08\xb6\xd4\xa5~\x1b\xa2Qf\x11\x7f\
\xa2~ka\xcb\xfdn\x06R\x7f\xd8\xb2\x93\xfa\xbd\xe7\
@Y\xcd\xa7\x01\x06\xc1\x8e\xa8\xc3\x0c\xa8\xc2\xc6\xb0c\
,\x0d0\x05e4\x92&H\x84\x1d#\x18`;\x9d\
\xb0\xa1!M\xd0\x07e\xf2\x98\x97\x06\xf8\x1b\xec\xa8z\
\x99\x81\xd6\x0fv\xec\xa5\x01\xae\xb6G\x19\xa4\x16\xd1\x04\
\x19\xb0c!\x03\xeel%\xd80\x91&\xc8m\x8c[\
\xaaw\x8eFH\x81\x0d\xcd<\x0c\xbc7`C\x13\x1a\
\xe1Xu\xdcB\x85}4\xc2I\x07l\xf83\x15(\
i\x04\x1b\xce\xd0\x08\xdfD\xe1\xe6>\xa4\x19\xde\x86\x0d\
\x8fR\x89\xcf`\xc3'4\xc3|\xdc\xd4H\x1a\xa2\x1f\
\xac\x8b:L5\x1a\xc3\xbaq4D\x1f\xdc\xc4\x83\xa5\
4DsX7\x82\x8a,\x81u\x1dh\x88\xa2d\xdc\
P\xc29\x1a\xa2(\x02\x969\x8eS\x11w\x0dXV\
\xc9KC\x1c\xbb\x1d7\x10\xb3\x9d\xa6\xd8\x0c\xeb\x1e\xa0\
2Sa\xdd\x01\x9ab\x9d\x0b\xd7\xb7\x84\xc6\x98\x05\xeb\
\x16P\x99\x8b\xe5a\xd92\x1a\xe3U\x5c\xd7\xf34G\
oX\x16u\x91\xea\xf4\x86e\x03i\x8e4\x5cG\xaa\
\x9b\xe6h\x08\xcb\xbaQ\xa1LX\x96Bs\xe47\xc2\
OT;Is\x5cv\xc0\xb2\x15T\xa8\xa8\x02\xac\x8a\
*\xa69\xbe\x8b\xc3\x7f\x88\xd8H\x83\xac\x87eqE\
T\xa9',\xfb\x86\x06\xc9t\xe0Z\xb3h\x92\xd9\xb0\
\xec\x19*\xb5\x02\x96-\xa4I\xc6\xe0\x1a\xbdi\x94\x97\
`\xd9Z*U\x10\x03\xab&\xd0$\x9e\x0e\xf87\xcd\
\x0ai\x94'aU5\x0f\xd5j\x03\xab\xfa\xd2(\x17\
\xea\xe0GU\xb2h\x96\x07`\xd5/\xa8\xd80X\xf5\
\x08\xcd\xb23\x16?p\xac\xa1a\xea\xc2\xaaiT\xec\
\x03X\xd5\x82\x86Y\x8a\x1f<G\xc3x\xa3a\xd5Z\
*v\x04VU\xa3i\x1e\xc3\xf7\xaa_\xa2a\xce\xc2\
\xb2\x8bT\xed\x0eX\xe4,\xa1ar*\xe2\x1f\xde\xa5\
iv\xc0\xaa\x9fQ\xb9G`U6M3\x17\xff/\
\xa1\x94\xa6Y\x05\xab\x1e\xa6r\x83a\xd5\x16\x9a\xc6]\
\x15\xc0T\x1ag\x0e\xac\xeaG\xe5^\x85U+i\x9c\
1@\xc4Y\x1ag*\xac\x9aL\xe5\x96\xc1\xaa\xb94\
\xceq\x07Rh\x9e)\xb0\xea\x1d*\xb7\x16V\x8d\xa3\
y\x9ab\x18\xcd3\x19V\xad\xa5r\xfb`\xd5oh\
\x9e\x01\xc8\xa4y&\xc2\xaa\xddT\xee\x22\xac\x1aF\xf3\
,\xc7.\x9ag<\xac\xdaK\xe5\xbc\xb0j\x04\xcd\xb3\
\x1d\xd94\xcf8X\xb5\x8f\xca\x95\xc0\xaa\x97h\x9e\xa3\
(\xa2y\xc6\xc2\xaa\xef\xa8\x5c\x11\xac\x1aM\xf3\x14\xa0\
\x80\xe6\x19\x0d\xab\x0eR\xb9|X5\x96\xe6)\xc2Q\
\x9a\xe7%Xu\x98\xca\xe5\xc2\xaaq4O6\xb6\xd3\
<#`U\x16\x95;\x0f\xab\xc6\xd3<\xbb\xb0\x9c\xe6\
\x19\x06\xab\xb6S\xb9S\xb0j\x22\xcd\x93\x89\x014\xcf\
o`\xd5'Tn7\xac\x9aL\xf3\x0cCS\x9ag\
\x1c\xacZ@\xe5>\x85USh\x9e\x148\x8e\xd38\
sa\xd5\x04*7\x0fVM\xa5q\xceF\x00ch\
\x9c\x95\xb0\xaa\x1f\x95\x1b\x0b\xab\xe6\xd08S\x01Tu\
\xd34[`Ug*\xf74\xac\xfa\x84\xa6)M\xc0\
\xff\x9bK\xd3d\xc3\xaa\xfaT\xae\x15\xac\xdaE\xd3\xbc\
\x8b\x7f\xa8\x98C\xc3\x948a\xd5E*\xe6\x8e\x86U\
\xe7i\x98K\xd5\xf1\xbd\xc7h\x9aj\xb0\xea\x0b*\xb6\
\x0dV\x95\xa3i\x9e\xc3\x0f\x96\xd20-`U\x06\x15\
\x9b\x03\xab\x1a\xd00k\x1c\xf8A\xecN\x9a\xe5\x11X\
\xd5\x85\x8a=\x03\xab\xda\xd3,YU\xf0\xa3:\x17h\
\x94\xbe\xb0\xaa:\x15\xab\x03\xab~E\xa3\x146\xc3\xbf\
\xe9\xe0\xa1I&\xc0\xb2\xfdTj3,\x1bO\xa3\xf4\
\xc65\xc6\xd0$\x0baY\x06\x95\x1a\x00\xcb\x16\xd1$\
\xb3p-G&\x0d\xf2\x0d,kA\x95J\xee\x80e\
\x7f\xa5A6F\xe0?\xc4}Gs\x14G\xc1\xb2,\
*\xf49,\x8b(\xa49NV\xc3O4\xca\xa79\
R`\xd9\xebT\xe8IX\xd6\x9c\xe6p\xa7\xe2:\xd2\
h\x8e\x81\xb0,\x95\xea\x5c)\x0f\xcb\xfa\xd2\x1c\xcf\xe3\
\xba^\xa51\x96\xc1\xba=T\xe6\x8f\xb0n!\x8d\xb1\
\x04\xd7\xe7ZGS\x1c\x80u\xcfP\x99G`\xdd.\
\x9ab{\x0cn\xe0\xf6c4\x84\xb7\x12,\x8b\xca\xa1\
\x22\xe7\x22`Yl\x09\x0dq.\x017\x94\x5cDC\
t\x80uc\xa8\xc8DXw\x1f\x0dQ\xfa n\xa2\
\x0f\x0d1\x0e\xd6U\xb9B%\xb2\xcb\xc1\xba\xc14\xc4\
H\xdc\xd4|\x9a\xe1\x13\xd8\xf0\x06\x95x\x026\xbcO\
3|\x88\x9b\x8b\xfa\x86F8\x03\x1b*\x9f\xa7\x02\x9b\
a\x83\xeb\x02\x8d\xb0\xaf\x02n\xa1\xfa1\x1a\xa1\x09l\
x\x8e\x81\xe7M\x81\x0dmi\x84s\xf5pK\x8ds\
i\x82\x89\xb0\xc1\xb9\x8b\x01\xf7{\xd81\x83&(J\
E\x19\xb4\xbfJ\x03\xec\x85\x1dm\x18h\xf95`\xc7\
!\x1a\xc0\xfb\x18\xca\xa4\x0fM\xd0\x10v\xbc\xc7\x00\x1b\
\x03;\x1a\xd1\x04#QFSh\x80\xb1\xb0\xa3\xf2q\
\x06\xd4\x91\x18\xd81\x8a\x06\x98\x8f\xb2r\xbcG\xfdv\
\xc2\x966\xa5\x0c \xf7\x03\xb0e3\xf5\xfbS\x04\xca\
,z\x03\xf5\xab\x0b[&2\x80\x9e\x81-U=\xd4\
n\xf7m\xb0\xa0\xca\x01j7\x02\xb6\xb8\xfe\xc2\x80\x99\
\x06{\xfaP\xbb\x13\xb5`I\xbd\xb3\xd4m\x0b\xecI\
8\xcb\x00\xf9\xd8\x01{6P\xb7\xbcf\xb0(\xb5\x88\
\xba%\xc0\x9e\xe4|\x06\xc4\xf6r\xb0'\x89\xba\x95>\
\x0c\xcbzx\xa9\xd9\x10\xd8\xd4\xde\xcd\x008Q\x136\
\xbdE\xdd\xfa\xc3\x86\x11\xd4l\xbf\x036=\xee\xa1\xdf\
\x15\xb4\x80M\xe5s\xa9\xd9t\xd82\x8f\x9au\x82]\
\x83\xe8o\x9e\xee\xb0\xebYj\xb6\xc2\x01[\x5c\x9fS\
\xaf\xf5\xb0m\x80\x87~U\xd0\x1d\xb6\xed\xa0^\x9bc\
`S\x85]\xd4\xab9l\xebQL?\xcan\x0e\xdb\
R\xa8\xd7\xe1\xdba[\x8d\xc3\xd4\xea\x0f\xb0\xaf].\
\xfdfk\x0d\xd8\xb7\x84Z\x9d\xfa\x19|\x90x\x9c:\
]\xad\x05\xfb\x9a\xe6\xd0OV\xc4\xc2\xbe\xca\x85\xd4\xe9\
|c\xf8\xa4\xc1i\xea\xf4\x0a|Pc\x1d\xfd\x22\xc3\
\x01\x1fdP\xa7\xcb\xc9\xf0Q\xd3\x8b\xd4\xe8R\x05\xf8\
\xc09\xba\x84>+~\x12\xbe\xb8#\x9f\x1a]\xb9\x1f\
>k\x95G\x8d^\x84OR\x8f\xd0G\x87R\xe1\x93\
\x19\xd4\xa8\xf8!\xf8A\xdbB\xea\x93\xe5\x82O*-\
\xf3\xd2\x07\x97GD\xc1'\xb5\x8a\xa8OIW\xf8\xc5\
\xc3n\xea\xf34|\x94\xba\x8dvy\x16V\x85\x8f\xe6\
S\x1fO/\xf8IZ)\xb5\xc9\xb9\x0d>r\xfc\xea\
4m\xf9\xba9|U\xf7*\xb5\xf1\xfe\x1a~\x93\xee\
\xa56\xaf\xc2gq\xd3.\xd3\xb2\xac4\xf8n\x19\xf5\
\x19\x0c?z\x81\xda\xb8\xeb\xc3w\xb7\x0d9BKN\
\x8e\x8a\x86\xef\x92<\xd4f,\xfcj$\xb5\xf9\x0c\xfe\
\xe0z\xec\x7fXV\x97\x16\xff\x97\x13\xfe\xf0)\xb5\x99\
\x06?\xcb\xa06\x9d\xe0\x1fM&\xee\xe5\xad\x15}\xf8\
h4\xfc\xa3\x07\xb5\x99\x0d\xbf{\x93\xba\x1c\x88\x84\xbf\
4\x1c\xb3\xc3\xcb\x9b(\xfd\xf2\xe98\xf8K\xa5\x1c\xea\
\xf2\x8e\x03~\xe7XL]F\xc0\x8f*?4v\xd5\
)^\xc7\x85/^\xee^\x15~\xb4\x80\xba|\xe0B\
\x008\x97R\x93\xbc\xea\xf0\xb3\xda\x0f=3f\xce\xca\
mY\xff{\xf0\xbb}{w\xaf]2\xb9\xef\x7f\xd7\
\x85\x9f\xb5\xf1R\x93\xccH\x04\x84c.5\xf9=\x82\
O\xf4\xb7\xd4\xe4\xbd\x08\x04\xcak\xd4\xa4\x0b\x82\xce$\
j\xb2\xd0\x89\xc0\x19O=\xce\xdf\x89 \x93\xe4\xa6\x1e\
3\x11PC\xa9\xc7\x06\x17\x82J\xe47\xd4c2\x02\
\xac\x9f\x87ZL@Py\x83z\x8c@\xc0=YB\
\x1dJ\x1f@\x10\xe9A-\xbc\xcfC\x81\xeen\xea\x90\
\x1d\x8f\xa0\xd1 \x8f:\x94\xa6C\x89\x0eW\xa8\xc3*\
\x04\x8br{\xa9\x83;\x0d\x8a\xb4\xb9L\x1d^D\x90\
XF\x1d\x0a\x1f\x862)\x17\xa8Aq\x0b\x04\x85\xfe\
\xd4!\xbf\x1d\x14\xba\xe745\xc8\xae\x8d \x90\x5cL\
\x0d.\xde\x0b\xa5\xea\x1f\xa7\x06\xfb*\xc3xuNR\
\x833\xcd\xa0X\xe2Aj\xb0)\x16\x86\xabz\x90\x1a\
d7\x84r\xf1\x9b\xa8\xc1*\x17\x8c\x16\xb7\x83\x1a\xec\
\xac\x05\x0d\xa2\xdf\xa7\x06\x8b`\xb2\x98\xaf\xa8\xc1g\x15\
\xa0\x85\xe3ej0\x19\xe6reR\x83\xd9.\xe8\xd2\
\xe7*\xd5{\x1e\xc6z\x9b\xeay\x06C\xa3\x07s\xa9\
\x9c'\x0d\x86\x9aN\xf5\x0a\xbaB\xab\xa4\xa3T\xae\xf8\
Q\x18i:\xd5\xcbI\x86f\xd5\xb6R9\xcfs0\
\x8f\xebm\xaa\xb7\xa76\xb4+\x97I\xf5&\xc141\
\x99To\xcdm0\x80s&\xd5[\xe8\x82Q\xe2\xbe\
\xa2z\xf3#`\x86\x17J\xa9\xdc\xca\x18\x18\xa4\xea\x0e\
*\xe7\x1d\x0ect\xca\xa7r\x9b*\xc3\x18u\x0eR\
\xb9\xc2_\xc0 \xcdOP\xb9\xbf\xdf\x09C$\x9f\xa4\
r\xa7[\xc1(\xb56S\xb9\xe3\xcda\x84\xfe\xc5T\
n{\x22\x0c\x139\x8b\xca\x15\x0f\x84~\xe5\x96Q\xbd\
\x05\xd10O\xcf|*\xb7*\x1e\x9a5\xd8K\xe5\xae\
\xa4\xc3Hw\xef\xa3r\xd9m\xa1U\x8f<*w\xf0\
\x1e\x18\xaa\xfc{T\xce3\xc9\x05m\x22\xdf\xa0z\x1f\
\xc7\xc1\x5c\x03\xdcTncmh\x92\xf4\x0d\x95+\x19\
\x06\xa3\xb5:F\xe5.t\x87\x0e\xd1\x93\xdcT.\xe7\
~\x18.~\x0d\xd5[V\x03\xca\xb5\xf9\x96\xea}U\
\x0d\xc6sN\xf4P\xb9\xfcQ\xd1P\xaa\xd2\x02/\x95\
\xf3\xbe\xe2B0\xe8x\x9e\xea\x1d\xee\x0a\x85z\xe4P\
\xbdK]\x11$\x12\xb6P\x83/\x93\xa0H\xd2\xa7\xd4\
`W]\x04\x8d\xa8\xdfQ\x83\x92Y\x95\xa0@\xdde\
\x1ej\xb08\x06\xc1\xa4S\x0e58\xf7\x5c\x04\x02\xac\
\xd6\xfc\xab\xd4\xe0\xdc\xa3\x082\xf1+\xa8C\xf6\xf0\x8a\
\x08\xa0;f\x14Q\x87O\xaa!\xf8<q\x89:\xe4\
\xcdLD\x80T\xce\xc8\xa7\x0ey}\x10\x94\xee\xfc\x92\
Z\x94.OA\x00\xa4,)\xa4\x16\x1b\xea H9\
\x06^\xa1\x1e\x1b\xba:\xe0W\xe5\x9f\xddA=\x8a\x87\
;\x11\xbc\x1al\xa1&\x07\x86%\xc2o\x92\xde\xca\xa5\
&\xbb\x9a \xa8\xb9~{\x95\xbal\x1dY\x17~P\
\xb5\xcf\x06\xeaR\xfar$\x82]\xcb}\xd4g\xe7\x98\
\x06\xf0I\xa3Q\x9b=\xd4\xe6P*B@\xccL/\
5\xda3>\x09\xf6\xb8\xda\xce8D\x9d\xe6\x96Ch\
hw\x94Z\x9d\xcc\x1c\xfd`EX\x12{\xdf\xe0\xf7\
/P\xab\x93\x1d\x112\xe2\xe6y\xa8\x99\xf7\xdb\xa5\x03\
R\xa2P\x06\x11\xcd\xfb.\xdcUB\xcd\xbc\xefTF\
(I\xd9N\x03\xb8\xb7.\x9a\xd8\xafs\xcb\xeaN\x5c\
O\xb9\x06\xed\x7f5~\xd1_\x0bi\x80=\xf7#\xc4\
8\x07\xe4\xd2\x18\xa5'\xb6\xae\x9c;n\xc8\xd0\xe1#\
G\x8d\x197~\xe2\xe4)S\xe7|\xb2\xeb<\x8d\x91\
74\x02\xa1\xa7\xda\xbb\x14e\xf2AM\x84\xa6v\xfb\
)n\xe9\xc0C\x08Y\x91\xa3\xaeP\xdcT\xe1\xb8(\
\x84\xb2\xc4\x95\x147\xf1\xe9]\x08u\x9d\x8fP\xdc\xc0\
\xd1n\x08\x03\xb1/\xbb)\xae\xc3=\xb5\x1c\xc2C\xc3\
u\x14?\xb1\xfen\x84\x8f\xce{(\xae\xb1\xa7\x0b\xc2\
\x8a\xb3w\x16\xc5\x8f\x8e<\xe5D\xb8\x89\x1cp\x9a\xe2\
{g\x06E!\x1c\x95\x1f\x93K\xc1\xcb\xe3+ \x5c\
U\x99^\xc80W<\xf3v\x84\xb3Z\x0bJ\x18\xc6\
J\x97$ \xdc\xd5_\xeee\xb8\xcaL\x82\x00Z\xac\
aX\xfa\xea^\x88\x7fj\xfbg\x86\x9d\xcd\x1d!\xfe\
%yy)\xc3\x88wek\x88k\xd5y\xab\x80a\
\xa2haC\x88\x9f\xaa2\xf64\xc3\xc0\x85\x8cj\x10\
\xd7\x17\xdd\xf7;\x86\xb8\xacA\xe5!n\xcc\xd1m\x13\
C\xd8\xb6\xc7]\x10\xb7\xf0\xf3\x8f=\x0cI\xde\xd5\xed\
 \xca\xa2\xfe\xbcB\x86\x1c\xf7;\x8d!\xca*~\xf0\
\xdf\x18R\xbe\x1dY\x1d\xc2\x92\xe49\x97\x18\x22\xf2\x16\
\xa5BX\x17\xf3\xcb\xb5^\x06=\xef\xd7\xe9\xe5 l\
J\x9cx\x94A\xedxF=\x08_8\xda\xff\xb1\x88\
A\xaaxyG'\x84\xcf*\xbd\xb0\x9dAh\xc7\xc0\
*\x10~\xd2lF\x16\x83J\xd6\x8cf\x10~\xd5t\
\xfcN\x06\x89\x9d\xe3\x9bB\x04@\xc2\xa0\xf5%4\x5c\
\xc9\xfaA\x09\x10\x01S\xf9\xa9\x8f\x0ah\xac\x82\x8f\x9e\
\xaa\x0c\x11`1\x9d\x17\x9f\xa1\x81\xce,\xee\x1c\x03\xa1\
\x84\xb3\xf5k\x07h\x94\x03\xaf\xb5vB\xa8T\xf3\xf1\
9{\xbd4\x80w\xef\x9c\xc7kB\xe8P\xa5\xdb\xeb\
[K\xa8Q\xc9\xd6\xd7\xbbU\x81\xd0\xa9B\x87)\x1b\
\x8b\xa9A\xf1\xc6)\x1d*@\x98 \xba\xcd\xd8/\xf2\
\xa9P\xfe\x17c\xdbDC\x98\xc4\xd5\xa4WF\xe6!\
\x0f\x03\xccs(3\xa3W\x13\x17\x84\x99b[\xa6O\
_}\x8c\x01ql\xf5\xf4\xf4\x96\xb1\x10\xe6\x8bK}\
\xf6\xcdu\xa7\xe87\xa7\xd6\xbd\xf9lj\x1cDp\x89\
o\xd9\xa5\xff\xa4E\xabw\x9f\xf5\xd2\x16\xef\xd9\xdd\xab\
\x17M\xea\xdf\xa5e<DP\x8bLHM\x1b4m\
\xe9\xba\xfd\xb9\x1e\xde\x92'w\xff\xba\xa5\xd3\x06\xa5\xa5\
&DB\x84\x9c\xe8\x8a\xd5\xefJJn\xdd\xbeK\xcf\
\xf4\xfeCFO\x9e>{\xf6\xf4\xc9\xa3\x87\xf4O\xef\
\xd9\xa5}\xeb\xe4\xa4\xbb\xaaW\x8c\x86\x10B\x08!\x84\
\x10B\x08!\x84\x10B\x08!\x84\x10B\x08!\x84\x10\
B\x08!\x84\x10B\x08!\x84\x10B\x08!\x84\x10B\
\x08!\x84\x10B\x08!\x84\x10B\x08!\x84\x10B\x08\
!\x84\x10B\x08!\x84\x10B\x08!\x84\x10B\x08!\
\x84\x10B\x08!\x84\x10B\x08!\x84\x10B\x08!\x84\
\x10B\x08!\x84\x10B\x08!\x84\x10B\x08!\x84\x10\
B\x08!\x84\x10B\x08!\x84\x10B\x08!\x84\x10B\
\x08!\x84\x10B\x08!\x84\x10B\x88 \xf6\x7f<\x06\
\x83j\xaa\x03\xe2\x0b\x00\x00\x00\x00IEND\xaeB\
`\x82\
\x00\x000\x02\
\x89\
PNG\x0d\x0a\x1a\x0a\x00\x00\x00\x0dIHDR\x00\
\x00\x02\x00\x00\x00\x02\x00\x08\x06\x00\x00\x00\xf4x\xd4\xfa\
\x00\x00\x00\x09pHYs\x00\x00\x0e\xc3\x00\x00\x0e\xc3\
\x01\xc7o\xa8d\x00\x00\x00\x19tEXtSof\
tware\x00www.inksca\
pe.org\x9b\xee<\x1a\x00\x00 \x00ID\
ATx\x9c\xed\xddw\xb8eU}\xff\xf1\xf7\x14\xa6\
\xc0\xd0{\x13\xa9#M\x9a5\x8cxElD\xd4\xfc\
\x14Ml\x89QI\x0c?cb\x8c\x9aD=\x17\x13\
\x13\x8c&Q\xa3\x22\x1a\x1bj\x8chb\xc4\x12E \
\xa2b\xa5(M\x90\xa1)\xbd\x0d03\xc0\xf4\xfc\xb1\
\xceu.\xc3\xedg\xef\xfd]k\xef\xf7\xeby>\xcf\
\x15\x1c\xee|\xcf\xda\xfb\x9e\xf3\xbdk\xef\xbd\x16H\x92\
$I\x92$I\x92$I\x92$I\x92$I\x92$\
I\x92$I\x92$I\x92$I\x92$I\x92$I\
\x92$I\x92$I\x92$I\x92$I\x92$I\x92\
$I\x92$I\x92$I\x92$I\x92$I\x92$\
I\x92$I\x92$I\x92$I\x92$I\x92$I\
\x92$I\x92$I\x92$I\x92$I\x92$I\x92\
$I\x92$I\x92$I\x92$I\x92$I\x92$\
I\x92$I\x92$I\x92$I\x92$I\x92$I\
\x92$I\x92$I\x92$I\x92$I\x92$I\x92\
$I\x92$I\x92$I\x92$I\x92$I\x92$\
I\x92$I\x92$I\x92$I\x92$I\x92$I\
\x92$I\x92$I\x92$I\x92$I\x92$I\x92\
$I\x92$I\x92$I\x92$I\x92$I\x92$\
I\x92$I\x92$I\x92$I\x92$I\x92$I\
\x92$I\x92$I\x92$I\x92$I\x92$I\x92\
$I\x92$I\x92$I\x92$I\x92$I]7\
+\xba\x80\xc2,\x04\x0e\x00v\x04\xb6\x06\x1e\x02V\x00\
\xd7\x037\x01\xeb\xe3J\x93$IU\x99\x05\x1c\x03|\
\x00\xb8\x8c\xf4\x01\xbfa\x9c\xdc\x0f|\x13x#\xb0{\
D\xb1\x92$i0\xf3\x81\xd7\x01K\x19\xff\x03\x7f\xa2\
\xac\x03\xfe\x0bxb\xd3\x85K\x92\xa4\x999\x9e\x99\x7f\
\xf0o\x9a\xf5\xc0\xe7\x80]\x1b}\x05\x92$i\xca\x16\
\x00\x1f\xa2\x9a\x0f\xfeMs\x07\xf0\x9c\xe6^\x8a$I\
\x9a\x8am\x80\xefR\xcf\x87\xff\xe8\xd9\x8075\xf5\x82\
$I\xd2\xc4\xb6\x06.\xa1\xde\x0f\xff\xd1y{3/\
K\x92$\x8dg\x1e\xf0\x1d\x9a\xfb\xf0\x1f\xc9;\x1ax\
m\x92$i\x1c\xffL\xf3\x1f\xfe#\xe95\xf0\xfa$\
I\xd2&\x86\x98\xf8\xb9~g\x02$I\xad\xd5\xd5\x95\
\x00\xe7\x02\x17\x03\x87F\x17B\x9a\x09xgt\x11*\
\xdeB\xd2\xfd,\x9b\x03\x8b\x80\xcdF\xfd\x7f[\x01s\
F\xfd\xf3\xb6\x93|\xaf\x95\xc0\xeaQ\xff\xbc\xba\xff\xef\
\xee\x03\x1e\x04\x1e\xe8\xffoW\xbe\x94\x0a67\xba\x80\
 /!\x8f\x0f\x7f\x80SH\x8d\xd8)\xd1\x85(\x0b\
s\x81\x9d\x80=\x80]\x80=\x81\xedI\x1f\xee#\xd9\
\xa6\x9f\xadG}\x9d\x17P\xeb*R3p/i%\
\xcc;\xfb\xb9\x1b\xb8k\xd4\xd7;\xfa_o\xe9\x7f\x95\
\x94\x81\xae\xce\x00\x5c\x08\x1c\x15]\xc4&\x9c\x09h\xbf\
\xb9\xc0^\xc0~\xa4\xe5\xa2\xf7 -\x12\xb5\xfb\xa8\xaf\
;\x03\xb3\xa3\x0al\xc0\x83\xc0\xaf\x80\x9b\x81_\xf7\xff\
\xf7M\xfd\xdc\x08\x5cK\xdacCR\xcd\xba\xd8\x00\x1c\
\x08\x5c\x19]\xc48\x86q&\xa0\x0d\xb6\x05\xf6\x01\x0e\
\x06\x0e\xea\xff\xef}\xfa\xff{a`]\xa5XF\xfa\
\x19\xbd\x02\xb8nT\xae$5\x10\x92*\xd0\xc5K\x00\
'F\x170\x81a\xd2\xcd\x81\xce\x04\x94a/\xe0\xf0\
~\x0e\x01\xf6'\xed\x16\xe9\x87\xfc`\xb6\x05\x8e\xeeg\
\xb4\xb5\xa4\x9d7/\xed\xe72\xe0\xe7\xfd\x7f\xb7\xa1\xc9\
\x02\xa56\xe8\xe2\x0c\xc0\xb9\xc0\xb1\xd1ELb\x18g\
\x02r2\x974st\xf8\xa8\x1c\xc1\xe47\xd3\xa9\x19\
\xcbI\xcd\xc0\xa5\xa4\x86\xe0g\xfdx)A\x9a@\x17\
\x1b\x80e\xa4\x1b\xa7r\xe7=\x011f\x93\xa6\xea\x97\
\x90\xee\x139\x82\xf4\xdb\xfd\xfc\xc8\xa24mkHM\
\xc0\x8f\x81\x9f\xf4\xbf^\x833\x05\xd2ot\xad\x01\xd8\
\x81t\x97r)l\x02\xea\xb7\x00x\x1c\xe9\x03\x7f\x09\
\xf0[\xf8\x9b}[-ccCpA?+C+\
\x92\x02u\xad\x018\x88tcQI\x86\xf1r@\x95\
\xb6\x02\x9e@\xfa\xb0?\xba\xffuAhE\x8a\xb2\x8e\
4Kp\x01\xf0}\xe0\xdb\xa4G\x1a%\xb5\xd0Q\xc4\
\xae\xfc\xe7\x8a\x81\xcd[\x00<\x03x/\xe9:q\xf4\
\xea\x8f&\xdf\xac\x01~\x00\xfc\x03\xf0l\xd2\xa2J\x92\
Z\xe2\xb1\xc4\xbf\xc9\xcc4\xbd\x1a\xc6\xa3\xad\xf6\x01N\
\x02\xce$-P\x13}\xecL\x99y\x904+\xf0\x16\
\xd2/\x0f]\x9b1\x95Ze/\xe2\xdfT\x06\x893\
\x01c\xdb\x028\x0ex?\x1b\x1f\x093\xa6\xea\xdc\x0a\
\x9cAz\x94\xb8\x84\x1b\x89%\x8d2\x87\xb4|i\xf4\
\x1b\xc9 \xe9U>*e\xda\x13x\x03p>i\xea\
6\xfa\xb8\x98ne5\xe9\x91\xe2\xd7\x93\xceEI\x05\
\xb8\x94\xf87\x8fA\xd3\xd5\x99\x80\xbdH\x1f\xfa\xdf\xc7\
k\xf9&\xaf\x5cA\xbaa\xf7 $e\xebC\xc4\xbf\
YT\x91^\xd5\x03\x93\xa9\xbd\xf1C\xdf\x94\x95kI\
\x97\xa3\x96\xe0}\x03RV\x9eK\xfc\x1bDUi\xeb\
L\xc0\xee\xa4G\x1f/'~\x8c\x8d\x19$\xd7\x02\x7f\
\x873\x03R\x166#-\x06\x14\xfd\xc6PU\xda\xd8\
\x04,$\xdd}\x1d=\xb6\xc6T\x99\x91\xcb\x04\xfb \
e`Nt\x01\x01\xd6\x93\xee\xe0}Jt!\x15y\
Z\xff\xeb\xf9\xa1UTk-\xf0%\xe0\x89\xf8f\xa9\
\xf6\xd8\x11\x18\x22\xdd8\xf8L`K\xd2S+\xaeF\
(5hg`\x05\xf1\xbf\x11T\x19g\x02\x8c)/\
\xab\x80\xaf\x92\x1e-\xec\xe2\xee\xac\x0a\xd4\xc5\x19\x00H\
\x1d\xf7\x06\xe0\xe9\xd1\x85T\xc8\x99\x00\xa9<sH[\
H\x9f\x08\xbc\x1a\xd8\x09\xb8\x8e\xb4o\x81\xa4\x9a\xcc\x03\
.\x22\xfe7\x80\xaa\xe3L\x801eg\x1d\xe9|\x7f\
%\xe9\xdc\x97T\x83\xfdH\x9b\x7fD\xff\xc0W\x1d\x9b\
\x00c\xda\x91;\x81\xf7\x90\x1e\x87\x95T\xb1\xa7\x92\xd6\
\xfc\x8e\xfeA\xaf:\xbd*\x07)\x136\x01\xa6\xab\x19\
\x99\x158\x01\xd7\x16\x90*u\x02\xe5/\x11<V\x9c\
\x090\xa6}\xf9%i\x83\xa2m\x91T\x89\xe7\x00\x0f\
\x11\xff\xc3]uzU\x0eR&l\x02\x8c\x81\xfb\x80\
\x7f\x05\x16#i`6\x01\xe5\xb0\x090&e=\xe9\
Q\xc2\xa3\x914\x10\x9b\x80r\xd8\x04\x18\xf3\xf0\x5cH\
zz\xa0\xab\x8fxK\x03\xb3\x09(\x87M\x801\x8f\
\xcc5\xa4M\xb4\x16 i\xdal\x02\xcaa\x13`\xcc\
\xd8\xb9\x19x3i\xd9aI\xd3`\x13P\x0e\x9b\x00\
c\xc6\xcf]\xa4\x8d\x88\xb6F\xd2\x94\xd9\x04\x94\xc3&\
\xc0\x98\x893\xd2\x08l\x83\xa4)\xb1\x09(\x87M\x80\
1\x93\xe7nl\x04\xa4)\xb3\x09(\x87M\x801S\
\xcb\xdd\xc0\xdb\xf0\x1e\x01iR6\x01\xe5\xb0\x090f\
\xea\xb9\x8b\xb4\xba\xa0O\x0dH\x13\xb0\x09(\x87M\x80\
1\xd3\xcb\x8d\xc0I\xb8\x8e\x804.\x9b\x80r\xd8\x04\
\x183\xfd\x5c\x0e\x9c\x88\xa41\xd9\x04\x94\xc3&\xc0\x98\
\x99\xe5\x02`\x09\x92\x1e\xc1&\xa0\x1c6\x01\xc6\xcc,\
\xeb\x81\xcf\x03\x8fB\xd2\xc3\xd8\x04\x94\xc3&\xc0\x98\x99\
\xe7\x01\xe0T|b@z\x18\x9b\x80r\xd8\x04\x183\
Xn\x22m84\x0bI\x80M@Il\x02\x8c\x19\
<?\x01\x9e\x8c$\xc0&\xa0$6\x01\xc6\x0c\x9eu\
\xc0'\x80]\x90d\x13P\x10\x9b\x00c\xaa\xc9\xbd\xa4\
\xed\x87]?@\x9dg\x13P\x0e\x9b\x00c\xaa\xcb\xc5\
\xc0\x13\x90:\xce&\xa0\x1c6\x01\xc6T\x97u\xc0\xe9\
\xc0VH\x1df\x13P\x0e\x9b\x00c\xaa\xcd-\xa4\xa7\
\x05\xa4\xce\xb2\x09(\x87M\x801\xd5\xe7\x1b\xc0\xde(\
;\xde\xb0Q\xbf\xa5\xc0E\xc0\x8b\x80\xb9\xc1\xb5Ti\
\xa8\xff\xf5\xfc\xc8\x22*\xb6\x16\xf8\x12\xf0D`\x9f\xe0\
Z\xa4\xb6\xd8\x1fx-\xe9\xd2\xc0\x0fIM\x81\xd4)\
\xce\x04\x94\xc3\x99\x00c\xea\xc9\x05\xc0b\x94\x05g\x00\
\x9a\xe3L@9\x9c\x09\x90\xea\xb1'\xf0j\xd2\xcf\xd8\
\x8fHM\x81\xd4\x19\xce\x04\x94\xc3\x99\x00c\xea\xcb\x0f\
\x81\x83P\x18g\x00\x9a\xb7\x14\xb8\x0cx\x09\xedZK\
{\x88\xf4C\xedL\x80\xa4\xa9\xd8\x834\x1b\xb0\x8e4\
\x1b\xb0>\xb6\x9c\xeei\xd3\x07P)v&-\x9dy\
|t!5\x19\x06N\x89.\xa2b\x0b\x81\xb3\x80\xe3\
\xa2\x0b\x99\xc4\xfd\xc0\xcd\xc0\xad\xfd\xaf\xb7\x93Vh\x1b\
\xc9J`E\xff\xcf\xae\x04V\x93\xde\x03\xb6\x19\xf5=\
\xb6\x05\xb6\x006\xef\xff\xef\x1d\xfb\xd9\x8d\xb4\xdc\xeb>\
\xc0\xbc\x9a_\x87\xba\xe7\x87\xc0+\x80k\xa3\x0b\xe9\x12\
\x1b\x80f\xbd\x90\xb4@\xc6\xf6\xd1\x85\xd4l\x18\x9b\x80\
\xba\xac\x06\xae\x22\xcd\x22]Iz\xc3\x1c\xc9\xb2\x06\xfe\
\xfe9\xa4}\xe1\xf7\x07\xf6\xeb\x7f=\xa0\xff\xbf\xf7\x06\
6k\xa0\x06\xb5\xd3r\xe0\xcfH\xbf I\xad\xb1\x15\
\xe9\x83?\xfa\x9a[\x93\xe9U2ryi\xfa\x9e\x80\
5\xc0%\xc0i\xc0\x1f\x00\x87\x92\xf7\x07\xecB\xe0h\
\xe0/H\x97Nn\x22\xfe<4\xe5\xe5?\x81\x1d\x90\
Z\xe0I\xc05\xc4\xffPE\xa4W\xc1\xf8\xe5\xa6\xce\
&`-\xf0c\xe0\x1f\x80g\x90\xa6\xe2K\xb7'\xf0\
b\xe0\x9fIO\xc1\xac'\xfe\xbc4\xf9\xe7\x16\xe0Y\
H\x85\x9a\x0b\xbc\x8b\xf4\xa6\x1e\xfd\xc3\x14\x99w\x0c:\
\x90\x19\xaa\xb2\x09\xb8\x03\xf8\x14\xe9\xf1\xd0\xad\x1b|\x0d\
Q\xf6\x00\xfe\x18\xf8:\xf0\x00\xf1\xe7\xa7\xc97\xeb\x81\
\x0f\x90~\xde\xa4b\xec\x09|\x8f\xf8\x1f\xa0\x5c\xd2\x1b\
l8\xb34H\x13\xf0+\xe0\x9f\x80'\x03\xb3\x9b.\
<#\x9b\x03\xcf\x07>F\xbaq1\xfa<5y\xe6\
r\xe0`\xa4\x02<\x0f\xb8\x9b\xf8\x1f\x9a\xdc\xd2\x1bd\
P35\x9d&\xe0.\xe0\x83\xc0\x12\xba\xfd\xa1?\x9e\
\xd9\xa4GI?Nzb!\xfa|5ye%\xf0\
*\xa4Lm\x06\x9c\x8a\xd78'Jo\xc6\xa3\x9b\xaf\
\x89\x9a\x80u\xc0\xff\x90\xae\x81\xcf\x8f*\xb0@\x0bH\
\xebd\x9c\x83?O\xe6\xe19\x03X\x84\x94\x91G\xb3\
q\x93\x0b3qz3\x1b\xe2\xacm\xda\x04\xdcE\xba\
\x91\xefQ\x91E\xb5\xc4\x01\xc0{Ic\x1a}\xee\x9a\
<\xf2\x0b\xd2\x131R\xb8\x17\x02\xf7\x11\xffCQR\
\xdazc\xe0\xc7\x81\xd7\xe0MKu\xd8\x9ct\xf3\xe0\
/\x89?\x7fM|\x1e \xfd\xacI!\xe6\xe2\x94\xff\
 \xe9M\x7f\xc8%f\x93n\x1ct\xc6\xcdl\x00>\
\x87\x97\x04\xd4\xb0\x1dI\xd7'\xa3O\xfe\xd2\xd3\x9b\xee\
\xc0K\xa3,\x01\xce#\xfe<6\xb1\xb9\x1a7\x15R\
C\x96\x90\xd6Y\x8f>\xe9\xdb\x92\xde\xf4\x86_z\x84\
g\x02\x17\x12\x7f.\x9b\xb8\xdc\x0b\x9c\x80T\x93Y\xc0\
\x1bI\xcb\xb3F\x9f\xecmK\x1b\xef\x09P\xb3f\x01\
'\xd2\xddU7M\xba\x1c{*>f\xab\x8a-\x00\
>M\xfc\x09\xde\xe6\xf4\xa6|4\xa4\xf1\xcd\x03\xfe\x1c\
o\xcc\xedr\xbeJ7V\xd5T\x03v\x07~B\xfc\
I\xdd\x85\xf4\xa6xL\xa4\xc9\xecB\xda\x80k\x1d\xf1\
\xe7\xb5i>\xd7\x00\x87 \x0d\xe0\xc9\xb8Di\xd3\xe9\
M\xe9\xc8HS\xb3\x04\xb8\x82\xf8\xf3\xda4\x9f\xe5\xa4\
\xc7\xb45\x8e9\xd1\x05d\xece\xa4m)\xb7\x89.\
\xa4c\x86\xfa_\xcf\x8f,B\xad\xf1+\xd2^\x03+\
\x81\xa7\x90\x1e\xdfU7\xcc#\xdd\x17\xb2\x1087\xb8\
\x16\x15b.i\x07\xaa\xe8\xee\xb5\xeb\xf1\xc6@U\xed\
P\xe0\xa7\xc4\x9f\xdb\xa6\xf9|\x16\x97\xe3\xd6$\x16\x01\
_#\xfed5)\xbd\x89\x0f\x974ms\x81a\xdc\
\xa6\xbb\x8b\xf9!\xb03\xd2\x18v\x07.!\xfe$5\
\x0fOo\xa2\x83&\xcd\xd0\x93\xf0\x91\xc1.\xe6\xd7\xc0\
\xe1H\xa3<\x01o\xf6\xcb9\xbd\xf1\x0f\x9d4c[\
\x01g\x12\x7f~\x9bf\xb3\x1cx.\xf2&@\xd2]\
\xa2_\x01\xb6\x8d.D\xe3\x1a\xea\x7f\xf5\xc6@Ui\
\x15\xf0%\xd2\x9a\x01\xc7\xe2\xfbaW\xcc#m7}\
\x0f\xe9\x11ou\xd4\x1b\xf09\xe1\x92\xd2\x1b\xfb0J\
\x03\xfb-\xe0\x16\xe2\xcfq\xd3l\xfe\x09W\x0e\xec\x9c\
9\xc0i\xc4\x9f|f\xfa\xe9\x8dq<\xa5*\xec\x86\
\x8b~u1_\x22\xad\xf6\xaa\x0e\x98\x0f|\x91\xf8\x93\
\xce\xcc<\xbdG\x1cU\xa9\x1a\x0b\x803\x88?\xc7M\
\xb39\x8f\x0e.\x1f\xdc\xb5k^\xdb\x02\xff\x03<;\
\xba\x10\x0dd\xa8\xff\xd5{\x02T\xb5\xb5\xc0\x7f\x93\xde\
\x1b\x8f\x09\xaeE\xcd\xd9\x1bx\x0e\xe9~\xb0\x15\xc1\xb5\
\xa8\x06\xbb\x01?'\xbe\xd34\xd5\xa5\x87T\x9fW\xe1\
\xee\x9f]\xcb\x0d\xc0cP\xab\x1cLZ\x124\xfa\xe4\
2\xd5\xa7\x87T\x9f\xe7\x91\x96\x11\x8e>\xcfMs\xb9\
\x8b\xb4\x0f\x8cZ\xe0h`\x19\xf1'\x95\xa9/.\x1b\
\xac:\x1d\x03\xdcO\xfcyn\x9a\xcbJ\xe0xT\xb4\
cI\x8b>D\x9fL\xa6\xfe\xf4\x90\xea\xf38\xd2o\
\x86\xd1\xe7\xb9i.\xab\x81\x17\xa3\x22=\x0fx\x90\xf8\
\x93\xc84\x97\x1eR}\x8e\xc4&\xa0kYK\xba\x17\
D\x05y9\xde\xbc\xd3\xd5\xf4\x90\xeas\x18p7\xf1\
\xe7\xb9i.\xeb\x81?\xa7\x85\xda\xf8\x18\xe0\xc9\xc0G\
i\xe7k\xd3\xe4\x86\xfa_}DPu\xb8\x9dtn\
\xbd\x04\xb7\x97\xed\x8aY\xc0\xb3\x80\x85\xc09\xc1\xb5T\
\xaam\x1f\x92\xef\x00\xdeC:`\xea\xae!R\xe7n\
\x13\xa0:\xdc\x0c\xfc\x80t}x\xb3\xe0Z\xd4\x9c%\
\xa4\x85\xa2\xce\x8d.D\x8ft\x0a\xf1SE&\xaf\xf4\
\x90\xea\xf3\xdbx\xa9\xb1\x8b9\x8d\x96\xec\x1f\xd0\x96\x19\
\x80\xbf\x05\xde\x1e]\x84\xb23\xd4\xff\xeaL\x80\xeap\
\x0dp\x1bpBt!j\xd4\xe3\x80=\x80\xaf\x91\x1a\
\x82b\xb5\xa1\x01x\x17\xf07\xd1E([C\xfd\xaf\
6\x01\xaa\xc3\xc5\xa4\xcb\x00.\x1b\xdc-G\x02\xbb\x00\
_\x8f.d\x10\xa5_+\xff{\xe0\xaf\xa2\x8bP\x11\
\x86I\x97\x89\xbab;\xd2\xfa\xe6{\x93\xde\xa8\xb6\x07\
v\xe8g\x0e\xe9Z\xe6\xc2\xfe\x9f}\x00XE\xba\xdb\
\xf9\xae~\xee$\xdd\xf0v#p-i\xeft\x8dm\
\x16\xf09\xe0\xf7\xa2\x0bQ\xe3\xfe\x0d\xf8#\xd2\xcfN\
qJm\x00f\x01\xff\x02\xbc!\xba\x10\x15e\x98v\
6\x01\xbb\x03\xcf\x05\x0e'=\xa6v\x10\xd5\xeflv\
\x0f\xb0\x14\xf8\x19pQ?\x97\x91\x16KQj\xa6\xce\
\x07\x1e\x1f]\x88\x1a\xf71R\x13P\xf4\xe5\x80\x92\xbc\
\x8f\xf8\x1bAL\x99i\xe3\xb2\xc1\x0b\x81o\xd3\xfcX\
>H\xba#\xfam\xa4%\xb7\xbb~G\xfcn\xc0M\
\xc4\x9f\xe3\xa6\xf9|\x94r\x7f\xa1.\xca\xdf\x13\x7f\xb0\
M\xd9\xe9\xd1>QM\xc0\xe8,\x03\xce\x04^\x09l\
Y\xef\xcb\xcd\xd6\xd1\xa4Y\x91\xe8s\xdc4\x9f\x0f`\
\x13P+\x1f\xf53U\xa5G\xfb\xe4\xd0\x04\x8c\xe4\x01\
\xd2u\xf1g\xd0\x92G\xa6\xa6\xe1M\xc4\x8f\xbf\x89\xc9\
\xfbP-\xfe\x82\xf8\x83k\xda\x95\x1e\xed\x93S\x130\
\x92\x1bI\xf7_\xecR\xdf\xcb\xce\xca,\xe0?\x89\x1f\
w\x13\x93w\xa1J\xbd\x81\xf8\x83j\xda\x99\x1e\xed\x93\
c\x13\xb0\x81\xf4\xa4\xc1\x99t\xe3F\xb9m\x80\x1b\x88\
\x1fs\x13\x93\xb7\xa0J\xfc\x09\xe9\x11\x8b\xe8\x03j\xda\
\x1bo\x0cl>_%=K\xddfKH\xbb\xc9E\
\x8f\xb5i>\xebIO\x06h\x00/\x05\xd6\x11\x7f0\
M\xfb\xd3\xa3}ro\x02\xd6\x03\xff\x05\x1cR\xd7\x00\
d\xe0T\xe2\xc7\xd9\xc4d\x1d\xae\x0d1c\xcf\xc5\xbb\
iM\xb3\xe9\xd1>\xb97\x01\x1bHo\x94g\x00;\
\xd64\x06\x91\xe6\x91V\x0b\x8c\x1ec\x13\x93\xd5\xa4\xcf\
2M\xc3\x93\x80\x15\xc4\x1f<\xd3\xbd\xf4h\x9f\x12\x9a\
\x80\x0d\xc0\xdd\xa4K~m{j\xe0\xb1\xf8\xcbL\x97\
\xf3\x00\x1b\x97$\xd7$\x0e%\xad:\x16}\xd0Lw\
\xd3\xa3}Ji\x026\x90\xb6\xda}L=\xc3\x10\xe6\
]\xc4\x8f\xab\x89\xcb\xfdt\xe3\xe6\xd7\x81\xec\x0b\xdcB\
\xfc\xc12\xa6G\xfb\x94\xd4\x04<\x00\xfc%\xed\xd8\xb0\
\x0c`>p\x05\xf1\xe3j\xe2r\x17\xb0\x18\x8di\x17\
\xd2\xa6#\xd1\x07\xc9\x98\x91\xb4\xf1\xe9\x80\xf9l\xdc\xc6\
\xb4\x84|\x87\xb4\xd7A\x1b<\x15\x9fh\xeaz\x96\x02\
;\xa1\x87\xd9\x1c\xf8\x11\xf1\x07\xc7\x98M\xd3\xa3}J\
k\x02\xee\x04\x8e\xafe$\x9a\xf7\xef\xc4\x8f\xa7\x89\xcd\
O\x81E\x08HS|_!\xfe\xa0\x183^z\xb4\
OI\x97\x036\x90~s\xeeQ\xfeZ\xeb\xbb\x00\xf7\
\x11?\x9e&6_\x07\xe6\x12,\x87\xebk\x1f\x02^\
\x1e]\x844\x81\xa1\xfe\xd7\xf3#\x8b\xa8\xd8Z\xd2\xaa\
|G\x00\x07\x04\xd72\x15\xb3H\xc7\xe1`\xd2\x9b\xe7\
\x9a\xd0jfn\x05\xa9\x99yFt!\x0a\xb5?\xa9\
\x19\xfcZt!\x91z\xc4wb\xc6L5=\xda\xa7\
\xb4\x99\x80\x0d\xa4)\xd4]\xeb\x18\x8c\x86\xcc\xc3\xfb\x9d\
L\xca\xdb\xe8\xa8\x97\xe2\x0d1\xa6\xbc\xf4h\x9f\xd2\xee\
\x09\xd8\x00\x5c\x07\xecW\xc7`4\xe4\x15\xc4\x8f\xa1\x89\
\xcfz\xe0Ut\xccq\xb80\x86)7>\x1d\x90G\
n%-\xb2S\xa2\xd9\xc0%\xc4\x8f\xa1\x89\xcfj\xe0\
X:b1.\xf4c\xcaO\x8f\xf6)\xf1r\xc0]\
\xc0au\x0cF\x03\x8e'~\xfcL\x1e\xb9\x9bt_\
@\xabm\x07\xfc\x92\xf8\xc16\xa6\x8a\xf4h\x9f\x12g\
\x02\xee\x00\x0e\xaac0\x1a\xf0c\xe2\xc7\xcf\xe4\x91\xab\
\x80mi\xa9\xcd\x80s\x89\x1fdc\xaaL\x8f\xf6)\
\xb1\x09\xb8\x8d2WY{.\xf1cg\xf2\xc9\xd9d\
\xf0x`\x1dN#~p\x8d\xa9#=\xda\xa7\xc4\xcb\
\x01\xd7Q\xde*k\xb3\x80\x0b\x89\x1f;\x93O>H\
\xcb\xbc\x91\xf8A5\xa6\xce\xf4h\x9f\x12g\x02~J\
ZY\xb4$'\x12?n&\xaf\xfc\x09-\xf1\x1c\xd2\
\xa2#\xd1\x03j\xf2\xc9\xcd\xa4\xcd^\xa2\xeb\xa8:>\
\x1d\x90G\xbeHY[\x0a\xcf!\xad\x11\x1f=n&\
\x9f\xac!=-W\xb4\xfd\x81e\xc4\x0f\xa6\xc9+\x7f\
\x0a\x1cCZ\x15-\xba\x96\xaa\xd3\xa3}\x16\x92\xaeM\
F\x8f\xedtRZ3\xf6\xa7\xc4\x8f\x99\xc9+\xf7P\
\xc6*\x9dcZ\x04\x5cF\xfc \x9a\xbc\xb2\x92\x8dw\
\xba\xda\x04\x94\xa3\xb4\x99\x80u\xc0\xb3j\x19\x89z,\
\xc2_\x96\xcc#s\x05\x05n\x1c4\x8b\xb4\xcex\xf4\
\xe0\x99\xfcr:\x0fg\x13P\x8e\xd2\x9a\x80;(k\
+\xe1\x0f\x10?f&\xbf|\x99\xc26\xc1z\x1b\xf1\
\x83f\xf2\xcc\x91<\x92M@9J\xbb\x1c\xf0\x1d\xca\
\xb9\x1f\xe0@\x5c\x1e\xdd\x8c\x9d\xbf\xa4\x10\xcf\xc4\x9b\xfe\
\xcc\xd8\xf9>\xe3\xb3\x09(Gi3\x01\x7f^\xcf0\
\xd4\xe2{\xc4\x8f\x97\xc9/kI\x9f\xadY\xf3\xa6?\
3Q^\xc6\xc4\x8e\xc3\xa7\x03JQR\x13\xf0\x10i\
\x1b\xe1\x12\xb8I\x90\x19/w\x00{\x92\xa9\x05\xc0\xc5\
\xc4\x0f\x92\xc93\xf7\x93\xa6\x8f'\xe3L@9J\xba\
\x1c\xf0C\xca\xb8\x14\xb0\x05\xb0\x9c\xf8\xf12y\xe6b\
\xa6\xf6>\xda\xb8\x7f#~pL\xbe\xf9\x0cSg\x13\
P\x8e\x92f\x02^[\xd3\x18T\xed3\xc4\x8f\x95\xc9\
7\x1f%3/%~PL\xdey.\xd3c\x13P\
\x8eR\x9a\x80\xbb\x81\x1dj\x1a\x83*=\x93\xf8\xb12\
y\xe7\x0f\xc9\xc4!\xa4g\xbb\xa3\x07\xc4\xe4\x9be\xa4\
\x0f\x89\xe9\xb2\x09(G)\x97\x03>R\xd7\x00Th\
\x0ep'\xf1ce\xf2\xcdJ\xd2go\xa8E\xc0\x95\
\xc4\x0f\x86\xc9;\x1fg\xe6l\x02\xcaQ\xc2L\xc0Z\
\xca\xd8:\xf8\xd3\xc4\x8f\x95\xc9;W\x10\xbc\xef\xc5\xe7\
\xc7(\xca\x98M3\xe8\x8al>\x1dP\x8e\x12\x9a\x80\
/\xd5\xf6\xea\xab\xf3\x22\xe2\xc7\xc9\xe4\x9f\x7f#\xc8I\
S,\xd0t;\xcb\xa8f\x7fk\x9b\x80r\xe4\xde\x04\
\xac\x07\x9eX\xdb\xab\xaf\xc6\x22\xd2\xe3\x8b\xd1ce\xf2\
\xcf\xcbi\xd8Ax\xdd\xdfL-_\xa4:^\x0e(\
G\xee\xf7\x04|\xbd\xbe\x97^\x99o\x13?N&\xff\
,\x07\x16\xd3\x90\xf9\xc0%5\xbf \xd3\x9e\x9cD\xb5\
l\x02\xca\x91\xf3L\xc0z\xe0\xb0\xfa^z%\xdc!\
\xd0L5?\xa7\xa1\xf5\x01\xdc\xb0\xc2L'{S=\
\x9b\x80r\xe4\xdc\x04|\xb2\xc6\xd7]\x85\xbd\x88\x1f#\
SN>@\xcd\x9e\x83\x9bU\x98\xa9\xe7j\xeac\x13\
P\x8e\x5c/\x07\xac\x02v\xab\xf1uW\xe1r\xe2\xc7\
\xc9\x94\x91\xf5\xc0\x0b\x98\x86\xe9,\x8d\xb93\xa9c.\
j[B\x85:\xbb\xc6\xef\xfd]\xe0x\xd2\xbd(m\
2L\xfb\x9a\x80\x07\x81\x13\xc8\xef\xba\xfb<\xe0\xd5\xd1\
EL\xe2\xdc\xe8\x02T\x8cY\xc0\xc7\x80]\xeb\xf8\xc6\
\xde\x90b\xa6\x9b\xe7Q?\x9f\x0e(G\x8e\x97\x03\xae\
'\xef=\x02|\x1c\xd0L7\xdf\xa2\xe2_\xd4\xdf\x90\
\xc1\x8b2\xe5eG\x9a\xe1\xe5\x80r\xe4\xd8\x04<\xa3\
\xd6W<\x98\x9d\x89\x1f\x1fS^^GE\x16\xd3\xce\
\xdf\xb0L\xbd\xb9\x8ef\xd9\x04\x94#\xb7{\x02\xfe\xbd\
\xde\x97;\xb0\xab\x89\x1f#SVV\x00\x070\xa0\xb9\
\xc0\x8f2x1\xa6\xbc|\x81\xe6\xd9\x04\x94#\xa7\x99\
\x80\xe5d\xba\xc5j\xdf\x19\xc4\x8f\x91)/\x17\x02\x9b\
1\x81\xc9\xae}\xfd5\xf9\xaf\x98\xa5<\xfd4\xe0\xef\
\xf4\xc6\xc0r\xac\x02^H\x1e7\x06.b\xf0\xe5\xaa\
\xebtQt\x01*\xd2Q\xc0\xdf\xcc\xf4?>\x82\xf4\
C\x1a\xdd\xc5\x982\xf3T\xe28\x13P\x8e\x5cf\x02\
>[\xf7\x0b\x1d\xc0\xd1\xc4\x8f\x8f)3k\x80'1\
M\x0b\xf0\xf9S3\xf3\xac\x03\xb6\x22\x96O\x07\x94#\
\x87&\xe0\x1e\xd26\xbc9\xda\x82\xb4\x8ba\xf4\xb9g\
\xca\xcc\xd5Ls\xd7\xc0wfP\xb4)7u.\x00\
4\x1d6\x01\xe5\xc8\xa1\x09x|\xed\xafr\xe6\x96\x12\
\x7f\xde\x99r\xf3n\xa6h1\xeeBe\x06\xcbW\xc9\
\x87\x97\x03\xca\x11\xdd\x04\xcc\xf8zi\x03\xce\x22\xfe\x9c\
3\xe5f\x0dp8\x9b\x18\xeb&\xc0\xf7\x93~\x10\xa5\
\x99Z\x1a]\xc0(\xdf%-\x8f\xf9`t!\x15\x1b\
\xa6}3\x01\xab\x80\x13I\x8b\x8eE\xc8y=\x80_\
D\x17\xa0\xa2\xcd\x05\xde\xb3\xe9\xbf\xdc\xb4\x01XB\xde\
w\xc3\xaa\x0c\xd7D\x17\xb0\x89s\x80g\xd3\xbe\xa7\x03\
N\xa1}3\x01\x91\xcb\x06?\x9e\xf4F\x99#\x1b\x00\
\x0d\xea8\xe0\xd8\xd1\xffb\xd3\x06\xe0o\x9b\xabE-\
\x96[\x03\x00i&\xe0\xe4\xe8\x22j0L;g\x02\
\x22\x1e\x11\xdc\x1c8\xa4\xe1\xbfs\xaa\x9a^XK\xed\
4<\xfa\x1fF7\x00\x87\x03CMV\xa2\xd6\xca\xb1\
\x01\x80\xf4tK\x1b\xb5q& \xaa\x09xB\xc3\x7f\
\xdfT\xdd\x18]\x80Z\xe1)\xc0\xe3F\xfeat\x03\
\xf0\xfa\xe6kQ\x0b\xad\x02~\x1d]\xc48\x0e\x8d.\
\xa0F\xc3\xb4s&\xa0\xe9{\x02\x8ej\xf0\xef\x9a\x8e\
\x9bH7rI\x83\xfa\xcd>\x01#\x0d\xc0\x02\xd2\xae\
S\xd2\xa0n!\xad\x03\x90\xa3\xc3\xa2\x0b\xa8Y\x1bg\
\x02\x9a\xbe'\xe0\xc0\x86\xfe\x9e\xe9ZGj\x02\xa4A\
\xbd\x88\xfe\xd2\xd7#\x0d\xc0\xf1\xc4/\xdc\xa2v\xb8+\
\xba\x80q\xcc\x22\xdf\xeb\xbbU\x1a\xa6\x9d3\x01M]\
\x0eX\xdc\xc0\xdf1S\xb7E\x17\xa0V\xd8\x8a\xf4\x99\
\xff\x9b\x06\xe0\x05q\xb5\xa8erm\x00\xb6\x07\xb6\x89\
.\xa2!\xa7`\x130S;\x01\xdb\xd5\xfcw\xcc\xd4\
\x1d\xd1\x05\xa85\x9e\x0f\x1b\x1b\x80c'\xf8\x83\xd2t\
\xe4\xfa&\xf5\xa8\xe8\x02\x1a\xd6\xc6\xcb\x01M\xdd\x13\xb0\
o\xcd\xdf\x7f\xa6n\x8f.@\xad\xf1tH\x0d\xc0c\
\x80\xddckQ\x8b\xdc\x1d]\xc08\xf6\x8c. \xc0\
0\xed\x9b\x09h\xe2\x9e\x80]k\xfc\xde\x83\xb83\xba\
\x00\xb5\xc6n\xc0\xe2\xd9\xe4{\xd7\xab\xca\x94\xeb\x9bT\
\xd7f\x00F\xb4u&\xa0\xce\xcb\x01\xb96\x00\xf7G\
\x17\xa0V9b6\xf0\xd8\xe8*\xd4*\xb9\xce\x00\xec\
\x1c]@\xa0a\xda7\x13Pg\x13\x90k\x03\xb0<\
\xba\x00\xb5\xcaa\xb3\xc9\xfb\xaeW\x95gUt\x01\xe3\
\xe8\xfaS.m\x9d\x09\xa8\xe3\x9e\x80\x1d*\xfe~U\
q\x06@U:`6\xdd\xbc6\xaa\xfa\xac\x8e.`\
\x1c]o\x00 \xcd\x04\xb4\xad\x09\xa8\xe3\x9e\x80i\xed\
\x9d\xde g\x00T\xa5=f\x93\xeft\x97\xca\xb46\
\xba\x80ql\x19]@&\x86i_\x13P\xf5\xe5\x80\
E\x15}\x9f\xaa\xb9\x12\xa0\xaa\xb4\xdbl\xf2=\xd9U\
\xa6\x5c\xdf\xa4<\xcf7\x1a\xc6&`\x22[T\xf0=\
\xea\xb0>\xba\x00\xb5\xca\x16\xb3\xe9/\x09(U$\xd7\
\x06@\x0f7\x8cM\xc0x\xe6TPK\x1dr]b\
[e\xda|\xd3\xed\x80\xa5A\xe5z\x09 \xd7\xba\x22\
\x0dc\x130\x96\x5c\xcf\x15\x1b\x00Uj6\xe9&\x1a\
\xa9*\x1b\xa2\x0b\x18\x87\xd3\xa7c\x1b\xc6&`S\xb9\
6\x00s\xa3\x0bP\xab<0\x1bx \xba\x0a\xb5J\
\xaewP\xe7\xfa\xa6\x9e\x83a\xda\xd9\x04\xcc\xf4\x11\xc1\
\x5c\x7f\xd3\x9e\x17]\x80Ze\xe5l\xd2\xf6\xadRU\
r\xbd\x81jEt\x01\x99\x1b\xa6}M\xc0L\x1f\x11\
\xcc\xf5y\xfb\xf9\xd1\x05\xa8Un\x9e\x8d{L\xabZ\
\xb96\x00\xb9\xaeP\x98\x93a\xda\xd7\x04\xcc\xe4r\xc0\
=5\xd52(g\x00T\xa5\x9bf\x03\xd7DW\xa1\
V\xc9\xf5q\xbb\x5c\xdf\xd4s3\x8cM\xc0\xb2\x1ak\
\x19\x84\x8bY\xa9JW\xcf\x06~\x1e]\x85Z%\xd7\
\x19\x00\x1b\x80\xa9\x1b\xa6\x9dM\xc0T\xef\x09\xc8\xb5\x01\
\xd8&\xba\x00\xb5\xca\xcfg\x03\x97DW\xa1V\xc9u\
\x06\xe0\xb6\xe8\x02\x0a3L\xfb\x9a\x80\xa9\xde\x13\x90\xeb\
e\xd1\xad\xa3\x0bP\xab\x5c2\x1b\xb8\x9c|\xb7pU\
yr\xddH\xe5\xba\xe8\x02\x0a4L\xfb\x9a\x80\xa9\x5c\
\x0e\xb8\xbe\xa1Z\xa6\xcb\x19\x00U\xe5&\xe0\x9a\xd9\xa4\
\xe7\xb6\xcf\x0b.F\xed\xb1[t\x01\xe3\xb86\xba\x80\
B\x0d\xd3\xbd&\xe0\xc6\x06k\x99\x8e.oi\xadj\
\x9d\x07i! \x80\xb3\x02\x0bQ\xbb\xec\x1e]\xc08\
\xee\xc3'\x01fj\x98v6\x01c\xdd\x13p\x0f\xe9\
\x5c\xc9Q\xae\xcd\xb5\xca\xf3exx\x03\xe0\x82@\xaa\
B\xae\x0d\x00\xf8\xc4\xcb \x86i_\x130\xd6=\x01\
\x97\x05\xd52\x156\x00\xaa\xc2\xfd\xc07ac\x03\xb0\
\x02\xf8\xef\xb0r\xd4&\xdb\x01\x0b\xa2\x8b\x18\x877\xbc\
\x0ef\x98\xf65\x01\x9b^\x0e\xb84\xb0\x96\x89\xcc\x02\
v\x89.B\xadp&\xf0\x10ll\x00\x00>\x18S\
\x8bZf\x16\xf9\xfe\xa6rqt\x01-0L\xbb\x9b\
\x80\x5c\x1b\x80\xddp%@U\xe37\x9f\xf5\xa3\x1b\x80\
\x1f\x02?i\xbe\x16\xb5\xd0\x9e\xd1\x05\x8c\xe3\xa2\xe8\x02\
Zb\x98v6\x01'\x02\xdf\x88.d\x1c\xfbF\x17\
\xa0V\xf8\x0e\xa3\xd6\xfe\xd9t;\xe0S\x1a-Em\
\xf5\x98\xe8\x02\xc6q\x05\xfd\xa9/\x0dl\x98\xf65\x01\
\x0f\x92\xef\xde(\xfbG\x17\xa0Vx\xe7\xe8\x7f\xd8\xb4\
\x01\xf8\x06p~s\xb5\xa8\xa5\x0e\x8e.`\x1c\xab\x81\
\x1fD\x17\xd1\x22\xc3\xb4\xaf\x09\xc8\x953\x00\x1a\xd4\xd9\
\xc0\xff\x8e\xfe\x17\x9b6\x00\x00o\x22\xdf\xed0U\x86\
\x5c\x1b\x00\x80s\xa3\x0bh\x99al\x02\x9a\x90\xf3\xcf\
\x94\xf2\xb7\x16x\xf3\xa6\xffr\xac\x06\xe0B\xe0\xc3\xb5\
\x97\xa36\xcb\xf9\xcd\xea\x9c\xe8\x02Zh\x18\x9b\x80\xba\
\x1d\x1a]\x80\x8a\xf6^\xc6\xd8\xf7g\xd68\x7fxK\
\xd2\xdd\xb0\x8f\xae\xb1 \xb5\xdb\x8e\xc0]\xd1E\x8ca\
\x0ei\xe9\xebm\xa3\x0bi\xa1a\xbc\x8f\xa8\x0e\x8bH\
\xcfn\x8f\xf7~-M\xe4j\xe0H\xc6X\xebg\xac\
\x19\x00\x80\xe5\xc0\xcb\xf1R\x80f\xee\xa0\xe8\x02\xc6\xb1\
\x0e\xf8Zt\x11-5\x8c3\x01u8\x04?\xfc5\
3k\x81\xdfg\x9c\x85\xfe\xe6L\xf0\x1f\xfe\x1a\xd8\x1c\
XRCQj\xbfK\x81\x1fE\x171\x8eu\xc0\xef\
E\x17\xd1RC\xfd\xaf\xdeL\x5c\x9d\xdf\x01\x9e\x13]\
\x84\x8a\xf4w\xc0g\xc7\xfb?\xc7\x9b\x01\x18\xf1v\xd2\
=\x01\xd2t\x1d\x1d]\xc0\x04\xbeE\x9aRU=\x86\
q&\xa0JO\x8c.@E\xba\x98\xd4\x00\x8ck\xb2\
\x06`\x0d\xf0\x07\xf8\xec\xb4\xa6/\xe7\x06`\x15^\x06\
\xa8\xdb06\x01UyRt\x01*\xce*\xd2\xd4\xff\
\x9a\x89\xfe\xd0d\x0d\x00\xa4\xc5S\xfe\xba\x8a\x8a\xd4)\
\xbb\x02\xfbD\x171\x813\xa2\x0b\xe8\x80al\x02\x06\
\xb5\x03y\xff\x1c)Oo\x05.\x9f\xec\x0fM\xa5\x01\
\x00x\x1f\xfd\xdd\x83\xa4i\xc8\xf9\xfe\x91\xb3\x81\xa5\xd1\
Et\xc006\x01\x83x\x0a\xde\x00\xa8\xe99\x0f\xf8\
\xc0T\xfe\xe0T\x1b\x80\x0d\xc0kH{eKS\x95\
\xf3e\x80\x0d\xc0'\xa2\x8b\xe8\x88al\x02f\xea\xd8\
\xe8\x02T\x94e\xc0\xab\x80\xf5S\xf9\xc3Sm\x00\x00\
n\x06N\x9eIE\xea\xac\x9cg\x00\x00>\xc9$\xd7\
\xc8T\x99al\x02f\xe2i\xd1\x05\xa8(\xaf\x02~\
5\xd5?<\xd1c\x80c\xb9\x9c\xb4\xd3\xdb\x91\xd3\xfc\
\xef\xd4M;\x92\xae\xb5\xdf\x1b]\xc88V\x90\xd6X\
?<\xba\x90\x8e\x18\xea\x7f\xf5\x11\xc1\xa9\xd9\x19x7\
^\x02\xd0\xd4|\x08\xf8\x97\xe9\xfc\x07\xd3m\x00 ]\
;=\x01\xd8e\x06\xff\xad\xbag)yo3}\x15\
\xf0'\xf8&\xdb\x94\xa1\xfeW\x9b\x80\xc9\x9d\x08\xbc \
\xba\x08\x15\xe1\x0a\xd2\xf9\xb2v:\xff\xd1t.\x01\x8c\
x\x08x\x19\xe3\xac,$m\xe2\xb9\xd1\x05L\xe2*\
\xe0+\xd1Et\xcc0^\x0e\x98\x8a\xdc\x7fv\x94\x87\
\x87\x80\x97\x92\xb6\xb3n\xcc\xabI7R\x193Q\x1e\
\x22\xed-\x91\xb3\xc7\x93n\x9a\x89\x1e\xab\xae\xa57\x95\
\x83\xd3Q\xf3H\x8bUE\x1f#\x93\x7f\xfe\x88\x19\x9a\
\xc9%\x80\x11\x97\x00\xfb\x01\x8f\x1d\xe0{\xa8\xfd\xe6\x92\
V\x93\xfcEt!\x13\xb8\x85\xb4\xdbZ\xae\xfb\x17\xb4\
\xd5P\xff\xab\x97\x03\x1e\xe9X\xd2\x93W\xd2D\xce$\
=\xf3?#3\xb9\x040\xda\xebH;\x0dI\x139\
!\xba\x80)x3\xb0:\xba\x88\x0e\x1a\xc6\x99\x80\xb1\
\x9c\x18]\x80\xb2w\x0d\xf0\xdaA\xbe\xc1 3\x00\x90\
\xde0\xbfKZ.x\xb3\x01\xbf\x97\xda\xebQ\xc0\xfb\
\xc9{w\xc9e\xc0N\xb8\xeez\x84\xa1\xfeWg\x02\
\x92\xb9\xc0\xc7\x80-\xa2\x0bQ\xb6\x1e\x22m\x10u\xe3\
 \xdfd\xd0\x06\x00\xe0v\xd2c^\xc7W\xf0\xbd\xd4\
N\x0bI\x97\x8cr\xbe\x0c\x00\xf0SRG\xbd0\xba\
\x90\x0e\x1a\xea\x7f\xb5\x09\x80g\x02'E\x17\xa1\xac\xbd\
\x96\x0aV\xe7\xad\xa2\x01\x80\xf4\xc6\xb9\x17pDE\xdf\
O\xed3\x1f\xf8Bt\x11\x93x\x00\xb8\x1bx^t\
!\x1d5\xd4\xff\xda\xf5&\xe0opm\x0a\x8d\xef\x13\
\xc0;\xab\xf8FU>\xfb\xbc\x00\xf8>pT\x85\xdf\
S\xed\xb1\x06\xd8\x0d\xb8+\xba\x90I\xcc\x02\xbe\x0d<\
=\xba\x90\x0e\x1b\x06N\x89.\x22\xc8\x16\xc0\xad\xe4\xff\
\xe4\x8cb\x5cF\xda\x1d\xb2\x92\xc7\xf0\x07\xbd\x09p\xb4\
\x87\x80\x17\x92\xff\x1b\xbcbl\x06\xfcnt\x11S\xb0\
\x81ts\xab[`\xc7\x19\xa6\xbb7\x06\xbe\x18?\xfc\
5\xb6{I\x9f\xb1\x95\xad\xc1S\xd5%\x80\x11\xf7\x91\
:\x94\x97\xe2\xcajz\xa4\x1dI77\xe5\xee\x1e\xd2\
~\xda\xcf\x8c.\xa4\xc3\x86\xfa_\xbbv9\xe0_I\
7\xcdJ\xa3\xad'=\x19\xf2\xa3\xe8B\xa6\xe2m\xc4\
/\x8e`\xf2\xcc\xa1\x94a\x16\xf0-\xe2\xc7\xab\xeb\xe9\
Mv\xa0Zd1.He\xc6\xce\xdb\xa9A\xd53\
\x00#\xbeGz\xa3?\xb0\xa6\xef\xafr\xcd\x07\xce\x8a\
.b\x8a\xce\x06^\x01,\x8a.\xa4\xc3\x86\xfa_\xbb\
0\x13\xd0\xc3\xc7P\xf5H_\xa1\xc0\x9dx\xb7\x06~\
I|\xe7d\xf2\xca\x83\xa4\xe7\xedK\xf1l\xd2\xfa\x05\
\xd1\xe3\xd6\xf5\xf4&;P\x85\xdb\x92t\x095z\x9c\
M^\xb9\x8a\xf4YZ\x8b\xbaf\x00 ]C=\x0f\
x9\xe9\xb7>\x09\xd2\x22'+)\xe77\xba\xa5\xa4\
\x05\xaf\x8e\x8b.\xa4\xe3\x86\xfa_K9o\xa6\xeb\x8f\
q\xe7?=\xdcr\xe0\x19\xc0M\xd1\x85\x0c\xe2Y\xa4\
-\x0a\xa3;)\x93On'=6Z\x92\xcf\x12?\
n\xa6\xbd3\x01\x9f&~lM>YG\x03K\xa8\
\xd79\x030\xe2Z`\x05\xa9\x11\x90 =\xeb|\x1d\
\xf0\xb3\xe8B\xa6\xe1\x1b\xa4Y\x80=\xa2\x0b\xe9\xb8\xa1\
\xfe\xd7\xb6\xcd\x04|\x8bt\xfd\x7f\x9f\xe8B\x94\x857\
\x03\x9f\x8a.\xa2J\x1f#\xbe\xab2\xf9\xe4R\xaa]\
\x87\xa2\x09;\xe3}-\xb9\xa47\xc9\xb1*\xd1B\xd2\
\x22T\xd1ckb\xf3IZh3\xd2=\x01\xd1\x83\
k\xf2\xc9\x8b)\xcf\x1e\xc0\x0d\xc4\x8f\x9d\xb1\x090\xed\
\xcb\xf7h\xf1=s\xdb\x91\xb60\x8c\x1ed\x93G\xae\
&\xdd\x14X\x9a\xfdI\xcb\xb5F\x8f\x9f\xb1\x090\xed\
\xc9u\xa4\xc5\xd2Z\xed@\xd2\x92\x86\xd1\x83m\xf2\xc8\
\x1fP\xa6\xc3H73F\x8f\x9f\xb1\x090\xe5\xe7>\
\xe0\x10:\xe2\xd9\xa4\xcda\xa2\x07\xdd\xc4\xe7:`\x1e\
eZ\x0c\xfc\x8a\xf8146\x01\xa6\xdc\xac&=\xee\
\xd7\xb8&\x9e\x02\x18\xcbR\xd2\x14\xaa\xdb\xaej[\xe0\
\x16\xe0\xc2\xe8Bf\xe0n\xe0?\x81\xdf\x06\xb6\x0f\xae\
\xa5\xeb\x86\xfa_\xdb\xf4t\xc0Z\xe0K\xf8t@\x9b\
m\x00^Kz\x1f\xe9\x9c\xbf%\xbe\xfb2\xf1\xb9\x89\
\xf4h`\xa9v&m\xd2\x11=\x8e\xc6\x99\x00SV\
B\xcf\xd7\xa8\x19\x80\x11\xdf!\xed|uDp\x1d\x8a\
\xb5\x15i\xf3\x9ds\xa3\x0b\x99\xa1\x95\xc0g\x80=\x81\
\xc3\x83k\xe9\xba\xa1\xfeWg\x02\x94\xbbO\x00o\x8c\
.\x22\xdaf\xc07\x89\xef\xc4LlV\x01\x8f\xa1|\
o\xc0\xbd\x03rHo\xb2\x03U g\x02\xda\x93s\
)\xf7\xde\xa7\xcam\x09\x5cL\xfcA1\xb19\x9bv\
x\x16p\x1b\xf1\xe3\xd9\xf5\xf4&;P\x05\xb2\x09(\
?\x97\x12\xbcF\xa1\x00\x00\x0f\x83IDATR\xe3\
\x06?\xa5\xda\x15\xb8\x9e\xf8\x83cbs\x22\xed\xb0#\
\xf0u\xe2\xc7\xb3\xeb\xe9Mv\xa0\x0ad\x13Pn\xae\
\x07v{\xe4!\x15\xa45\x02\xee&\xfe \x99\xb8\xfc\
\x1aXD;\xcc\x02\xfe\x82\xb4\x05r\xf4\xb8v9\xbd\
\xc9\x0eT\x81l\x02\xca\xcb\x1d\xa4G\x875\x81\xdf\x22\
m\x1e\x14}\xb0L\x5c\xfe\x89v9\x00\xf8_\xe2\xc7\
\xb5\xcb\xe9Mz\x94\xcac\x13PN\xee\x03\x8e\x1c\xfb\
0jSO\xc7\xdf\x9a\xba\x9cul\xbc\x9b\xbb-f\
\x01\xaf\x04\xee$~|\xbb\x9a\xde\xa4G\xa9<6\x01\
\xf9\xe7\x01\xe0\x98\xf1\x0e\xa0\xc6\xf6|\x5c-\xb0\xcb\xb9\
\x9e\xf4x`\xdbl\x07\x9c\x0a<D\xfc\x18w1\xbd\
\xc9\x0fQql\x02\xf2\xcdZ\xe0\xff\x8d\x7f\xe84\x91\
\x97\xe3#U]\xce'h\xaf\xbd\x803\x80\xf5\xc4\x8f\
s\xd7\xd2\x9b\xc2\xf1)\x8dM@~Y\x0f\xfc\xe1D\
\x07M\x93{=\xf1\x07\xd2\xc4\xe5\xf9\xb4\xdbQ\xa4E\
^lt\x9bMo*\x07\xa706\x01y\xe5\xf5\x13\
\x1f.M\xd5\xdb\x89?\x98&&\xb7\x03;\xd1~\x8f\
\x01>IZ\x10)z\xcc\xbb\x92\xde\x94\x8eLYl\
\x02\xf2\xc8[';P\x9a\x9e\x7f$\xfe\xa0\x9a\x98\x9c\
C\xfc\xb2\xd5M\xd9\x19x\x0bi\xc3\xac\xe8q\xefB\
zS;,E\xb1\x09\x88\xcd;&?D\x9a\xaeY\
\xc0\x87\x89?\xb8&&\xff@\xb7\xcc&m\x11\xfaY\
\xd2#D\xd1\xe3\xdf\xe6\xf4\xa6xLJb\x13\x10\x93\
\xb6=\xc2\x9c\x95Y\xc0i\xc4\x1fd\xd3|\xd6\xd3\xdd\
\xbbi\xe7\x03'\x00\x9f\xc6\x85\xb2\xeaJo\xcaG\xa3\
\x1c6\x01\xcd\xe6\xfdS;,\x1a\xc4,\xe0#\xc4\x1f\
l\xd3|\xee\xa7\x1d\x1b\x06\x0db\x0e\xf08\xd2e\x82\
\xb3I;\x11F\x1f\x97\xb6\xa47\x8d\xe3P\x0a\x9b\x80\
f\xf2a\xd2gSQ\x8a+\xb8o\xa4\x098)\xba\
\x105\xee*\xe0\x09\xc0\xf2\xe8B21\x178\x88\xb4\
\xca\xd8Q\xa4\xad\xb5\xf7\xa7\xfa\x1b'\xef!mbr\
Y?\xabH?\x83\x0b+\xfe{\xa2\x0d\x03\xa7D\x17\
Q\xb1\x85\xc0Y\xc0q\xd1\x85\xb4\xd4\xc7\x80?&\xcd\
R\x16\xa5\xd4\x06\x00\xd25\xd2\xd3\x81\xd7D\x17\xa2\xc6\
\x9dE\xba\x1c\xb0.\xba\x90\x8c-\x02\xf6\x05\xf6&m\
\xb4\xb5=i\x11\xa2\xed\xd9\xf8\xa1=\x87\xb4\xd8\xd2Z\
RCu/i\x19\xee\x15\xc0\xad\xa4}\x19n\x04n\
\x02\x96\x8d\xf1w\x1cG:\x166\x01\xf9\xb3\x09\xa8\xc7\
\xe9\xc0\xebH\xb3\x00j\x987\x06v7\x1fE98\
\x86v\xee\xdd\xd1\xabr\x902\xe1\xe5\x80jS\xe4\xb4\
\x7f\xdbxc`w\xe3\xe36y\xb0\x09(\x87M@\
5y\xeft\x07^\xf5\x99E\xba\x033\xfa\xa40\xcd\
\xe7d\x94\x03\x9b\x80r\xd8\x04\x0c\x96\x7f\x9c\xfe\x90\xab\
n\xb3p\xb1\xa0.f-\xf0;(\x076\x01\xe5\xb0\
\x09\x98Y\xdavoH\xeb\xbc\x83\xf8\x93\xc44\x9b\x95\
\xb8\xddf.\x8e#m\x7f\x1a}NT\x9d^\x95\x83\
\x94\x09\x9b\x80\xa9g=\xf0\xa6\x99\x0d\xb3\x9av2n\
\xae\xd2\xb5\xac\xc4;\x9cs\xe1L@9l\x02&\xcf\
Z\xe0\xb53\x1d`\xc5x\x05\xb0\x86\xf8\x93\xc74\x97\
\x07H\xcb\xe7*\x9eM@9l\x02\xc6\xcf*\xe0\xc5\
3\x1fZEz\x09\xb0\x9a\xf8\x93\xc84\x97\x87H\xcb\
\xe6*\x9eM@9l\x02\xc6~/y\xc1 \x83\xaa\
x'\x00\x0f\x12\x7f2\x99\xe6\xf2 p<\xca\x81\xf7\
\x04\x94\xc3&`c\xee\xc3\xfb\x8aZc\x09n\xa2\xd2\
\xb5\xac\x02^\x8er`\x13P\x0e\x9b\x80\xb4\x0a\xe6\x11\
\x83\x0e\xa4\xf2r iY\xd3\xe8\x93\xcb4\x97\xf5\xa4\
e]]\xad+\x9e\x97\x03\xca\xd1\xe5&`)\xb0\xdf\
\xe0C\xa8\x1c\xed\x0a\x5cB\xfcIf\x9a\xcd'\x81\xcd\
P\xb4\xb66\x01\xa7V9H\x99\xe8b\x13\xf0c`\
\xc7*\x06O\xf9\xda\x12\xf8\x16\xf1'\x9bi6\xe7\x00\
[\xa3h6\x01\xe5\xe8R\x13p\x16\xb0y5\xc3\xa6\
\xdc\xcd\x07\xce$\xfe\xa43\xcd\xe6R\xd2\x0ey\x8a\xe5\
=\x01\xe5\xe8B\x13\xf0I\xd2\xb6\xda\xea\x10\x97\x0e\xee\
f\xee\x03^\x84\xa29\x13P\x8e\xb66\x01#\xf7\x08\
\xa9\xc3\xfe\x8c\xb4\xd2S\xf4\xc9h\x9a\xfd\xc1\x7f\x0fv\
\xfd\xd1\x9c\x09(G\xdb\x9a\x80\x87\x80\x97U:B*\
\xd6\xb3\x80{\x89?)M\xb3\xf9.\xb0\x1b\x8a\xe4L\
@9\xda\xd2\x04\xdc\x05<\xa5\xe2\xb1Q\xe1\x0e\x05n\
 \xfe\xe44\xcd\xe66R\x03\xa88\xce\x04\x94\xa3\xf4\
&\xe0\x1a\xe0\x80\xcaGE\xad\xb0\x03\xe9\xb7\xc2\xe8\x93\
\xd44\x9f3\x81mQ\x14g\x02\xcaQj\x13\xf0=\
\xd2{\xbc4\xae\xf9\xc0g\x88?YM\xf3\xb9\x01w\
\x14\x8cd\x13P\x8e\xd2\x9a\x80\x8f\xe0Z \x9a\xa2Y\
\xc0[pK\xe1.f=p:i\xbd\x085\xcf&\
\xa0\x1c%4\x01kH\xef\xe5\xd2\xb4\x9d\x08,'\xfe\
$6\xcd\xe7z\xdc\x09,\x8a\xf7\x04\x94#\xe7&\xe0\
N\xe0i\xf5\xbdtu\xc1b\xe0J\xe2Of\x13\x93\
s\x81CP\xd3\x9c\x09(G\x8eM\xc0\xcf\x80G\xd7\
\xf8\x9a\xd5![\x01_&\xfe\xa461Y\x03\xbc\x1f\
\x97\x12n\x9aM@9rj\x02\xbe\x80\xcb\xfa\xaab\
\xb3\x81w\x92\xae\x11G\x9f\xe0&&\xb7\x01\xaf\xc1\x05\
\x84\x9a\xe4\xe5\x80rD7\x01k\x807\xe1\xee\x9f\xaa\
\xd1o\x03\xcb\x88\x7f\x031q\xb9\x018\x09\x1b\x81\xa6\
8\x13P\x8e\xa8&\xe0\x0e|\x82G\x0d\xd9\x1f\xb8\x9c\
\xf87\x10\x13\x9b\xeb\xb1\x11h\x8aM@9\x9an\x02\
\xbe\x87+z\xaaa[\x02\xffN\xfc\x1b\x88\x89\xcfU\
\xc0+\x81y\xa8N^\x0e(GSM\xc0\xe9\xf8s\
\xa7@'\xd1\xce7%3\xfd\xdcJ\xda]l\x17T\
\xb5\xad\x81?\x05n&\xfe8\xd7\x91^uC\x95\x8d\
:\x9b\x80\xe5\xc0K\x9a{)\xd2\xf8\x0e\xc2K\x02f\
cV\x91\x96\x16>\x1a\x0dj1\xe9\x09\x8c.\xac\xc7\
\xe1\xe5\x80\xa9\xe5\x0a|4W\x99Y\x04|\x96\xf87\
\x11\x93W~\x0c\x9c\x8ck\x90O\xc7\x96\xc0\xef\x03\xdf\
!\xfe\xf85\x9d\xde\xe0\xc3\x97\x9d*\x9b\x803\xf0\x11\
?e\xec\x95\xb4\xf3f%3X\xd6\x92\xde\x04_I\
j\x16\xf5psH\xd7\xf8\xcf\xa0\x1b\xbf\xedO\x14g\
\x02\x1e\x99\xfbp\xca_\x858\x14W\x0f4\xe3\xe7~\
\xe0S\xc0\xef\xd0\xedf`\x01\xf0\x1c\xe0\xc3\xc0\xed\xc4\
\x1f\x97\x9c\xd2\x1b`\x5cs5\xd3&\xe0'\xc0>\x01\
\xf5J3\xb6\x80\xd4\xc9\xbb\xa1\x90\x99(k\x80\xef\x93\
6,9\x8a\xf6\xdb\x814\x0br&\xe9\xb7\xba\xe8\xf1\
\xcf9]\x9f\x09X\x07\xbc\x1bw\xf1S\xc1\x9eM\xba\
;<\xfa\xcd\xc4\x94\x91\xa5\xc0i\xc0+H\xebM\x94\
nW\xe0w\x81\x0f\x91n\x94u%\xcd\xe9\xa57\xfd\
!\xcf\xdeT\x9a\x80_\xe1F>j\x89\x1dp/\x01\
3\xb3\xdc\x01|\x05x+\xf0T`;\xf2\xb5-0\
\x04\xfc\x19\xe9\x12\xc7/\x89\x1f\xbf6\xa47\xf5CP\
\x8c\x89\x9a\x80/\x92\xf7y\xde\x1a\xae\x99\xdc\xacW\x03\
\xef\xa3\xdb\xd7}5\xb8;H\xf7\x98\x5c\xd5\xcf/H\
\x1f\xb6\xb7\x92\x1eA\xac\xd3\x5c\xe0Q\xa4k\xb2\xfb\x00\
\xfb\x92\x1e\xd5;\x0cw_\xab\xd30pJt\x11\x15\
[\x08\x9c\xc5\xc6%|\xef\x07\xfe\x12\xf8hXE\x1d\
c\x03\xd0\xbc}\x81\xcf\x00O\x8e.D\xadt\x0fi\
\xd3\xa2\xdb\x80[H\xcd\xc2\x1d\xa4{\x0dV\x90\x9eF\
XN\xba\xbez\x7f\xff\xbfYH\xbage\x16\xb0M\
\xff\xdf\xed\x00l\xbf\xc9\xd7\x9d\x81=p\xe9\xe3(\xc3\
\xb4\xb7\x09\xd8\x82t\xd9\xeb\xda\xd8r\xba\xc5\x06 \xc6\
\x5cR\xa7\xfb\x0e\xd2\x1b\xaf$M\xc50\xedk\x02\xe6\
\x93\x1a\xd4\xf5\xd1\x85t\xcd\x9c\xe8\x02:j=\xe9\xce\
\xef/\x00\x87\x03{\xc5\x96#\xa9\x10C\xa4\xdf\x9a\xcf\
\x09\xae\xa3J#OJ\xa9a6\x00\xb1\xee!-|\
r\x0bp,nj!irKh_\x13\xa0\x006\
\x00\xf16\x00\x17\x01\xff\x01<\x16\xd8;\xb6\x1cI\x05\
\xb0\x09\xd0\xc0l\x00\xf2\xb1\x8c\x8d\xb3\x01O\xc3\xd9\x00\
I\x13\xb3\x09\xd0@l\x00\xf2s\x11\xe9\xde\x80\xc5\xc0\
~\xc1\xb5H\xca\xdb\x92\xfe\xd7\xf3C\xabP\x91l\x00\
\xf2\xb4\x0c\xf8\x1cp1\xe9\x07|\xeb\xd8r$el\
\x08g\x024\x036\x00y\xfb%iQ\x8c9\xa4u\
\x03f\xc7\x96#)S^\x0e\xd0\xb4\xd9\x00\xe4o\x0d\
\xe9\x87\xfa+\xa4G\x06\xf7\x88-GR\xa6l\x024\
-6\x00\xe5\xb8\x1d\xf8\x04p\x1dp\x0c\xb0yl9\
\x922d\x13\xa0)\xb3\x01(\xcf\xcfIO\x0blO\
Z\x7f\xdd\xd5\x1c%\x8d\xe6\x8d\x81\x9a\x12\x1b\x802\xad\
 ]\x12\xf8\x1ap\x10\xae$(\xe9\xe1\x86p&@\
\x93\xb0\x01(\xdb\xad\xc0'IO\x0b<\x99\x8d\x1b\xb9\
H\x92\x97\x034!\x1b\x80v\xf8%\xf01\xd2.o\
O\xc2E\x84$%6\x01\x1a\x97\x0d@{\xac\x01.\
 \xad\x1f\xb0\x1bp0\xde\x1f \xc9{\x024\x0e\x1b\
\x80\xf6\xb9\x0f\xf8\x12\xf0\x0d`_\xdc[@\x92\xf7\x04\
h\x0c6\x00\xedu\x0b\xe9i\x81\x0b\x80C\x80]c\
\xcb\x91\x14\xcc\xcb\x01z\x18\x1b\x80\xf6\xbb\x8et\x7f\xc0\
\x15\xc0\x11\xc0v\xb1\xe5H\x0ad\x13\xa0\xdf\xb0\x01\xe8\
\x8e+\x81\x8f\x007\x01\x8f\x07\x16\xc5\x96#)\x88M\
\x80\x00\x1b\x80\xaeYO\xdam\xf0\xa3\xc0J\xd2BB\
\xae((u\x8f7\x06\xca\x06\xa0\xa3V\x03\xdf\x03>\
\x0c\xdcA\xba4\xe0\x8c\x80\xd4-C8\x13\xd0i6\
\x00\xdd\xb6\x1a\xf81\xe9\xd2\x80\x8d\x80\xd4=^\x0e\xe8\
0\x1b\x00\xc1\xc6F\xe04R#p86\x02RW\
\xd8\x04t\x94\x0d\x80F[Cj\x04N\x07\x96\x91\x16\
\x13\xda*\xb4\x22IM\xf0\x9e\x80\x0e\xb2\x01\xd0XV\
\x03?\x00\xfe\x15X\x0a\x1c\x00\xec\x14Z\x91\xa4\xba\x0d\
\xe1L@\xa7\xd8\x00h\x22\xebI\xdb\x0f\x9f\x06|\x9f\
\xb4\x86\xc0\x01\xa1\x15I\xaa\x93\x97\x03:\xc4\x06@S\
u\x1d\xf0y\xe0\xab\xa4G\x07\x0f\x01f\x87V$\xa9\
\x0e6\x01\x1da\x03\xa0\xe9\xba\x15\xf82\xa9\x19\xd8\x00\
<\x06X\x10Z\x91\xa4\xaayO@\x07\xd8\x00h\xa6\
\xee\x01\xbe\x09|\x10\xb8\x11x4\xb0sdA\x92*\
5\x843\x01\xadf\x03\xa0A\xad&\xad.x\x1ap\
.\xb0%\xb0\x18/\x0fHm\xe0\xe5\x80\x16\xb3\x01P\
\x95~\x05|\x11\xf8\x0c\xa918\x00\xd8\x22\xb4\x22I\
\x83\xf2r@K\xd9\x00\xa8\x0e\xf7\x92~c\xf8g\xd2\
\x92\xc3\x0bqV@*\xd9\x10\xce\x04\xb4\x8e\x0d\x80\xea\
\xb4\x81\xf4\xf4\xc0\x17\x81\x8f\x03w\x02{\xe3\x96\xc4R\
\x89\xbc\x1c\xd026\x00j\xcar\xe0\x02\xd2M\x83\xe7\
\x00k\x81\x03\x81\xcd\x22\x8b\x924-6\x01-b\x03\
\xa0\xa6m \xdd+\xf05\xe0C\xc0/HM\xc0>\
x\x89@*\x81M@K\xd8\x00(\xd2*\xd2J\x83\
\x9f']\x22\xf85\xe9)\x82=\x81Y\x81uI\x9a\
\x98M@\x0b\xd8\x00(\x17\xcbI\x1b\x11}\x02\xf8\x0f\
\xd2:\x03\xbb\xe3\xfd\x02*\xdb\xe5\xa4Gd?\x05<\
\x8bv]\xf2\xf2\xe9\x00I\xb5:\x18\x18\x06.$]\
>0&\xf7\x5cA:g\x0f\xe4\xe1\x8e\x01VdP\
_\xd59\x15I\xaa\xd9\xa3\x817\x906&ZG\xfc\
\x1b\x9f1#\x19\xf9\xd0\x9fl\xb3,\x9b\x00I\x1a\xd0\
n\xc0\xeb\x80\xb3\x81\x87\x88\x7f\x034\xdd\xcaj\xd2\xca\
\x97\xff\x9ft\xa9j:\x8e\x03\x1e\xc8\xe05T\x9d\xde\
4\xc7A\x92\x06\xb69\xe9M\xf5T\xe0J\xe2\xdf\x08\
M;s-p:p\x22\xb05\x83q&@\x92j\
\xb0\x0fp\x12p&p?\xf1o\x8a\xa6\xcc\xac\x04\xbe\
\x0d\xbc\x058\x8a\xea\xd9\x04HR\x8d\x16\x02\xcf\x04\xde\
EZ\x88h5\xf1o\x90&\xcf\xac\x03.\x01\xde\x0d\
\x1c\x0b\xcc\xa3~^\x0eP\x18\x9f\xb5V\xd7l\x0e\x1c\
\x09\x1cMz\xf3]\x02,\x08\xadHQ\xd6\x00\x97\x92\
\x1a\xc3\xef\x03\xe7\x01w\x07\xd4q\x0c\xf0\x0d\xda\xb7q\
\xd6\xbb\x81\xb7F\x17\xa1\xf1\xd9\x00\xa8\xeb6\x07\x9eL\
j\x08\x9e\x00<\x11\xd8!\xb4\x22\xd5\xe5N\xe0\x07\xa4\
\x0f\xfb\x0bH\xdbX\xaf\x0e\xadh\xa3\xe3\x80\xb3H3\
Vm2\x0c\x9c\x12]\x84\xc6f\x03 =\xd2\xbe\xa4\
F`\xa4!8\x02\x98\x1fZ\x91\xa6\xeb\x01\xe02\xe0\
g\xc0OH\x1f\xfcW\x85V49\x9b\x005\xca\x06\
@\x9a\xdc<\xe00R#\xf0X\xe0\xd0\xfe\xd7m\x22\
\x8b\xd2o\xdcM\xbav\x7f\x09\xe9\x03\xffg\xc0\xd5\xa4\
k\xfa\xa5\xb1\x09Pcl\x00\xa4\x99\xdb\x8b\x8d\xcd\xc0\
a\xc0!\xc0~4s\xf3X\x17\xad\x04\xae\xe9\xe7r\
6~\xe0\xff:\xb2\xa8\x1a\xd8\x04\xa8\x116\x00R\xf5\
v\x03\x0e\x22=\x8e8\x92\x83\x81\xc5\xb8\xff\xc6dV\
\x037\x01\xd7\xf5s%i\x95\xbd\xeb\x80\x1b\x80\xf5a\
\x955\xcb\x1b\x03U;\x1b\x00\xa99\xf3I\xcd\xc0\xa3\
H\xab\xc7=\x8a\xb4\xf3\xe1\x1e\xfd\xecE\xfb\xde\xf0G\
[\x0b\xdcN\xfa\x80\xbf\x8d\xf4\x9b\xfbm\xfd\x7f\xbe\x19\
XJ\xda*\xba+\x1f\xf2\x93q&@\xb5\xb2\x01\x90\
\xf2\xb2\x0d\xa99\xd8\xa1\x9f\x9d\x80\xedG\xfd\xf3\xf6\xfd\
\x7f\xb7\x0d\xb0\x15\xe9\xc3!\xa2ix\x10\xb8o\x93\xdc\
;*\xf7\x91\xae\xcd\xdf\x0c\xdc\xd2\xcf\xed\xf8\xe1>]\
6\x01\xaa\x8d\x0d\x80\xd4\x0e\xa3\x9b\x81\xadIk\x1bl\
\xda\x18,b\xfc\xedh\xd7\x93>\xb4G\xac\x22\xddI\
?b\x05\xe9\xb9\xf9\x15\xa4\x0f\xf8\x5c\x1e\x9f\xeb\x82\xb6\
6\x01\xa7\x90\x1a\x01I\x924\x0e\x97\x0d\x96$\xa9\xa3\
l\x02$I\xea(\x9b\x00I\x92:\xca\x0d\x84$I\
\xea\xa8\xb6\xce\x04\x9c\x5c\xe5 I\x92\xd4Fm\x9c\x09\
XCjn$I\xd2\x04\xda\xd8\x04\xdc@z\xacU\
\x92$M\xa0\x8d\x97\x03\xdeS\xe9\x08I\x92\xd4Rm\
\x9b\x09x\x88\xb4L\xb6$I\x9aD\xdbf\x02\xfe\xb1\
\xda\xe1\x91$\xa9\xbd\xda4\x13p'0\xb7\xda\xe1\x91\
$\xa9\xbd\xda\xd4\x04\x1cW\xf1\xd8h\x94\xd9\xd1\x05H\
\x92*u\x0e\xf0l`et!\x15xzt\x01\x92\
$\x95\xa6\x0d3\x01\xff[\xf9\xa8H\x92\xd4\x01\xa5\xdf\
\x18xS\xf5C\x22IR7\x94<\x13\xb0\x0e\x98S\
\xfd\x90H\x92\xd4\x0d%\xcf\x04lY\xc3xH\x92\xd4\
\x19\xa5\xce\x04\xb8,\xb0$I\x03*m&`-0\
\xab\x96\x91\x90$\xa9cJj\x02n\xaci\x0c$I\
\xea\xa4R.\x07\x9c]\xd7\x00\xc8\x85\x80$\xa9\x8bJ\
Y,\xe8\x82\xe8\x02$Ij\xa3\xdcg\x02\x8e\xae\xef\
\xa5K\x92\xd4m\xb9\xde\x13p#\xceRK\x92T\xab\
\x1cg\x02z\xb5\xbebI\x92\x04\xe4\xd5\x04,\x07\xb6\
\xab\xf7\xe5J\x92\xa4\x11\xb9\x5c\x0e\xf8\xab\xba_\xa8$\
Iz\xb8\xe8\x99\x80\xcb\x81\xf9\xb5\xbfJI\x92\xf4\x08\
Q3\x01\x0f\x02\x875\xf0\xfa$I\xd28\x9an\x02\
\xd6\x02/l\xe4\x95I\x92\xa4\x09\x1dG\xba!\xaf\x89\
\x0f\xffW5\xf4\x9a$I\xd2\x14\x1c\x09\xdcL}\x1f\
\xfe\xcb\x81\xe75\xf6j$I\xd2\x94\xed\x04|\x8d\xea\
?\xfc/\x04\x0eh\xf0uH\x92\xa4\x19x\x11p-\
\x83\x7f\xf0\xdf\x01\x9c\x0c\xcci\xb6|I\x924Ss\
\x81\x97\x00\xdf\x01\xd61\xbd\x0f\xfe\x8bH\x1f\xfc\x9b7\
]\xb4\x1eiVt\x01\x92\xa4b\xedB\xbaQ\xf0h\
\xd2T\xfe\x9e\xc06\xa4\xdf\xec\xef\x05n\x05\xae\x06~\
\x0c\x9c\x07,\x8d)S\x92$I\x92$I\x92$I\
\x92$I\x92$I\x92$I\x92$I\x92$I\x92\
$I\x92$I\x92$I\x92$I\x92$I\x92$\
I\x92$I\x92$I\x92$I\x92$I\x92$I\
\x92$I\x92$I\x92$I\x92$I\x92$I\x92\
$I\x92$I\x92$I\x92$I\x92$I\x92$\
I\x92$I\x92$I\x92$I\x92$I\x92$I\
\x92$I\x92$I\x92$I\x92$I\x92$I\x92\
$I\x92$I\x92$I\x92$I\x92$I\x92$\
I\x92$I\x92$I\x92$I\x92$I\x92$I\
\x92$I\x92$I\x92$I\x92$I\x92$I\x92\
$I\x92$I\x92$I\x92\x94\xab\xff\x03\xe2\x9a\x9e\
8\xcc\x88\xe85\x00\x00\x00\x00IEND\xaeB`\
\x82\
\x00\x007\xbc\
\x89\
PNG\x0d\x0a\x1a\x0a\x00\x00\x00\x0dIHDR\x00\
\x00\x02\x00\x00\x00\x02\x00\x08\x06\x00\x00\x00\xf4x\xd4\xfa\
\x00\x00\x00\x04sBIT\x08\x08\x08\x08|\x08d\x88\
\x00\x00\x00\x09pHYs\x00\x00\x0e\xc4\x00\x00\x0e\xc4\
\x01\x95+\x0e\x1b\x00\x00\x00\x19tEXtSof\
tware\x00www.inksca\
pe.org\x9b\xee<\x1a\x00\x00 \x00ID\
ATx\x9c\xed\xddyx\x5cg}\xf6\xf1\xfbwf\
$Y\xd2H\x96\xed\xec\x9b\x13b\x96\xc6\x10\x92\xc8\x92\
c\xb2\xc9\xf2BLH\x1b\x16S\xd6\xb0$@)}\
\xdb\x02\xed\x0b/\x94b\xb6.\x14J\xcbR\xf6\xa5\x01\
J\x8a[\x0aM\x88\x13G\x92\x87\xc4\xc6\x8b,\x02\x01\
\x07\x02N\xe2,\x90\xc5\xf1&\xcd\xc8\x964s~\xef\
\x1f\x89\x13\xc7\xab\x96\x99yf\xf9~\xae+\xd7\x95\x8c\
\xe6<\xe7\xbe\x0c\xc9s\xeb9\xcf9\xc7\x04\xa0\xacy\
WWr8?t\xbc\xd7'\x8f\x97\xf2'\xbaGm\
r\x9f\xe1\x91\xb5E\xf26w\xb5I\xde&Y\xb3\x5c\
M25K\xaa\x97l\xba\xb9'\xdc\xd4v\xd0\x90)\
Iu\x07}6&)s\xe0\x07\xe6\xda\xed\xa6\x9c\xa4\
AI\xa3ree\x1a\x96<+\xd9n3\xed\x8ee\
\xbb-\xf6\xdd2\xdbe\x16\xef\x96\x12\x8f\xdahn{\
S\xa2e\xbb\xa5\xd3\xb9\xa2\xfd\xa1\x00\x982\x0b\x1d\x00\
\xa8e{^\xbc`fb4\x7fz\x1c\xe9t\x8b\xfd\
\x0c\x8btZ\xecv\x9a\xc9O\x95t\xa2\xa4\xe3\x9f\xfc\
\xab\xd2\xfe]uI\xdb%=&\xe9Q\x97\xfd\xde\x5c\
\x0f\xca\xfc!7{0\x92=\x90OF\x0fM\xbfe\
\xfd\xce\xc09\x81\x9aUi\xffQ\x01*\x8aK\xb6w\
i\xc7i\xf9|4\xc7=\x9e\x13\xb9\xcfq\xb39\x92\
\xcf1\xd9\xd9.5\x87\xce\x18\x96e$\xbfG\xa6\xad\
\xe6\xda\x1a\xcb\xb6\x9a\xd9=\x89D\xbc\xb5qu\xffC\
\xf6D\x91\x00P\x04\x14\x00\xa0@\xb2K\xce?\xc5=\
y\x8e\x5cs]:G\xae\xb9\x92\xbdP\xf2T\xe8l\
\x15jT\xd2VI[$\xbbK\xd2\x16\xb9\xdf\x95\xba\
\xac\xffW\xb6Bq\xe0l@\xc5\xa3\x00\x00\x13\xe4]\
]\xc9\x8ce\x9fk\xb2v\x8f\xbc]\xb1\xce\x91\xe9\x02\
I3Cg\xab\x0d\x96\x91\xfcn\x97\xdd\x15\x99\x0f\xc4\
\x16\x0f\xb4\xe4Z6[:\xbd/t2\xa0\x92P\x00\
\x80\xa3p\xc9\x86\x16\xce{N\xa4h\xbeG>_\xae\
\xf9\x92^ \xa9>t6<\xc3\x88\x9b~a\xb16\
\x9a\xf9\xc6\xd8\xa2\x8d\xad\xbd\x9b~\x13:\x14P\xce(\
\x00\xc0\x01\xfc\xca\xf6\xa6l&Z\xe0\xe6\x17\xbb\xdb\x85\
f\x9a/iF\xe8\x5c\x98\x94\x9d.\xdb`\xe6\x1b\xa5\
\xe8\xf6TSn\xa3\xdd00\x1c:\x14P.(\x00\
\xa8i\x8f,=\xb79\x157,\xf0\xd8.\x96\xfbE\
2]\x22\xa9!t.\x14EN\xd2\xcfeZ'\xb7\
\xb5\xf9\xd1\xfa\x9e\xb6\xb5kw\x85\x0e\x05\x84B\x01@\
M\xf1\xf6\xf6\xba\xcc\xf4h\x81\xa4%&[\xe2\xf2y\
\x92\x12\xa1s!\x88\x9c\xa4~\xb9n\xf5D|kK\
\xaee\x03\xcf.@-\xa1\x00\xa0\xea\xedY2\xff\xd9\
Q\xde/7\xf9R\x97u\xb1+\x1fG0$i\x8d\
\xe4\xb7\xe6\xe5\xab\xda\xfa\x06\xee\x09\x1d\x08(&\x0a\x00\
\xaa\x8e/_\x9e\x18~\xfc\x81\xf3b\xf3+%\x7f\xa9\
\xa4\xf6\xd0\x99P\x91\xee\x95\xe9F3\xdd\xd0\xbc+\xfe\
\xb1\x0d\x0c\x8c\x85\x0e\x04\x14\x12\x05\x00U\xe1\xb1\xae\xb9\
\xa9Fkz\x89\xcc\xaf\x92\xecr\xb1q\x0f\x85\xb5S\
\xd2\xcd\x92\xfd \x9b\xdcw\xd3I\xab\xef\xcc\x86\x0e\x04\
L\x15\x05\x00\x15kW\xd7ym\xc9\xa8~\x89KW\
F\xf2\x97\xf3T=\x94\xc8>\x93z\xe4\xb6r4\x91\
\xff\xe1\xcc\x9e\x81=\xa1\x03\x01\x93A\x01@E\xd9\xb9\
\xb8}z2\x8e^.\xd7\xab\xcc\xd4-\xee\xc7GX\
\xa3.\xeb\x89L\xdf\x1b\xa9\xb7\xff\x99\xb5j\xe3`\xe8\
@\xc0xQ\x00P\xf6|\xd9\x9c\x86\xa1\x91\x19K%\
[\xceo\xfa(cO\xad\x0c4\xa7\xf2\xff\xc53\x07\
P\xee(\x00(K.Yfa\xc7\xa5\x16\xd9\xd5\xee\
\xfer\xe9\x90W\xda\x02\xe5l\x97\xa4\xffv\xb3\xebZ\
z7\xad\xe5\xa5F(G\x14\x00\x94\x95\xec\x92\xf3O\
\xc9\xe7\xeb\xde`\xd2\xb5\x92\xcf\x09\x9d\x07(\x80\x07L\
\xfa\xeeX\x9c\xf8\xe2\x8c\xf4\x86m\xa1\xc3\x00\xfbQ\x00\
\x10\x9c/\x9b\xd3\x90\x19\x9dq\x95\xa47\xcb\xb5DR\
\x14:\x13P\x04y\x97V\x9b\xec\x1b\xa9Y\xd9\x1f\xda\
\xca-\xa3\xa1\x03\xa1\xb6Q\x00\x10\xccp\xf7\x82S\xf3\
\xca\xbfU\xf2wH:!t\x1e\xa0\x84\x1e3\xe9\x1b\
\xb9\xa4}\xa9m\xf5\xa6\xfbB\x87Am\xa2\x00\xa0\xa4\
|\x85\xa2\xec\xda\x8en\x8f\xf56I/\x17\x8f\xe1E\
m\x8b\xe5\xea\x93\xd9\x97Sq\xd3\xff\xf0(b\x94\x12\
\x05\x00%\xb1\xab\xeb\xbc\xb6\xba\xa8\xeeZI\xeft\xe9\
\xcc\xd0y\x80rc\xae\xfb\x14\xe9_\x87\xf3\xc3_;\
!\xbd%\x13:\x0f\xaa\x1f\x05\x00E\xb5\xbb\xbb\xfd\xec\
\xa4\xa2\xb7\xba\xf4v\xb1\x93\x1f\x18\x8fA\x99\xbe\x99H\
\xe8\x93M\xab\xfb\x1f\x0c\x1d\x06\xd5\x8b\x02\x80\xa2\x18\xea\
\xee\xec6\x8b\xdf\xedn\xcb\xc4\xa6>`2FM\xfa\
\x0fE\xf1?\xa7z\x06~\x11:\x0c\xaa\x0f\x05\x00\x05\
\xe3+\x14\x0d\xdd\xd6q\x85\x99\xde/\xd7\x85\xa1\xf3\x00\
Ud\x9dK\xff\xd8\xd2\xd7\x7f#\xcf\x14@\xa1P\x00\
0e\xbe|n}\xf6\xf1\xe6W\xbb\xc5\xef\x93\xec\x0f\
B\xe7\x01\xaa\x97\xdf)\xb7\xcf\xa7\xbc\xf9:K\xa7\xf7\
\x85N\x83\xcaF\x01\xc0\xa4\xf9\x82\x05\x8d\xd9\xc6\xb1\xb7\
\xbb\xec\xaf%\x9d\x12:\x0fPC\x1e\x92\xeb\x9fR\xde\
\xfce\x8a\x00&\x8b\x02\x80\x09\xf3es\x1a2\xfbf\
\xbcQ\xa6\x0f\x89\x89\x1f\x08\xe91\x97\xfdsKs\xfe\
\xb3\xbc{\x00\x13E\x01\xc0\xb8=\xb2\xf4\xdc\xe6T\xbe\
\xe1Z\x97\xde+\xd7\xc9\xa1\xf3\x00x\xcav\x97}\x8a\
\x22\x80\x89\xa0\x00\xe0\x98\xbc\xbd\xbd.\xd3\x1a\xbdY\x91\
V0\xf1\x03e\xed\x89\x22\xd0\xb0\xf3_l\xd5\xd6\x91\
\xd0aP\xde(\x008\x22_\xa1(s[\xe7+$\
\xff{Ig\x87\xce\x03`\xdc\x1e\x90\xeb\xe3\xa9\xe3\xce\
\xfc\x9a\xad\x5c\x99\x0f\x1d\x06\xe5\x89\x02\x80\xc3\x1a\x5c\xd4\
y\x95\xb9\x7fL\xd2\xdc\xd0Y\x00L\xda/\x5c\xfa@\
k_\xff\x0d\xa1\x83\xa0\xfcP\x00\xf0\x0c\xd9\xae\xcey\
q\xe4\x9f\x92ti\xe8,\x00\x0a\xc4\x956\xd7\xbbR\
\xe9\xfe\x9f\x85\x8e\x82\xf2A\x01\x80$i\xb8k\xfei\
\xf9D\xfcA\xb9\xae\x15O\xee\x03\xaaQ\xec\xb2\xefD\
f\x7f\x9d\xea\xdd\xf8h\xe80\x08\x8f\x02P\xe3v.\
n\x9f^\x1fG\xff\xcf\xa5\xbf\x904-t\x1e\x00E\
\xb7\xdb\xcc>\xda\xbc;\xffY\x1b\x18\x18\x0b\x1d\x06\xe1\
P\x00j\x94K\x96]\xd8\xf9\x067\xff\x84\xa4\x13C\
\xe7\x01Pr\xbf\x95\xec\x03-}\x9bV\x86\x0e\x820\
(\x005(\xbbx\xde\xf9ql\x9f\x95tQ\xe8,\
\x00\x82\xeb\xb5(~\x17/\x1c\xaa=\x14\x80\x1a\xb2\xe7\
\xc5\x0bfF\xb9\xdc\x87\xe4z\xa7\xa4D\xe8<\x00\xca\
FN\xa6\xafk4\xf77-\xb7\xdf\xb1=t\x18\x94\
\x06\x05\xa0\x06\xb8dC\x8b:\xdfb\xee\x9f\x9043\
t\x1e\x00e\xebq3\xbd+\xd5\xdb\xff\xed\xd0AP\
|\x14\x80*\xb7g\xc9\xfcgG\xf9\xf8\x0b\x92\x16\x85\
\xce\x02\xa02\xb8\xeb\xe6\xbc'\xde1#\xbda[\xe8\
,(\x1e\x0a@\x95\xf2\xae\xaei\x99h\xf8}\x92\xbf\
ORC\xe8<\x00*\xce\xb0\xcb>\xd22k\xf6'\
y\x9a`u\xa2\x00T\xa1\xa1\xc5\xf3\xba\x14G_\x91\
|N\xe8,\x00*\x9b\xc96*\xca\xbf\x95M\x82\xd5\
\x87\x02PE\xfc\xca\xf6\xa6l6\xfa[\x97\xfeZ<\
\xcc\x07@\xe1\xe4L\xfaTs\xdc\xbc\xc2\xd2\xe9}\xa1\
\xc3\xa00(\x00Ub\xa8\xbb\xe3R\xc9\xbe\xc6o\xfd\
\x00\x8a\xc7\xb6\xca\xecm-\xbd\x1b\xd7\x84N\x82\xa9\xa3\
\x00T\xb8\x1d\xcb\xe6\xb7\xd6\x8f\xc4\x9f\x94t\xad\xf8\xdf\
\x13@\xf1\xc52}q\xdf\xbe\xfa\xf7\x1d\xbfn\xddP\
\xe80\x98<&\x8c\x0a\xb6\xa7{^g\xa4\xe8;\xfc\
\xd6\x0f\xa0\xd4L\xda\x16G\xf1\x1bZ{\x06\xd6\x86\xce\
\x82\xc9\xa1\x00T _\xbe<1\xb4\xe3\xfe\xbf2\xf9\
G%\xd5\x85\xce\x03\xa0f=\xb17`O\xfcA\xde\
+Py(\x00\x15fo\xf7\xf9\xb3sJ~K\xd2\
%\xa1\xb3\x00\x80\xf4\xc4\x9d\x029\xe5_\xd7\xd67p\
O\xe8,\x18?v\x8aW\x90\xa1\xee\xce\xe59%\xef\
\x10\x93?\x802\xe2\xf2\xf9\x09E?\x1dZ\xd8\xf1\xb6\
\xd0Y0~\xac\x00T\x80\x1d\xcb\xe6\xb7\xd6\x8d\xc4\x9f\
7\xe9\xf5\xa1\xb3\x00\xc01\xac\xcc\x8f6\xbc\xbdm\xed\
\xda]\xa1\x83\xe0\xe8(\x00enpQ\xe7\x02s\xff\
\xb6\xa4g\x85\xce\x02\x00\xe3\xf4\x80\xa47\xb4\xf4\xf5\xdf\
\x16:\x08\x8e\x8c\x02P\xa6\xbc\xbd\xbd.\xd3\x9aX!\
\xf3\xf7\x8a7\xf7\x01\xa8<y\x99\xfe.\x95o\xfe\x88\
\xa5\xd3\xb9\xd0ap(\x0a@\x19\x1a\xba\xe4\xfc\xe3U\
\x97\xbc^Rw\xe8,\x000E\xb7[\xacW\xa5\xd2\
\xfd\x8f\x84\x0e\x82g\xa2\x00\x94\x99\xc1\x85\xf3.2\xb3\
\xefI:%t\x16\x00(\x90\xdf\xb9\xd9\xf2\xd6\xdeM\
\xebC\x07\xc1\xd3\xb8\x0b\xa0\x8c\x0c-\xecx\x9b\x99\xf5\
\x89\xc9\x1f@u9\xd5\xdco\x1b\xec\xee|o\xe8 \
x\x1a+\x00e\xc0\xbb\xba\xa6e\x13\xc3\x9fw\xf7\xb7\
\x84\xce\x02\x00\xc5\xe4\xd2\xb7[\x9a\xe3\xb7\xdb\x0d\x03\xc3\
\xa1\xb3\xd4:\x0a@`{\x17\xb7\x9f1\x16G\xffe\
RG\xe8,\x00P\x12\xa6\x9f\xe5\x13\xf6\xf2\xb6\xd5\x9b\
\xee\x0b\x1d\xa5\x96q\x09 \xa0l\xf7\xbce\xb98\xba\
\x83\xc9\x1f@Mq\x9d\x97\xc8y\x7ffa\xe7\x8bC\
G\xa9e\x14\x80\x00\x5c\xb2\xc1\xee\xce\xf7\xc6\xb2\x1b%\
\xcd\x0c\x9d\x07\x00\x02\x98\xe5\xe6\xab2\xdd\x1d\xff\xe0+\
\x98\x8bB\xe0\x12@\x89=\xd657\xd5\x145\xfd\x87\
KW\x86\xce\x02\x00\xe5\xc1\x7f\x90M\x8e\xbe\xfe\xa4\xd5\
wfC'\xa9%\x14\x80\x12\xca^\xd2~r\x5c\x17\
\xdd \xa9=t\x16\x00(/~g\x22N\x5c\xd1\x94\
\xde\xf8P\xe8$\xb5\x82\x02P\x22C]\xf3\x9e\xaf\xc8\
~$\xe9\x8c\xd0Y\x00\xa0L\xfd\xceb\xbd4\x95\xee\
\xffY\xe8 \xb5\x80\xeb.%\x90Y\xdc\xb1X\x91\xad\
\x15\x93?\x00\x1c\xcd\xa9\x1e\xe9\xb6l\xf7\xbce\xa1\x83\
\xd4\x02\x0a@\x91\x0d.\x9c\xf7\x16\x8fu\x93\xa4\xe9\xa1\
\xb3\x00@\x05h\x89e\xff;\xd4\xdd\xf9'\xa1\x83T\
;\x0a@\x91\xb8dC\xdd\x9d+\xcc\xeck\x92\xeaB\
\xe7\x01\x80\x0a\x92\x94\xfc\x0bC\x8b:\xfe\x95;\x04\x8a\
\x87=\x00E\xe0\xcb\xe64dFf|]\xd2kC\
g\x01\x80\x0a\xb72\x157_m\xe9\xf4\xbe\xd0A\xaa\
\x0d\x05\xa0\xc0\xf6\xbcx\xc1\xcch,\xf7?\x92.\x0d\
\x9d\x05\x00\xaa\xc4O<\x8e\xff\xa85=\xf0x\xe8 \
\xd5\x84\x02P@\xbb\x97v\x9e\x95\xc8\xf9-\x92\x9e\x1d\
:\x0b\x00T\x99_'\x95\xbb\xbc\xb1\xef\x8e\xfbC\x07\
\xa9\x16\x14\x80\x02\x19\x5c8\xef\xb9f\xd6#\xe9\xb4\xd0\
Y\x00\xa0*\xb9\x1e\xf4\xc8\x16\xb7\xf6n\xfaM\xe8(\
\xd5\x80\xcd\x15\x050\xb4\xb0c\xaeE\xb6FL\xfe\x00\
P<\xa6\xd3\xcd\xfd\xb6\xcc\xa2\xf9\xe7\x86\x8eR\x0d(\
\x00S\x94]8\xbf]\xa6\x1f\xcbur\xe8,\x00P\
\x03Nt\x8f\xd3{\x16\xb6\xcf\x0f\x1d\xa4\xd2Q\x00\xa6\
`pQ\xe7%\xb1\xc5}\x92f\x85\xce\x02\x005d\
Fd\x89\x9e\xa1E\xf3\x17\x86\x0eR\xc9(\x00\x934\
\xb4h\xfeBs\xdd$\xa95t\x16\x00\xa8=\x9e\x92\
\xc77f\xba\xe7/\x0d\x9d\xa4RQ\x00&apQ\
\xe7K\xe5\xf1M\x92\xa7Bg\x01\x80\x1a\xd6\xe4\x8ao\
\x18\xec\xee|Y\xe8 \x95\x88\x020AC\x8b\xe6\xbd\
\xda\xdc\xbf/iZ\xe8,\x00\x00\xd5\x9b|efa\
\xe7\xd5\xa1\x83T\x1a\x0a\xc0\x04d\x16u\xbc^n\xdf\
\x12\x8f\xf6\x05\x80r\x92p\xf3\xaf\x0f.\xea\xbc&t\
\x90J\xc2s\x00\xc6ipQ\xe75\xe6\xfe\x15\xf1g\
\x06\x00\xe5\xca]\xba\xa6\xb5\xaf\xff\x1b\xa1\x83T\x02&\
\xb3q\x18Z4\xef\x95r\xbb^R\x22t\x16\x00\xc0\
Q\xe5M\xfe\x86T\xdf\xe6\xef\x86\x0eR\xee(\x00\xc7\
0\xb8p\xde\x1f\x99\xd9J\xb1\xec\x0f\x00\x95b\xcc\xa5\
W\xb4\xf6\xf5\xdf\x10:H9\xa3\x00\x1cEfq\xc7\
b\x8fu\x83\xd8\xf0\x07\x00\x95f4\x92_\xd5\xdc\xb7\
yU\xe8 \xe5\x8a\x02p\x04\x83\xdd\x1d/\x8a\xa4\xd5\
.5\x87\xce\x02\x00\x98\x94aI\xcbZ\xfa\xfao\x0b\
\x1d\xa4\x1cQ\x00\x0ecO\xf7\xbc\xceH\xd6#\xa9%\
t\x16\x00\xc0\x94\x0cF\xa6\xc5\xcd\xbd\xfd\xfd\xa1\x83\x94\
\x1b\x0a\xc0A2\x8b\xdb_\xe0q\x94\x9643t\x16\
\x00@A\xec\x8e\x22\xefn\xee\xd9|G\xe8 \xe5\x84\
\x02p\x80=K\xe6?;\xca\xc7\xb7I:)t\x16\
\x00@A=\xe6q|Ykz\xe0\xd7\xa1\x83\x94\x0b\
\x1e\x04\xf4\xa4\xddK;\xcf\x8a\xf2\xf1\x1a1\xf9\x03@\
5:\xc1\xa2\xe8\x96\xbd\xdd\xe7\xcf\x0e\x1d\xa4\x5c\xb0\x02\
 ipQ\xe7,s_'\xe9\xb9\xa1\xb3\x00\x00\x8a\
\xea\xd7\xf9\xd1\x86\x17\xb5\xad]\xbb+t\x90\xd0j~\
\x05\xc0\x97\xcf\xad7\x8fW\x8a\xc9\x1f\x00j\xc1\xf3\x12\
\xf5#?\xf0es\x1aB\x07\x09\xad\xa6\x0b\x80K6\
\xb4\xa3\xe9k\x92\xf1Ni\x00\xa8\x1d\x97fFf|\
\xd3k|\x15\xbc\xa6\x0b@\xb6\xbb\xe3\xefLz}\xe8\
\x1c\x00\x80\x92{ufa\xc7\x8a\xd0!B\xaa\xd9\xf6\
\xf3\xe4\xcb}\xbe\x1a:\x07\x00 \x18w\xe9-\xad}\
\xfd\xdf\x0c\x1d$\x84\x9a,\x00\x99\x85\x9d/v\xf3\x1b\
%%Cg\x01\x00\x045f\xe6W\xa4z7\xdf\x1a\
:H\xa9\xd5\x5c\x01\x18Z\xd81W\xa6\xb5\x92\xdaB\
g\x01\x00\x94\x85A\xb3\xe8\x92T\xef\xc6;C\x07)\
\xa5\x9a\xda\x03\x90]r\xfe)2\xdd$&\x7f\x00\xc0\
\xd3Z\xdd\xe3\x9b\x86\xbb\xe6\x9f\x16:H)\xd5L\x01\
x\xackn*\x8e\x93?\x92tF\xe8,\x00\x80\xb2\
sj>\x8a\x7f\xf8\xc8\xd2sk\xe6\x05p5Q\x00\
|\x85\xa2\xa6\xa8\xe9?\xe4:/t\x16\x00@\xd9\xba\
\xa09\xd7p]\xad\xdc\x1eX\x13\x05 s{\xc7\xdf\
\xb8te\xe8\x1c\x00\x80\xb2\xf7\xf2\xa1\xee\x8e\xf7\x86\x0e\
Q\x0aU\xdfr2\x8b\xe6-q\xb7U\x92\x12\xa1\xb3\
\x00\x00*Bl\xa6+R\xbd\xfd7\x87\x0eRLU\
]\x00\xf6v\x9f?;\xa7\xe4\x80\xa4Y\xa1\xb3\x00\x00\
*\xca\xce|\xd2\xe6\xb5\xad\xdet_\xe8 \xc5R\xb5\
\x97\x00\xbc\xabkZN\xc9\xef\x8b\xc9\x1f\x000q3\
\x13y\xff\xbe/X\xd0\x18:H\xb1Tm\x01\xc8F\
\xd9/H\xba t\x0e\x00@\x85r\x9d7\xd4\x98\xff\
R\xe8\x18\xc5R\x95\x05`\xa8\xbb\xf3\xff\xb8\xf4\xa6\xd0\
9\x00\x00\x95\xcd\xe4o\x18Z\xd8\xf1\xb6\xd09\x8a\xa1\
\xea\xf6\x00\x0c.\xea\x5c`\xeeiI\xf5\xa1\xb3\x00\x00\
\xaa\xc2\x98\xbb/l]\xb3y]\xe8 \x85TU\x05\
 \xb3h\xfe\x89\xee\xf1\x80\xa4SCg\x01\x00T\x11\
\xd3\xc3\xd1h\xdc\xde|\xfb\xc0\xc3\xa1\xa3\x14J\xd5\x5c\
\x02\xf0\xf6\xf6:\xf7x\xa5\x98\xfc\x01\x00\x85\xe6:9\
\xae\xb3\xefxWW\xd5\xbcD\xaej\x0a@\xa65\xb1\
B\xd2%\xa1s\x00\x00\xaa\x95-\xccD\x99\x0f\x84N\
Q(Uq\x09`pq\xfb\xc5\x16Gi\xf1\xb0\x1f\
\x00@q\xe5\x5c\xba\xac\xb5\xaf\xff'\xa1\x83LU\xc5\
\x17\x80\x9d\x8b\xdb\xa7'\xe3\xc4\xcfM>;t\x16\x00\
@\xf53\xd7}#\xd3\xa2\xf3f\xad\xda8\x18:\xcb\
TT\xfc%\x80\xba\xd8\xbe\xc0\xe4\x0f\x00(\x157\x9d\
U7\x9a\xffl\xe8\x1cSU\xd1\x05 \xb3\xb0\xf3j\
\xc9^\x13:\x07\x00\xa0\xb6\x98\xdb\xd5\x99\xeey\x15=\
\xffT\xec%\x80\xddK;\xcfJ\xe4\xfcg\x92ZC\
g\x01\x00\xd4\xa4=\xb98q\xde\x8c\xf4\x86m\xa1\x83\
LFE\xae\x00xWW2\x91\xf3o\x8b\xc9\x1f\x00\
\x10\xce\xf4\xa4\xc5\xdf\xf2\xe5\xcb+r\x03zE\x16\x80\
L4\xfc7\x92^\x14:\x07\x00\xa0\xc6\x99_\x9c\xd9\
q\xff\xfbB\xc7\x98\x8c\x8a\xbb\x04\x90]\xd4\xd1\x11\xbb\
\xd6I\xaa\x0b\x9d\x05\x00\x00I\xb98\x8e.\x99\x9e\xde\
\xb8!t\x90\x89\xa8\xa8\x15\x80\x1d\xcb\xe6\xb7\xc6\xae\xeb\
\xc5\xe4\x0f\x00(\x1f\xc9(\xf2o=\xd657\x15:\
\xc8DTT\x01\xa8\x1f\x89?%\xe9Y\xa1s\x00\x00\
\xf0L>\xa71j\xfe\xfb\xd0)&\xa2b.\x01\x0c\
uwvK\xde\xa3\x0a\xca\x0c\x00\xa8)\xb1G\xf1e\
\xad=\x03kC\x07\x19\x8f\x8aX\x01xd\xe9\xb9\xcd\
\x92\x7fEL\xfe\x00\x80\xf2\x15Y\x1c}\xd5\xbb\xba\xa6\
\x85\x0e2\x1e\x15Q\x00\x9as\xf5\x9f\x14K\xff\x00\x80\
\xf2\xf7\xdcL4\x5c\x11w\x05\x94\xfdo\xd4C\x8b\xe7\
u)\xb6>U@V\x00\x00$\x8d\xcauA\xcb\x9a\
\xfe-\xa1\x83\x1cMY\xaf\x00\xf8\x82\x05\x8d\x8a#\x96\
\xfe\x01\x00\x95\xa4^\x91\xbe\xea+\xca{\x8e-\xebp\
\x99\xc6\xb1\x0fH>'t\x0e\x00\x00&\xc4ua\xe6\
\xb6\xcew\x86\x8eq4e\xfb\x9b\xf5\xe0\xc2y\xcf5\
\xb3\x9fKj\x08\x9d\x05\x00\x80\x892)\x9bK\xda\x0b\
\xdaVo\xba/t\x96\xc3)\xcb\x15\x00\x97\xccL_\
\x10\x93?\x00\xa0B\xb9\xd4\x1c\xe5\xfc\xf3\xa1s\x1cI\
Y\x16\x80\xa1\xee\xcek$[\x18:\x07\x00\x00Sa\
\xd2\xb2\xcc\xc2\xce\xd7\x86\xceq8ew\x09`\xb0\xab\
\xfd8\x8b\xa2\xbb%\xcd\x0c\x9d\x05\x00\x80\x02\xd8\x9e\x1f\
mxn\xdb\xda\xb5\xbbB\x079P\xd9\xad\x00X\x22\
\xfa\xb8\x98\xfc\x01\x00\xd5\xe3\xf8D\xfd\xe8GB\x878\
XY\xad\x00d\xbb\xdb/\x88\x15m\x92T\x91\xefV\
\x06\x00\xe0\x08\xf2\xe6\xd6\x9eZ\xb3\xe9\xe7\xa1\x83\xecW\
6+\x00.Yl\xd1\xe7\xc5\xe4\x0f\x00\xa8>\x097\
\xff\xbc\x97\xd1/\xdeeS\x00\x86\xba;\xde$\xd7\x85\
\xa1s\x00\x00P$\x17e\x17v\xbe&t\x88\xfd\xca\
\xa2\x89\xec\x5c\xdc>\xbd.\x8e\xee\x96tb\xe8,\x00\
\x00\x14\xd1\xef\xf7\xc6\xc3\xcf=!\xbd%\x13:HY\
\xac\x00\xd4\xe7\xed\xfdb\xf2\x07\x00T\xbfS\x1a\x13M\
\xff7t\x08\xa9\x0cV\x00\x86\x97v\x9c\x9e\xcf\xe9n\
I\x8d\xa1\xb3\x00\x00P\x02{\x93Q\xfc\xbc\xc6\x9e\x81\
\x07B\x86\x08\xbe\x02\x90\xcf\xe9\x13b\xf2\x07\x00\xd4\x8e\
\xc61\xb7\x8f\x86\x0e\x11t\x05`O\xf7\xbc\xceH\xb6\
!t\x0e\x00\x00J,\x8eb\x9b\xdf\x9c\xde\xb49T\
\x80\xa0+\x00\x91G\x9f\x12\x93?\x00\xa0\xf6Dq\xe4\
\x9f\x0c\x1a \xd4\x89\x07\x17u^%\xf3\x8bC\x9d\x1f\
\x00\x80\xc0.\x1b\x5c\xd4\xf9\xd2P'\x0fR\x00|\xf9\
\xf2\x84\xb9\x7f,\xc4\xb9\x01\x00(\x17\xe6\xfew\xbe\x22\
\xcc\x5c\x1c\xe4\xa4C;\xb6\xbdA\xd2\xdc\x10\xe7\x06\x00\
\xa0\x8c\xbc \xfb\xe3\xceW\x878q\xc9\xaf\xbf\xfb\xf2\
\xb9\xf5\x99\x1dM\xbf\x92\xf4\xacR\x9f\x1b\x00\x80rc\
\xae\xfb\x9a\x8f\x1b~\x9e\xad\xdc2Z\xca\xf3\x96|\x05\
 \xbb\xb3\xe9\x1db\xf2\x07\x00@\x92\xe4\xa6\xb32;\
\x9a\xdfR\xea\xf3\x96t\x05\xe0\x91\xa5\xe767\xe7\x1a\
\xee\x11O\xfd\x03\x00\xe0@\xbfO\xedM\xce\xb1\xf5\xeb\
\xf7\x96\xea\x84%]\x01h\x1a\xab\xffS1\xf9\x03\x00\
p\xb0S2\xd3ro-\xe5\x09K\xb6\x02\xe0W\xb6\
7e\xb2\xd1}\x92N(\xd59\x01\x00\xa8\x18\xa6\x87\
S\xc3\xc9\xb3K\xb5\x0aP\xb2\x15\x80\xecp\xf4\x0e1\
\xf9\x03\x00px\xae\x933\x8d\xf9kKu\xba\x92\xac\
\x00xW\xd7\xb4L\x94\xbdG\xd2)\xa58\x1f\x00\x00\
\x15\xa9\x84\xab\x00%Y\x01\xc8Z\xe6\x1db\xf2\x07\x00\
\xe0\xe8\x5c'g\x1a\xc7\xae)\xc5\xa9\x8a\xbe\x02\xe0\xcb\
\xe64dFf\xdc+\x0a\x00\x00\x00\xc7\xe6z05\
\x18\x9fm\x03\x03c\xc5<M\xd1W\x00\x86Ff\x5c\
-&\x7f\x00\x00\xc6\xc7t\xfa\xd0\xf4\xe8u\xc5>M\
Q\x0b\x80\xafPd\xd2_\x15\xf3\x1c\x00\x00T\x1b\x93\
\xde[\xecw\x04\x14u\xf0\xcc\xed\xf3^.\xe99\xc5\
<\x07\x00\x00U\xe8yC?\x9ewe1OP\xe4\
K\x00\xf6\x9e\xe2\x8e\x0f\x00@u\x8a\xcc\xde_\xd4\xf1\
\x8b5\xf0Pwg\xb7\x5c\x17\x16k|\x00\x00\xaa\x99\
K\x9dC\xdd\x1d\x97\x16k\xfc\xa2\x15\x00\xb3\xf8\xdd\xc5\
\x1a\x1b\x00\x80\x9a`V\xb4\xb9\xb4(\xb7\x01\xeeY2\
\xff\xd9Q>\xfe\xb5\x02\xbcm\x10\x00\x80*\x12\xe7\x15\
?\xa7\xado\xe0\x9eB\x0f\x5c\x94\x09:\xca\xc5\x7fQ\
\xac\xb1\x01\x00\xa8!Q\xc2\xa2?/\xc6\xc0\x05_\x01\
\xd8\xd5u^[2\xaa\x7fP\xf2T\xa1\xc7\x06\x00\xa0\
\x06\x0d\x8dE\xf1\xe93{\x06\xf6\x14r\xd0\x82\xff\x96\
\x9e\xb0\xe4[\x99\xfc\x01\x00(\x98\x96zO\x14\xfc\xf1\
\xc0\x05-\x00\xbe|yB\x16\xbd\xb3\x90c\x02\x00P\
\xf3b\xff\xb3B?\x18\xa8\xa0\x83\x0d\xed\xd8\xf6\x12\x93\
\xcf.\xe4\x98\x00\x00\xd4:7\x9d5\xfc\xe3y\x97\x17\
r\xccB_\x02xG\x81\xc7\x03\x00\x00\x92\xdc\xecO\
\x0a9^\xc16\x01\xee\xed>\x7fvN\xc9{$%\
\x0a5&\x00\x00xJ\x9c\x8b\x13g\xcfHo\xd8V\
\x88\xc1\x0a\xb6\x02\x90W\xf2\x1db\xf2\x07\x00\xa0X\xa2\
d\x94/\xd8f\xc0\x82\xac\x00\xf8\xf2\xb9\xf5\x99\x1dM\
\x0fJ:\xa1\x10\xe3\x01\x00\x80\xc3z$\xb5'>\xc3\
\x06\x06\xc6\xa6:PAV\x002;\x9b^&&\x7f\
\x00\x00\x8a\xed\xa4L\xab\xfda!\x06*\xcc%\x00\xf7\
\xb7\x14d\x1c\x00\x00pT\x16\xe9\xcd\x05\x19g\xaa\x03\
\x0cw\xcd?-\x1f\xc5\xdb\xc4\xf5\x7f\x00\x00J!\x17\
%r\xb3\x9bo\xbd\xe3\xf7S\x19d\xca+\x00\xf9(\
~\x93\x98\xfc\x01\x00(\x95d>_\xf7\x86\xa9\x0e2\
\xa5\x02\xe0\x92I\xf6\xc6\xa9\x86\x00\x00\x00\xe3g\xf2\xb7\
\xf8\x14W\xf1\xa7T\x002\x0b;.\x95|\xceT\xc6\
\x00\x00\x00\x13\xf6\x9c\xa1\xee\x8e\x05S\x19`J\x05\xc0\
\xe4S^\x82\x00\x00\x00\x13gnWO\xe9\xf8\xc9\x1e\
\xe8\xcb\xe64dFf<\x22\xa9m*\x01\x00\x00\xc0\
\xa4\xecJ\xcd\x1a>\xc9Vn\x19\x9d\xcc\xc1\x93^\x01\
\xc8\xec\x9bq\x85\x98\xfc\x01\x00\x08e\xc6\xd0\x8e\xa6\x17\
O\xf6\xe0\xc9_\x02\x88\xf4\xdaI\x1f\x0b\x00\x00\xa6\xcc\
4\xf9\xb9xR\x97\x00v,\x9b\xdfZ?\x12?\x22\
\xa9q\xb2'\x06\x00\x00S6\xbco\xa4\xfe\xa4\xe3\xd7\
\xad\x1b\x9a\xe8\x81\x93Z\x01\xa8\x1b\x89_!&\x7f\x00\
\x00Bkjl\x18\xb9j2\x07N\xaa\x00\x98\xe9\x8f\
's\x1c\x00\x00(4{\xd5\xa4\x8e\x9a\xe8\x01\xbb\xba\
\xcekKFu\x8fJ\xaa\x9f\xcc\x09\x01\x00@A\x8d\
\x8cE\xf1\x893{\x06\xf6L\xe4\xa0\x09\xaf\x00\xd4Y\
\xfd\x1f\x8a\xc9\x1f\x00\x80r\xd1P\x9fO\x5c1\xd1\x83\
&\x5c\x00\xdc\xfc\x15\x13=\x06\x00\x00\x14\xcfd\xe6\xe6\
\x09]\x02x\xackn\xaa1jzLl\x00\x04\x00\
\xa0\x9c\x0cg\x93#'\x9c\xb4\xfa\xce\xecx\x0f\x98\xd0\
\x0a@c\xa2\xe9\x0a1\xf9\x03\x00Pn\x9a\x9a\xf3\xf5\
\xcb&r\xc0\xc4.\x01\xb8&u\xab\x01\x00\x00(.\
\xf7\xe8\x0f'\xf2\xfdq\x17\x00\xef\xeaJJ\x9a\xf4#\
\x07\x01\x00@\xf1\x98\xfc\x0a_\xbe<1\xde\xef\x8f\xbb\
\x00d\x92\x99\x8b%\xcd\x98T*\x00\x00Pl3\x87\
\x1e\xbf\xef\xc2\xf1~y\xfc+\x00\xb1\xbdtry\x00\
\x00@)D\x91\x8d\xfbv\xc0q\x17\x00\x93\xae\x9c\x5c\
\x1c\x00\x00P\x0a\xee\x1a\xf7/\xeb\xe3\xba\x0dpww\
\xfb\xd9\x09E['\x1f\x09\x00\x00\x94B.N\x9c5\
#\xbda\xdb\xb1\xbe7\xae\x15\x80\x84G\x13~\xc2\x10\
\x00\x00(\xbdd\x227\xae\x0d\xfb\xe3*\x00fZ2\
\xb58\x00\x00\xa04l\x5cs\xf61\x0b\x80\xb7\xb7\xd7\
\xb9t\xe9\xd4\x03\x01\x00\x80\xa2s-\x1a\xcf\xed\x80\xc7\
,\x00\x99\xe9\xd1\x02I\xad\x05\x09\x05\x00\x00\x8a\xadm\
p\xfb\x03\x1d\xc7\xfa\xd2x.\x01\xb0\xfc\x0f\x00@\x05\
\x89,>\xe6\xdc}\xcc\x02`\xe3\xbc\x96\x00\x00\x00\xca\
\xc48\xf6\xee\x1d\xf56\xc0\x1d\xcb\xe6\xb7\xd6\x8f\xc4;\
%\x8d\xfb\xd1\x82\x00\x00 \xb8\xb1lrd\xc6\xd1\xde\
\x0ex\xd4\x15\x80i\xfb\xf2\x17\x8b\xc9\x1f\x00\x80JS\
\x97\x8a\x1b\x16\x1c\xed\x0bG-\x00n\xc6\xee\x7f\x00\x00\
*\x90\xfb\xd1\xef\xe0;z\x01\xe0\xf6?\x00\x00*\xd3\
1\x0a\xc0\x11\xf7\x00\xf8\x95\xedM\x99l\xb4KR}\
\xc1C\x01\x00\x80b\x1bI\xc5\xcdm\x96N\xef;\xdc\
\x0f\x8f\xb8\x02\x90\xdd\x1b\xbdHL\xfe\x00\x00T\xaa\x86\
L\x94\xed<\xd2\x0f\x8fX\x00<\xf6\x8b\x8a\x93\x07\x00\
\x00\x94\x86]r\xa4\x9f\x1cy\x0f\x80\xd9Qw\x0f\x02\
\x00\x80\xf2f\xf2\xf9G\xfa\xd9a\x0b\x80K&\xd71\
\x1f#\x08\x00\x00\xca\x97K\x0b\xfc\x08\xfb\xfd\x0e[\x00\
\x86\xba\xda\x9f+ifQS\x01\x00\x80b;nO\
w\xfb\xb3\x0e\xf7\x83\xc3\x16\x80(\x918\xe2\x92\x01\x00\
\x00\xa8\x1cI\x8b.<\xdc\xe7\x87\xbf\x04\xe0G\xbef\
\x00\x00\x00*\x87\xbb\x8d\xbf\x00H:\xe2m\x03\x00\x00\
\xa0r\xf8\x116\x02\x1eR\x00|\xf9\xdczI\xcf/\
z\x22\x00\x00Pt&\x9d\xeb\xed\xedu\x07\x7f~H\
\x01\x18\xde\xd58WRCIR\x01\x00\x80bk\xc8\
\xce\xd0\xf3\x0e\xfe\xf0\x90\x02\x90\xcf\xeb\xfc\xd2\xe4\x01\x00\
\x00%\x91O\x1c2\xb7\x1fR\x00\xcc\x22\x0a\x00\x00\x00\
U\xc4\xcd\x8f]\x00$\xbf\xa0\x14a\x00\x00@\xc9\x1c\
\xbd\x00\xf8\x0aE\x92\x9d[\xba<\x00\x00\xa0\x04^x\
\xf0\x13\x01\x9fQ\x00\xf6\xac\xed8S\xf2TI#\x01\
\x00\x80bk\xdb\xdb5\xff\xd4\x03?xF\x01\x88b\
\xcd-m\x1e\x00\x00P\x0a\xb1\xf93\xe6\xf8\x83\xf6\x00\
\xd89\xa5\x0c\x03\x00\x00J$\xd2Q\x0a\x80\xc5\x14\x00\
\x00\x00\xaaQ\xfc\xcc9\x9e\x15\x00\x00\x00j\x80Gv\
\xf8\x15\x00\x97\xcc\xdc\x0eyR\x10\x00\x00\xa8\x02\xaes\
\x0e\xbc\x13\xe0\xa9\x02\xb0wi\xc7i\xdc\x01\x00\x00@\
\xd5j\x1d^r\xfe\xc9\xfb\xff\xe1\xa9\x02\x90\xcf\xd9\xb3\
\xc3\xe4\x01\x00\x00\xa5\x10\xe7\x93s\xf6\xff\xfd\xd3{\x00\
\xdc\xe7\x1c\xf6\xdb\x00\x00\xa0*\xf8\x01s\xfdS\x05\xc0\
\xe4g\x87\x89\x03\x00\x00J\xc1\x14=5\xd7?\xbd\x09\
\xd0\x8c\x15\x00\x00\x00\xaa\x99\x1df\x05@\xe2\x12\x00\x00\
\x00U\xee\xd0\x15\x00)zV\x88$\x00\x00\xa0d\x9e\
\xb9\x020\xb8\xa8s\x16\xb7\x00\x02\x00P\xf5\xa6\xefX\
6\xbfUz\xb2\x00Dy?=l\x1e\x00\x00P\x0a\
\xf5{\xf3gHO\x16\x808\x12\x05\x00\x00\x80\x1a\x10\
=9\xe7G\x92dN\x01\x00\x00\xa0\x16\xc4\xa6\xa7W\
\x00\xcc(\x00\x00\x00\xd4\x04?`\x05 \x96N\x0b\x9b\
\x06\x00\x00\x94\x82\xdb\x81\x97\x00\xa4S\xc2\xc6\x01\x00\x00\
\xa5`n'KO?\x07\xe0\xc4\x80Y\x00\x00@\xc9\
\xf8\x89\x12\x05\x00\x00\x80\x1ac'J\x92yWW2\
\x13eG\xf4\x8c\xa7\x02\x02\x00\x80*\x95O\xcd:\xb3\
!\x1a\xae\xdbs\x82\x98\xfc\x01\x00\xa8\x15\x89\xcc#[\
gF\xf2\x04\xcb\xff\x00\x00\xd4\x92D\xe2\xc4\xc8]\xc7\
\x85\xce\x01\x00\x00J(\x918>r\xd9\xcc\xd09\x00\
\x00@\x09\xc5\xf1\x8cH\xf2\xb6\xd09\x00\x00@\xe9x\
d3\x22\xf7\x88\x02\x00\x00@\x0d\x89\xe4m\xc9\xc8|\
\xba{\xe8((w\xd1\x9c\xe7(\xd9y\x91\x12\xcf?\
Wv\xc6\x99\xb2\xe9m\xb2\xa6\xe6\xd0\xb1\x80\x9a\xe7\xc3\
Y\xf9\x9e\xdd\x8a\xef\xdf\xa6x\xcb\x9d\xcam\xfa\x89\xe2\
\xadw\x87\x8e\x852\xe7\xae6\x1b\xea\x9e\xf7\x05\xc9\xfe\
$t\x18\x94\xa7\xe4\xc5]\xaa\xbf\xfa\xad\x8a\xce~v\
\xe8(\x00\xc6)\xbeo\xabF\xaf\xfb\xaar\xb7\xaf\x91\
\xf8\x0d\x0f\x87e\x9fKJ\x9a\x1e:\x06\xcaO\xe2y\
sU\xff\xa7\xefRb\xee\xb9\xa1\xa3\x00\x98\xa0\xe8\xac\
9\x9a\xf6\xa1\x7fP\xfeW\xbf\xd4\xe8\xbf}Z\xf9\xbb\
~\x11:\x12\xca\x8d\xfb\x8c\xc8d\xa9\xd09P^\x92\
\x8b.W\xe3\xa7\xbf\xc4\xe4\x0fT\xb8\xc4\x1f<_\x8d\
\xff\xf2e\xd5\xbd\xfc\x8fCGA\xb91oN\xba\xd4\
\x14:\x07\xca\x84\x99\x1a\xde\xfe\xe7\xaa[\xfe\xba\xd0I\
\x00\x14J\x22\xa1\x86w\xbeG\xd1\xa9\xa7k\xe4s\x9f\
\xe2\x92\x00\xf6k\x8a$5\x86N\x81\xf2P\xff\x9a7\
2\xf9\x03U\xaa\xee\xaaW\xa9\xfe\xf5o\x09\x1d\x03e\
\xc3\x1a#\x19+\x00\x90\x12\x9d/R\xfd\x9b\xd9\x0b\x0a\
T\xb3\xfa7\xbeM\xc9\xae%\xa1c\xa0<4Er\
V\x00j\x9d\xb5\xb4j\xda\xfb?*E\xbc\x13\x0a\xa8\
jfjx\xcf\xfbe\xb3x\x02<\xd4\x18\xc9Y\x01\
\xa8u\xf5\xaf}\x93\xac\xa5%t\x0c\x00%`M\xcd\
\xaa\xbf\xe6OC\xc7@`&5E2M\x0b\x1d\x04\
\xe1\xd8\x09'\xa9\xee\xaaW\x85\x8e\x01\xa0\x84\xea\x16/\
St\xd2)\xa1c  \x97\x1a#I\xc9\xd0A\x10\
N\xddK\xfeH\xaa\xaf\x0f\x1d\x03@)%\x12J^\
~e\xe8\x14\x08+I\x01\xa8q\xc9\xae\xc5\xa1#\x00\
\x08\x80\x7f\xf7k^\x22\x92\x94\x08\x9d\x02a\xd8q\xc7\
+:}v\xe8\x18\x00\x02\x88N\x9f-\x9bu|\xe8\
\x18\x08\xc6\x92\x14\x80\x1a\x16\x9d\xfd\x9c\xd0\x11\x00\x04\x14\
=kN\xe8\x08\x08\xc6Y\x01\xa8e\xd1\xc9\xa7\x86\x8e\
\x00 \xa0\xe8\x14\xfe\x1bP\xc3X\x01\xa8e\xbc\xce\x17\
\xa8m\xd6\xcc\xab`jX\x82'\xbf\x00\x00P\x83\x22\
I\xf9\xd0!\x10\x86g3\xa1#\x00\x08\xc83C\xa1\
# \x9c<\x05\xa0\x86\xc5\x8f\xfc>t\x04\x00\x01\xc5\
\x0f\xff.t\x04\x84\x93\xa3\x00\xd4\xb0x\xeboBG\
\x00\x10\x8a\xbb\xe2{~\x1b:\x05\x821V\x00j\x99\
\xef\xd8\xae\xf8\x81m\xa1c\x00\x08 \xbe\xff>\xf9\xce\
\x1d\xa1c \x18\xcfE\x92r\xa1c \x9c\x5c\xfa\xd6\
\xd0\x11\x00\x04\x90K\xf7\x84\x8e\x80\xb0\xf2\x14\x80\x1a7\
v\xd3\xffJ\xa3\xa3\xa1c\x00(\xa5\xdc\x98\xc6n\xbe\
!t\x0a\x84\x95\x8b\xe4\xda\x17:\x05\xc2\xf1\xed\x8fj\
\xf4\x7f\xfe3t\x0c\x00%4v\xf3\x0d\xf2\xed\x8f\x86\
\x8e\x81\x80L\xda\x1b\xc94\x1c:\x08\xc2\x1a\xfb\xee7\
\xe5C\x83\xa1c\x00(\x01\x1f\x1a\xd4\xe8\xd7\xbf\x18:\
\x06\x02si8\x92io\xe8 \x08\xcb\x87\x86\xb4\xef\
\xe3\x1f\x94\xe28t\x14\x00\xc5\xe4\xb1F\xfea\x85|\
\xcf\xee\xd0I\x10\xde\xdeH\xce\x0a\x00\xa4|\xffz\x8d\
~\xed\xdfB\xc7\x00PD#_\xfa\xacr\x1b\xd6\x86\
\x8e\x81\xf20\x1cI\xac\x00\xe0\x09\xa3\xd7_\xa7\xd1\xff\
\xfcV\xe8\x18\x00\x8a`\xf4\xfa\xeb4\xb6\xf2;\xa1c\
\xa0l\xf8\xde\xa4I\xc3\x1e:\x07\xca\xc6\xe8\x97?\xab\
x\xeb\xdd\x9a\xf6W\x1f\x94\x1a\x1aB\xc7\x010Uc\
\xa3\x1a\xf9\xf4?h\xec\x96\x1bC'Ay\x19\x8e\x5c\
\xce\x03\xe1\xf1\x0c\xb9\xbe\xd5\x1a~\xd7\xdbxR P\
\xe1\xe2\xdf\xfcZ\xc3\x7f~-\x93?\x0e\xe5\x96M\xca\
l\x97X\x02\xc0A\xe2\xbb\x7f\xa5\xe1w\x5c\xad\xe4\xc2\
\xa5\xaa\x7f\xd5\xeb\x15\xcdyN\xe8H\x00\xc6)\xfe\xed\
\xaf5\xfa\xbdo+\xb7\xa6Gr6\xf7\xe20\xccw\
&\x15\xdbn\x19\x0d\x00\x87\x11\xc7\xca\xf5\xde\xac\x5c\xef\
\xcd\x8a\x9e5G\xc9\xf9\x17)z\xfe\x0b\x15\x9d>[\
\xd66\x83w\x89\x03e\xc0\xb3\x19\xf9\xee]\x8a\x1f\xd8\
\xa6\xf8\x97?Wn\xe3:\xc5\xf7\xdd\x13:\x16\xca\x9d\
\xd9\xee\xa4G\xda\xc3\xfc\x8fc\x89\xef\xdd\xaa\xd1{\xb7\
\x86\x8e\x01\x00(\x00\x93\xed\x8e,vn\x08\x05\x00\xa0\
\x86\xc4\xee\xbb\x22I\x14\x00\x00\x00j\x8a\xed\x8e,\xf2\
]\xa1c\x00\x00\x80\xd21\xb3\xdd\x91\xe2\xe8\xb1\xd0A\
\x00\x00@\x09\xc5\xf1c\x91\xdcy%\x14\x00\x005\xc4\
=~4j>\xfe\xcc\xed\x92\xb8Q\x14\x00\x80\xda\x90\
k\xe9\x1a\xd8\x19\xd9\xca\x95yI;B\xa7\x01\x00\x00\
%`\xdan+\x14GO\xfe#\x97\x01\x00\x00\xa8\x05\
\xae\xc7$\x89\x02\x00\x00@Myb\xef_$I.\
=\x1c6\x0c\x00\x00(\x05w{Xz\xb2\x00D\xa6\
\x07\xc3\xc6\x01\x00\x00\xa5`\x91\x1e\x90\xf6\xaf\x008\x05\
\x00\x00\x80Z\xb0\x7f\xce\x7f\xa2\x00\x98Q\x00\x00\x00\xa8\
\x01\xfbW\xfd\x9f\xb8\x04\x10\xb3\x02\x00\x00@-pE\
O_\x02\xc8\x8d\xd5?\x106\x0e\x00\x00(\x85\xd1z\
=$I\xb6\xff\x83\xa1\xee\xce!\xc9S\xe1\x22\x01\x00\
\x80\x22\xdb\xdd\xd2\xd7?Cz\xfa9\x00\x92\xe2{C\
\xa5\x01\x00\x00%q\xcf\xfe\xbfy\xba\x00\x98\xfd6H\
\x14\x00\x00P\x1a\xae\xad\xfb\xff\xf6\xa9\x02`\x07|\x08\
\x00\x00\xaa\x90\xf9\xa1\x05 >`Y\x00\x00\x00T\x1f\
\x97\x1dz\x09\xc0,b\x05\x00\x00\x80jfv\xe8\x0a\
@\x22/\xf6\x00\x00\x00P\xc5\x12\xd1\xd8S+\x00O\
\xdd\x06\xe8\x92e\xba;\xf6Hj\x09\x92\x0a\x00\x00\x14\
\xd3`\xaa\xaf\xbf\xcd$\x97\x0e\xbc\x04 \xb9K\xbf\x0e\
\x97\x0b\x00\x00\x14\xd1\x96\xfd\x93\xbf\xf4\x8c\xe7\x00Hr\
\xddU\xf28\x00\x00\xa0\x14\xb6\x1c\xf8\x0f\xcf,\x00\x91\
Q\x00\x00\x00\xa8B\xe6\xfe\x8c9>:\xe8\xe7\x14\x00\
\x00\x00\xaa\x91%\x8e\xbc\x02\x10'\x9e\xb9<\x00\x00\x00\
\xaaC\x14\xeb\xc8+\x00\xd3_\xb4\xe9~IC%M\
\x04\x00\x00\x8amWcz\xe3\xef\x0e\xfc\xe0\x19\x05\xc0\
V(\x96\xdb\xcfK\x9b\x09\x00\x00\x14\x97\xff\xec\xc0;\
\x00\xa4C\xf7\x00H\x16\xdfQ\xb2<\x00\x00\xa0\xe8\xdc\
u\xc8\xdc~H\x01p\x19\x05\x00\x00\x80*\x12E\x87\
\xce\xed\x87\x14\x80\xc8\xed\xa7\xa5\x89\x03\x00\x00J\xc1\xe3\
q\xac\x004\x0f\xe6\xef\x92\xb4\xaf$\x89\x00\x00@\xb1\
\xedKy\xf3\xdd\x07\x7fxH\x01\xb0\x81\x8117\xfd\
\xb24E\xdd>\xe1\x00\x00\x17-IDAT\x99\x00\
\x00@1\x99t\xa7\xa5\xd3\xb9\x83??t\x13\xa0$\
\x8b\xb5\xb1\xf8\x91\x00\x00@\xb1\xb9i\xc3\xe1>?|\
\x010\xa7\x00\x00\x00P\x05\xcc}\xfc\x05 \xb6\x88\x02\
\x00\x00@\x15\xc8%\xa3\xc3\x16\x00;\xdc\x87.Y\xa6\
\xbb\xe31I\xc7\x155\x15\x00\x00(\xa6\xc7Z\xfa\xfa\
O<\xdc\x0f\x0e\x7f\x09@r\x97\xfa\x8b\x9b\x09\x00\x00\
\x14\x95\xd9\xfa#\xfd\xe8\xb0\x05\xe0\x89c\x0e\xbfi\x00\
\x00\x00T\x06\x8f\x8f\xbc\xa7\xef\x88\x05@nk\x8b\x92\
\x06\x00\x00\x94F\x22\xbe\xfdH?:b\x01H\xedM\
\xac\x974Z\x94@\x00\x00\xa0\xd8\xf6\xb5\xe4Z6\x1f\
\xe9\x87G\xbe\x04\xb0~\xfd^IG<\x10\x00\x00\x94\
1\xd7\x06K\xa7\x8f\xf8d\xdf#_\x02\x90d\xa6\x1f\
\x17>\x11\x00\x00(:\xb3\xa3\xce\xe1G-\x00\x92n\
+`\x14\x00\x00P:G\x9d\xc3\x8fZ\x00\xf6\xee\xab\
_'\xe9\x90\xe7\x07\x03\x00\x80\xb26\x9aj\xce\x1f\xf5\
n\xbe\xa3\x16\x80\xe3\xd7\xad\x1b\x92\xb1\x0f\x00\x00\x80\x0a\
\xb3\xden\x18\x18>\xda\x17\x8eu\x09@\x8a\xb5\xba`\
q\x00\x00@\x09\xd8\xad\xc7\xfa\xc61\x0b\x80'\xe2c\
\x0e\x02\x00\x00\xcaG\xacc\xcf\xdd\xc7,\x00-\xb9\x96\
\x0d\x92\x06\x0b\x92\x08\x00\x00\x14\xdb\xae\xd6Yg\x0d\x1c\
\xebK\xc7,\x00\x96N\xe7$\xa5\x0b\x91\x08\x00\x00\x14\
\x9b\xf5\xda\xca\x95\xf9c}\xeb\xd8{\x00$I\xcee\
\x00\x00\x00*\x81\x8fo\xce\x1eW\x01\xc8Gv\xd3\xd4\
\xd2\x00\x00\x80RHZ\xee\x96\xf1|o\x5c\x05\xa0\xad\
\xa7\xff^\xc9\x7f5\xb5H\x00\x00\xa0\xc8~\xde\xd8w\
\xc7\xfd\xe3\xf9\xe28/\x01Hf\xd1\x8d\x93\xcf\x03\x00\
\x00\x8a\xcf\xc7=W\x8f\xbb\x00\xb8\x8f\x7fP\x00\x00P\
zn\xd1\x8f\xc6\xfb\xddq\x17\x80\xd4\xac3\xd7I\xda\
1\xa9D\x00\x00\xa0\xd8\xb6\xb7\xcc\x9c\xbdi\xbc_\x1e\
\xff%\x80\x95+\xf3r\xdd<\xb9L\x00\x00\xa0\x98\xdc\
u\xd3xn\xff\xdbo\xdc\x05@\x92d\xf6\xc3\x09'\
\x02\x00\x00Eg\xd2\xffN\xe4\xfb\x13*\x00\xa9\xe6\xfc\
\x8f$\x1d\xf5\xe5\x02\x00\x00\xa0\xe4\x86\xb3u#\xe3\xba\
\xfdo\xbf\x09\x15\x80'\xde,\xe4\xbc\x1c\x08\x00\x80\xf2\
\xf2\xa3\x93V\xdf\x99\x9d\xc8\x01\x13\xbb\x04 \xc9\xcc\xfe\
{\xa2\xc7\x00\x00\x80\x222Mxn\x9ep\x01\xd8\xbb\
\xaf\xfe\x87\x92\xf6M\xf48\x00\x00P\x14\xfbF\xeb\xa3\
U\x13=h\xc2\x05\xe0\xf8u\xeb\x86\x5c\xd67\xd1\xe3\
\x00\x00@\x11\x98\xdd2k\xd5\xc6\x09\xbf\xb5w\xc2\x05\
@\x92\x22\xd3\xf7&s\x1c\x00\x00(,\x8b'7'\
O\xaa\x00\xec\xddW\xf7}I{'s,\x00\x00(\
\x98\xe1a\xcfN\xe8\xf6\xbf\xfd&U\x00\x8e_\xb7n\
H\x12\x8f\x06\x06\x00 \xac\x1f\x9c\x90\xde\x92\x99\xcc\x81\
\x93*\x00\x92\xe4f\xff1\xd9c\x01\x00\xc0\xd4\xc5>\
\xf9\xb9x\xd2\x05\xa0ef\xf6&I;'{<\x00\
\x00\x98\x92\x9d\xad\xc7eo\x9d\xec\xc1\x93.\x00\xb6r\
\xcb\xa8\xa4\xefO\xf6x\x00\x000\x15\xfe\xbd'\xe7\xe2\
I\x99t\x01\x90$7\xbbn*\xc7\x03\x00\x80\xc9\x89\
\xe3\xc4\xbfO\xe5x\x9bj\x80\xa1\xee\x8e_Iz\xde\
T\xc7\x01\x00\x00\xe3vw\xaa\xaf\xff\x0fL\xf2\xc9\x0e\
0\xa5\x15\x00Ir\xf3oMu\x0c\x00\x000~\xee\
\xfe\xb5\xa9L\xfeR\x01\x0a@\xd2\xeb\xfe]\xd2\xb8\xdf\
?\x0c\x00\x00\xa6$\x97\xc8\xf9\xb7\xa7:\xc8\x94\x0b@\
S\xdf\xfa\xdf\xb9k\xd2\xbb\x10\x01\x00\xc0\xf8\x99\xb4\xaa\
\xf9\xf6\x81\x87\xa7:\xce\x94\x0b\x80$\x99\xd9\xd7\x0b1\
\x0e\x00\x008\xbaX\xf6\x8dB\x8cS\x90\x02\x90\x9a\x95\
\xfd\xa1\xa4G\x0b1\x16\x00\x008\x02\xd3\xc3-{\xf2\
\x05y\x12oaV\x00Vn\x195\x13\xab\x00\x00\x00\
\x14S\xac\xaf\xd8\xc0\xc0X!\x86*H\x01\x90\xa4\x84\
\xc5_\x14\x9b\x01\x01\x00(\x96|\xd2r\x05\xfbe\xbb\
`\x05\xa0\xb1g\xe0\x013\xbf\xb9P\xe3\x01\x00\x80\x03\
\x98\xdd\xd8\xd8w\xc7\xfd\x85\x1a\xae`\x05@\x92bE\
_,\xe4x\x00\x00\xe0\x09&/\xe8\x1c[\xd0\x02\xd0\
2s\xf6*s\xddW\xc81\x01\x00\x80\xeem\xbe\xa4\
\x7fu!\x07,h\x01\xb0\x95+\xf3\x8a\xf4\xaf\x85\x1c\
\x13\x00\x80Zg\xa6\xcf\xd8\x0a\xc5\x85\x1c\xb3\xa0\x05@\
\x922\x89\x91\xafJ\xdaQ\xe8q\x01\x00\xa8QC\xa3\
\x16\x7f\xb3\xd0\x83\x16\xbc\x00\x9c\xb4\xfa\xce\xacI_)\
\xf4\xb8\x00\x00\xd4\x22\x97}uf\xcf\xc0\x9eB\x8f[\
\xf0\x02 I\xb2\xe8_$\xed+\xca\xd8\x00\x00\xd4\x8e\
|\x1c\xf9\xe7\x8a1pQ\x0a@\xaaw\xe3\xa3&]\
_\x8c\xb1\x01\x00\xa8!?l\xeb\xe9\xbf\xb7\x18\x03\x17\
g\x05@\x92\xa2\xf8\x9f5\xc5W\x15\x02\x00P\xcb<\
\x8a?]\xac\xb1\x8bV\x00R=\x03\xbfp\xd7-\xc5\
\x1a\x1f\x00\x80\xaa\xe6\xb6\xb6\xb5g`m\xb1\x86/\xde\
\x0a\x80\xa4(\xa1O\x15s|\x00\x00\xaa\x95G\xfa\xc7\
b\x8e_\xd4\x02\x90\xea\xe9\xef\x91tG1\xcf\x01\x00\
@\xf5\xf1_\xb5\x5c\xb2\xe9\xa6b\x9e\xa1\xa8\x05@\x92\
L^\xb4\xeb\x17\x00\x00T#\x93\xfe\xbe\xd0\x0f\xfe9\
X\xd1\x0b@\xf3\x1e\xbf^\xd2C\xc5>\x0f\x00\x00\xd5\
\xc0e\xf7?9w\x16U\xf1W\x00\x06\x06\xc6\xe4\xfa\
\xa7b\x9f\x07\x00\x80j`\xf2\x7f\xb4\x81\x81\xb1b\x9f\
\xa7\xe8\x05@\x92R\xde\xfceI\xbf+\xc5\xb9\x00\x00\
\xa8X\xae\x07S\x0d\xbb\xbe^\x8aS\x95\xa4\x00X:\
\xbd\xcf\xe4\x9f,\xc5\xb9\x00\x00\xa8`\xff`\xab\xb6\x8e\
\x94\xe2D%)\x00\x92\xd4\x1c\xa7\xbe(\xe9\xf7\xa5:\
\x1f\x00\x00\x15\xc5\xf4pj_\xf2\x1b\xa5:]\xc9\x0a\
\x80\xa5\xd3\xfb\xcc\x8c\xe7\x02\x00\x00pX\xfeq[\xbf\
~o\xa9\xceV\xb2\x02 I\xcdM\xf9/\xca\xf4p\
)\xcf\x09\x00@\x05x(\x95O}\xad\x94',i\
\x01\xb0\x1b\x06\x86\x15\xebc\xa5<'\x00\x00\xe5\xcee\
\x1f\xb6t\xba\xa4o\xd1-i\x01\x90\xa4\xd4`\xfc\x15\
I\xf7\x94\xfa\xbc\x00\x00\x94\xa9\xdf\xb6\xc4M\xdf,\xf5\
IK^\x00l``\xccL+J}^\x00\x00\xca\
\x92\xebo,\x9d\xce\x95\xfa\xb4%/\x00\x92\xd4|I\
\xff\x7f\xc8\xf4\xb3\x10\xe7\x06\x00\xa0|\xf8\x9d\xa9\xcb\xfa\
\xff+\xc4\x99\x83\x14\x00[\xa1\xd8c\xffP\x88s\x03\
\x00P.\x22\xe9}\xc5~\xe6\xff\x91X\x88\x93\xee7\
\xd4\xdd\xb1Z\xd2\x92\x90\x19\x00\x00\x08\xa4\xaf\xa5\xaf\x7f\
Q\xa8\x93\x07Y\x01x\x8a\xeb]\x92J~\xdd\x03\x00\
\x80\xc0\xf2\x16\xc5\x7f\x192@\xd0\x02\xd0\xb2\xa6\x7f\x8b\
\xdcJz\xdf#\x00\x00\xe1\xd9\x17R=\x03\xbf\x08\x99\
 \xec\x0a\x80$\xe5\xc6>(iw\xe8\x18\x00\x00\x94\
\xc8.\x8f\xf3\x1f\x0e\x1d\x22x\x01h\xb9\xfd\x8e\xedf\
\xf6\xd1\xd09\x00\x00(\x0d\xfbPkz\xe0\xf1\xd0)\
\x82\x17\x00Ij\xde\x9d\xff\xac\xa4\xbbC\xe7\x00\x00\xa0\
\xb8\xfcW\xa9=\xf9/\x86N!\x95I\x01\xb0\x81\x81\
\xb1\xd8\xed=\xa1s\x00\x00PLf\xf6n\x1b\x18\x18\
\x0b\x9dC*\x93\x02 I\xd3\xd7l\xfa\x91\xbbn\x0e\
\x9d\x03\x00\x80b0\xe9\x86To\x7f\xd9\xccseS\
\x00$\xc9\x12\x89wK*\x8bf\x04\x00@\x01\x8d\xc6\
f\x7f\x15:\xc4\x81\xca\xaa\x00\xb4\xf4l\xf8\x95L_\
\x08\x9d\x03\x00\x80Br\xe93\xad\xbd\x9b~\x13:\xc7\
\x81\xca\xaa\x00HR\x9cL~XR\xf0\xdd\x91\x00\x00\
\x14\xc8\xa3\xb9(\xfeX\xe8\x10\x07+\xbb\x020\xfd\x96\
\xf5;M\xfe\xee\xd09\x00\x00(\x08\xd3_\xcc\xec\x19\
\xd8\x13:\xc6\xc1\x82\xbe\x0b\xe0h2\xdd\x1d7\xb8\xf4\
\xd2\xd09\x00\x00\x98,\x97\xdd\xd4\xda\xb7\xe9\x8a\xd09\
\x0e\xa7\xecV\x00\xf6K(\xf7g\x92eB\xe7\x00\x00\
`\x92\x86\x92I\xff\x93\xd0!\x8e\xa4l\x0b@c\xdf\
\x1d\xf7\x9b\xe2\x0f\x86\xce\x01\x00\xc0\xa4\x98\xff\xbf\xa6\xd5\
\xfd\x0f\x86\x8eq$e[\x00$\xa9\xf9\xd2\xcd\x9f\x91\
\xf4\x93\xd09\x00\x00\x98\x10\xd3\x86\xd4%\x9b\xcb\xfa\xae\
\xb6\xb2\xdd\x03\xb0_fq\xfb\x0b<\x8e6K\xaa\x0f\
\x9d\x05\x00\x80q\x18\x95E\xe7\xb7\xf4n\xbc+t\x90\
\xa3)\xeb\x15\x00Iz\xf2u\x89\x9f\x08\x9d\x03\x00\x80\
q1}\xbc\xdc'\x7f\xa9\x02\x0a\x80$\xa5\x1av}\
LR\xd9\xffa\x02\x00j\xde\xafS\xf5\xbb\xfe1t\
\x88\xf1\xa8\x88\x02`\xab\xb6\x8e\xc4qt\x8d\xa48t\
\x16\x00\x00\x8e v\xf7km\xd5\xd6\x91\xd0A\xc6\xa3\
\x22\x0a\x80$MOo\xdc \xe9K\xa1s\x00\x00p\
X\xa6\xcf\xb5\xae\xd9\xbc.t\x8c\xf1\xaa\x98\x02 I\
\xfbF\xea\xdf+\xe9\x9e\xd09\x00\x008\xc8o\xb2\x89\
\x91\xf7\x87\x0e1\x11e\x7f\x17\xc0\xc1\xb2]\x9d\xf3\xe2\
\xc8\x7f\x22\xa9.t\x16\x00\x00$\xe5b\x8f/\x9e\xbe\
f`c\xe8 \x13QQ+\x00\x92\xd4\x9c\xde\xb4Y\
\xa6\xb2{\xa9\x02\x00\xa06\xb9\xf4\xc1J\x9b\xfc\xa5\x0a\
,\x00\x92\x94\xba\xa4\xffc\x92~\x1c:\x07\x00\xa0\xe6\
\xdd\xde2\xeb\xcc\x7f\x0a\x1db2*\xee\x12\xc0~\xc3\
K;N\xcf\xe7\xf4sI3Bg\x01\x00\xd4\xa4\xdd\
I\xe5\xcek\xec\xbb\xe3\xfe\xd0A&\xa3\x22W\x00$\
\xe9\x89\xe7+\xdb\xdbC\xe7\x00\x00\xd4(\xf3wT\xea\
\xe4/Up\x01\x90\xa4\x96\xbeM+\xe5\xfaN\xe8\x1c\
\x00\x80\xdab\xd27Zz7_\x1f:\xc7TTt\
\x01\x90\xa4\xb1D\xfcN\x93\xb6\x85\xce\x01\x00\xa8\x19\xf7\
\x8e4D\x7f\x19:\xc4TU|\x01\x98\xd93\xb0'\
v\x7f\xbd\xa4|\xe8,\x00\x80\xaa\x97\x8b\xe3\xe8u\xb3\
Vm\x1c\x0c\x1dd\xaa*\xbe\x00HR\xeb\x9a\xcd\xeb\
d\xfa\xbb\xd09\x00\x00U\xef\xc3O>\x99\xb6\xe2U\
E\x01\x90\xa4T\xbe\xf9#r\xa5C\xe7\x00\x00T)\
WOj\xd6\x99\x7f\x1f:F\xa1T\xecm\x80\x873\
\xb4\xf4E'(76 \xe9\xb4\xd0Y\x00\x00U\xe5\
\x01\x8d\xe5\xe6\xb5\xdc~\xc7\xf6\xd0A\x0a\xa5jV\x00\
$\xa9e\xf5O\x1e\x8b=~\xa5\xa4\x8ax\x13\x13\x00\
\xa0\x22\xec\x8bb{E5M\xfeR\x95\x15\x00Iz\
\xe2q\x8cV\xf1\xbb3\x01\x00\xe5\xc1\xcd\xfe\xac9\xbd\
is\xe8\x1c\x85VU\x97\x00\x0e\x94Y\xd4\xf95w\
\x7fK\xe8\x1c\x00\x80\x0a\xe6\xf6\xa5\x965\x9b\xfe$t\
\x8cb\xa8\xba\x15\x80\xfd\x9a\xf3M\xeftS\xd556\
\x00@i\x98\xb4)5m\xe7_\x84\xceQ,U[\
\x00,\x9d\xdeWg\xf1+$=\x1e:\x0b\x00\xa0\xe2\
\xec\x18\x8b\x13\x7fl\xab\xb6V\xed\x9e\xb2\xaa-\x00\x92\
\xd4\xd83\xf0\x80\xb9^-\x1e\x12\x04\x00\x18\xbf\xbc)\
z\xed\x8c\xf4\x86m\xa1\x83\x14SU\x17\x00IJ\xad\
\xe9\xefu\xf3\xbf\x0d\x9d\x03\x00P\x19Lz_\xaao\
\xe3\xea\xd09\x8a\xadj7\x01\x1e\xc8%\xcbt\xcf\xfb\
\xbedW\x85\xce\x02\x00(k+S}\xfd\x7fl\x92\
\x87\x0eRlU\xbf\x02 I&y\xaa\xd9_g\xb2\
\x8d\xa1\xb3\x00\x00\xca\x93\x9b6g\x93#o\xae\x85\xc9\
_\xaa\x91\x15\x80\xfd\xb2\x97\xb4\x9f\x9c\xafK\xac7\xf9\
\xec\xd0Y\x00\x00\xe5\xc3\xa4m\xb2\xe8\xc2T\xef\xc6G\
Cg)\x95\x9aX\x01\xd8\xaf\xf9\xf6\x81\x87\xcd\xec%\
\x92v\x87\xce\x02\x00(\x1b{<\xf6+ki\xf2\x97\
j\xac\x00HRK\xef\xc6\xbb\x14\xf9\xcb$\x8d\x86\xce\
\x02\x00\x08n\xcc\x5c\xafhIo\xfee\xe8 \xa5V\
s\x05@\x92Zz6\xa7]\xaa\xca';\x01\x00\xc6\
\xcd\xcd\xed\xda\xd4\x9a\xfe\xde\xd0AB\xa8\xc9\x02 I\
\xad}\xfd\xdf\x90\xf4\xb1\xd09\x00\x00\x81\x98V\xa4\xd6\
l\xba.t\x8cPjj\x13\xe0\xc1\x5c\xb2\xa1\xee\xce\
\x7f7\xf9\x1bBg\x01\x00\x94\x92\x7f7\xd5\xb7\xf9u\
\xb5\xb2\xe3\xffpjv\x05@z\xe2\xf6\xc0\x96=\xf9\
k$\xd5\xe4\xf2\x0f\x00\xd4\xa8\x1f\xa7\x1av\xd7\xcc\xed\
~GR\xd3\x05@\x92l``l,\x8a_!\xa9\
\xe66\x80\x00@\x0d\xba+?\xda\xf0\xb2j~\xc6\xff\
x\xd5\xf4%\x80\x03\xed\xed>\x7fvN\xc9\xdb$\x9d\
\x11:\x0b\x00\xa0\xf0L\xda\x16%ui\xd3\xea\xfe\x07\
Cg)\x075\xbf\x02\xb0_c\xdf\x1d\xf7\xc7q~\
\x91L\x0f\x87\xce\x02\x00(\xb8Gc\xf7\xcb\x99\xfc\x9f\
F\x018\xc0\xf4\xf4O\xb7*\xefK%\xed\x08\x9d\x05\
\x00P0\x8f\xcb\xa2\xee\xd65\x9b\xef\x0e\x1d\xa4\x9cP\
\x00\x0e\xd2\x92\xde\xfcK\x8b\xb5X\xd2\xae\xd0Y\x00\x00\
S\xb6'\xf2\xe8\xf2\x96\xde\x8dw\x85\x0eRn(\x00\
\x87\x91J\xf7\xff\xcc\xcd\xae\x90,\x13:\x0b\x00`\xd2\
\x86\xdd\xec\xca\xe65\x1b\x07B\x07)G\x14\x80#h\
\xed\xdd\xb4\xde\xdc\xaf\x92\xb4/t\x16\x00\xc0\x84\x8d\x9a\
\xdb\xcb[{7\xdd\x1e:H\xb9\xa2\x00\x1cEjM\
\x7f\xaf\xb9]%\xa9\xe6o\x17\x01\x80\x0a2\xe6f\xaf\
H\xad\xd9tK\xe8 \xe5\x8c\x02p\x0c\xa95\x9bn\
\x91\xeb\xb5\x92r\xa1\xb3\x00\x00\x8e)/\xf3\xab[{\
7\xdd\x18:H\xb9\xa3\x00\x8cC\xcb\x9a\xfe\xef\xbb\xfb\
\xdbU\xe3O\x8d\x02\x802\x17\xbbtmK\xef\xe6\xeb\
C\x07\xa9\x04<\x08h\x022\x8b:^\xe7\xaeoJ\
J\x86\xce\x02\x00x\x86\xbc\xbb\xbf\xadu\xcd\xe6\xaf\x87\
\x0eR)(\x00\x134\xb4\xb0\xe3U2}[R]\
\xe8,\x00\x00I\xd2\x98d\xafk\xe9\xdb\xb42t\x90\
JB\x01\x98\x84=\x0b;\xaf\x88\xcc\xffK\xd2\xb4\xd0\
Y\x00\xa0\xc6\x8d\xb8\xd9\xab[{7\xfd t\x90J\
C\x01\x98\xa4\xa1\xc5\xf3\xba\x14\xdb\xffJj\x09\x9d\x05\
\x00j\x91IY\x99\xbf,\xd5\xbb\xf9\xd6\xd0Y*\x11\
\x05`\x0a\xb2\x8b::b\xd7\xcd\x92f\x86\xce\x02\x00\
5f\xb7KW\xb4\xf6\xf5\xff$t\x90JE\x01\x98\
\xa2lw\xfb\x05\xb1\xa2[$\x1d\x17:\x0b\x00\xd4\x88\
\x9d\xb1|\xd9\xf4\xbe\xcd\x9bB\x07\xa9d\xdc\x068E\
\xcd}\x03?U\x94\xb8T\xd2\xefCg\x01\x80\x1a\xf0\
\x88Eq\x17\x93\xff\xd4\xb1\x02P \xbb\x97v\x9e\x95\
\xc8y\x8f\xa4g\x85\xce\x02\x00\xd5\xc8e\xf7{\x9c[\
<=\xfd\xd3\xad\xa1\xb3T\x03\x0a@\x01\xed\xed>\x7f\
vN\xc9\x9b%=/t\x16\x00\xa82[\x12I-\
kZ\xdd\xff`\xe8 \xd5\x82K\x00\x05\xd4\xd8w\xc7\
\xfd\xf9\xd1\x86\x17\xc9\x95\x0e\x9d\x05\x00\xaaH_.\x1e\
\xbb\x98\xc9\xbf\xb0(\x00\x05\xd6\xb6v\xed\xae\xd4q\xc3\
/v\xd9\xb7Bg\x01\x80Jg\xd27S\xb3\x86\x97\
\xcdH\xfflw\xe8,\xd5\x86K\x00E\xe2\x92e\xba\
;?$\xf9\xdf\x8a?g\x00\x98(\x97\xec#\xa9\xbe\
M\x1f6\xde\xc3R\x14LLE\x96Y\xd4\xf9Fw\
\xff\xb2\xa4\xfa\xd0Y\x00\xa0B\x8c\x9a\xfc\xdaT\xdff\
VR\x8b\x88\x02P\x02C\xdd\x9d\xdd\x92\xff\xb7\xa4\xb6\
\xd0Y\x00\xa0\xcc\xedR\xe4/o\xe9\xd9\x9c\x0e\x1d\xa4\
\xdaQ\x00Jdha\xc7\x5c3\xdd\xe8\xd2\x99\xa1\xb3\
\x00@92\xd7}\x9eH\x5c\xd1\xd2\xb3\xe1W\xa1\xb3\
\xd4\x026\x01\x96H\xcb\x9a\xfe-\x8a\xb5\xc0M\x9bC\
g\x01\x80rc\xd2&E\xd1\x02&\xff\xd2\xa1\x00\x94\
P*\xdd\xff\xc8pb\xa4K\xd2\xf7Cg\x01\x802\
\xb2\xb2\xb99^\x98\xea\xdd\xf8h\xe8 \xb5\x84K\x00\
\x01\xb8d\xd9E\x1d\x7f\xee\xaeOJJ\x86\xce\x03\x00\
\x81\xe4]\xf6\x81\x96\xbeM\x9f`\xa7\x7f\xe9Q\x00\x02\
\x1aZ\xd8q\x99L\xff)\xe9\xc4\xd0Y\x00\xa0\xc4\x1e\
\xb7H\xafI\xf5\xf4\xf7\x84\x0eR\xab(\x00\x81\x0dw\
\xcd?-\x8e\xfc\xbf\x5c>?t\x16\x00(\x91\x9f\xe6\
\xe2\xc4+f\xa47l\x0b\x1d\xa4\x96\xb1\x07 \xb0\xa6\
\xf4\xc6\x87\x9a\x1bv^&\xe9+\xa1\xb3\x00@\xb1\xb9\
\xec[\xa9\xbd\xc9\x8b\x99\xfc\xc3c\x05\xa0\x8cd\x16v\
^\xed\xe6_\x94\xd4\x18:\x0b\x00\x14\xd8\x88K\xff\xa7\
\xb5\xaf\x9f_v\xca\x04\x05\xa0\xccd\xbb\xdb/pE\
\xff\xcd\xf3\x02\x00T\x91\x87b\x8f_9}\xcd\xc0\xc6\
\xd0A\xf04.\x01\x94\x99\xe6\xbe\x81\x9f\xc6q\xdc!\
\xe9\xd6\xd0Y\x00`\xca\x5ci\xb3h\x1e\x93\x7f\xf9\xa1\
\x00\x94\xa1\xd6\xf4\xc0\xe3\xa9\xb8\xf9%\x92}XR.\
t\x1e\x00\x98\x84\x9c\xa4\x0f\xa6\x8e;s1\xf7\xf7\x97\
'.\x01\x94\xb9=\xdd\xf3:#E\xdf\x91|N\xe8\
,\x000\x1e&m\x8b\xdd_\xdf\xbaf\xf3\xba\xd0Y\
pd\xac\x00\x94\xb9\xe9}\x9b7\xed\x1b\xa9\xbb@\xa6\
/\x87\xce\x02\x00\xc7\xe2\xb2o\xed\x1d\xa9?\x97\xc9\xbf\
\xfc\xb1\x02PA\x86\x16\xcd{\xa5\xdc\xbe$if\xe8\
,\x00p\x90=fzg\xaa\xb7\xff;\xa1\x83`|\
(\x00\x15f\xef\xe2\xf63rqt\x9d\xa4\xcbBg\
\x01\x80'\xad\xcf'\xedum\xab7\xdd\x17:\x08\xc6\
\x8f\x02P\x81\x0ex\x97\xc0'$\xd5\x87\xce\x03\xa0f\
\xe5$\xfbxj\xd6\xec\x8f\xda\xca\x95\xf9\xd0a01\
\x14\x80\x0a\x96]\xd4\xd1\x11\xbb\xbe-\xe99\xa1\xb3\x00\
\xa8-\xe6\xba/6\xbd\xbe\xb5\xaf\xff'\xa1\xb3`r\
\xd8\x04X\xc1\x9a{\xfb\xfb\xf7\xc6\xc3\xed\x92}NR\
\x1c:\x0f\x80\x9a\x10\xcb\xf4\x99L\xdd\xc8\x0b\x98\xfc+\
\x1b+\x00UbpQ\xe7\x02s\xff\xaa\xa4sBg\
\x01P\xb5\xb6\xc4qt\xed\xf4\xf4\xc6\x0d\xa1\x83`\xea\
(\x00U\xc4\xdb\xdb\xeb\x86\xa6'\xdem\xf2\x0fKj\
\x08\x9d\x07@\xd5\x183\xe9\x9f\x9b\x1bv}\xc8Vm\
\x1d\x09\x1d\x06\x85A\x01\xa8BC\x0b;\xe6*\xd2W\
\xe5\xba0t\x16\x00\x15\xef'\xb2\xe8\xad-\xbd\x1b\xef\
\x0a\x1d\x04\x85E\x01\xa8R.Yfa\xc7[e\xfa\
\xa4\xa4\x96\xd0y\x00T\x9ca\x97}\xa4e\xd6\xecO\
\xb2\xc3\xbf:Q\x00\xaa\x5cv\xc9\xf9\xa7\xc4\xf9\xc4\xe7\
%\xbb*t\x16\x00\x95\xc1e7\xd5E\xf9w4\xf6\
\x0c<\x10:\x0b\x8a\x87\x02P#2\x8b:^\xe7\xae\
OK:>t\x16\x00e\xebQ\x99\xffeK\xef\xe6\
\xebC\x07A\xf1q\x1b`\x8dH\xf5\xf6\x7f'\x17\x8f\
=G\xa6\xcf\x887\x0c\x02x\xa61\x99>3\x16\xc5\
\xcfe\xf2\xaf\x1d\xac\x00\xd4\xa0\xcc\xc2\xce\x17\xba\xf9g\
%]\x12:\x0b\x80\xc0\x5c=\x92\xfe\xb2eM\xff\x96\
\xd0QPZ\x14\x80\x1a6\xd8\xddq\xa5I\x9f\x93t\
F\xe8,\x00J\xee\xee\xd8\xed=\xd3\xd7l\xfaQ\xe8\
 \x08\x83K\x005\xac\xb5\xaf\xff\x86lr\xe4\x1c\x97\
\xbdO\xd2P\xe8<\x00Jb\x97\xcb\xde\x97\x9a5|\
.\x93\x7fmc\x05\x00\x92\xa4\xe1\xee\x05\xa7\xe6-\xf7\
\xb7r]#)\x11:\x0f\x80\x82\x8b]\xf6\x1d\x1b\x1b\
{O\xcb\xedwl\x0f\x1d\x06\xe1Q\x00\xf0\x0c\xd9\xee\
\xf6\x0bb\x8f>%SW\xe8,\x00\x0a\xa6\xcf,z\
W\xaaw\xe3\x9d\xa1\x83\xa0|P\x00pX\x83\x8b:\
_j\xee\x1f\x93\xf4\xc2\xd0Y\x00L\xda\x1d\x91\xfc\x03\
\xcd}\x9bW\x85\x0e\x82\xf2C\x01\xc0\x11\xb9d\x99\xee\
\xceWJ\xfeqI\xcf\x0e\x9d\x07\xc0\xf8\x98\xb4\xcd]\
\x7f\x9f\xba\xac\xff\xab\xb6\x827\x85\xe2\xf0(\x008&\
oo\xaf\xcbLO\x5c#\xf9\x07%\x9d\x12:\x0f\x80\
#z\xc8\xa5\x8f\xb4\xc4\xcd\xdf\xb0t\x9a\xe7}\xe0\xa8\
(\x00\x187_>\xb7>\xf3x\xd3\x9bd\xfa[I\
\xa7\x86\xce\x03\xe0)\x8f\xba\xec\xd3-{\x13\x9f\xb1\xf5\
\xeb\xf7\x86\x0e\x83\xca@\x01\xc0\x84\x1dP\x04>(\xe9\
\xb4\xd0y\x80\x9a\xe5z\xd0\x22}\xaay8\xf9e&\
~L\x14\x05\x00\x93\xe6]]\xd32Q\xe6Z\xb9\xfd\
_\x99N\x0f\x9d\x07\xa8!\x0f\xc8\xf5\x8f\xa9i\xbb\xbe\
f\xab\xb6\x8e\x84\x0e\x83\xcaD\x01\xc0\x94y{{]\
\xb65\xf1\x1a7\x7f\xaf\xa4sB\xe7\x01\xaa\xd8/\xcd\
\xed\x9f\x9a\x07\xf3\xdf\xb5\x81\x81\xb1\xd0aP\xd9(\x00\
(\x18\x97l\xa8\xbb\xe3\xa5&\xbdO\xd2\x8bB\xe7\x01\
\xaa\xc8\x80\xb9}\xa6\xf9\xb2M\xdffW?\x0a\x85\x02\
\x80\xa2\x18\xea\xee\xb8Tf\xef\x96\xfb\x95\xe2\x91\xd3\xc0\
d\xe4%\xfd\xd0\xa3\xf8\xd3\xad=\x03kC\x87A\xf5\
\xa1\x00\xa0\xa8v/\xeexV2\xd6\xdb\x5cz\xbb\xa4\
\xb6\xd0y\x80\x0a0$\xd3w=\xf6\x7fn]\xb3\xf9\
\xee\xd0aP\xbd(\x00(\x89\x9d\x8b\xdb\xa7\xd7{\xe2\
\x1a\xc5\xfegn:+t\x1e\xa0\x0c\xddk\xf2\xcf\x8e\
4$\xbe>k\xd5\xc6\xc1\xd0aP\xfd(\x00()\
_\xa1(\xbb\xb6\xa3\xdbc\xbdM\xd2\xcb$%Cg\
\x02\x02\x8a\xe5\xea\x93\xd9\x97S\xb3f\x7f\xdfV\xae\xcc\
\x87\x0e\x84\xdaA\x01@0\xd9%\xe7\x9f\x92\xcf\xd7\xbd\
\xc1\xdc\xdf\xc9m\x84\xa81\x8f\x98\xf4\xefcq\xe2\x8b\
3\xd2\x1b\xb6\x85\x0e\x83\xdaD\x01@p\xde\xde^\x97\
i\xb5?\xb4Hov\xb7\xcb\xc5\xeb\x88Q\x9dr&\
\xdd\x1c\xcb\xbe\xde\xb2'\x7f#\xb7\xf1!4\x0a\x00\xca\
J\xf6\x92\xf6\x93\xbd>z\x95\xbb\xae\x91\xf4\x82\xd0y\
\x80\x02\xb8[\xb2\xeb\x93Q\xfe\xeb\x8d=\x03\x0f\x84\x0e\
\x03\xecG\x01@\xd9\x1a\x5c8\xef\x22\x8b\xecj\xb9^\
)if\xe8<\xc0\x04\xec\x90|\xa5[t]k\xef\
\xa6\xf5\xa1\xc3\x00\x87C\x01@\xd9\xf3\xe5\xcb\x13\xd9]\
\xdb\x16\xc6\xb1]m\xd2\xcb$O\x85\xce\x04\x1c\xc6>\
\x93z\x5cv]jV\xf6\x87\xb6r\xcbh\xe8@\xc0\
\xd1P\x00PQ\xb6_tQKc\xc3\xc8U\x92\xbd\
\xca\xa5%\x92\x1aBgBM\xdb'i\xb5\x99\xbe\x97\
I\x8c\xfc\xe0\xa4\xd5wfC\x07\x02\xc6\x8b\x02\x80\x8a\
\xe5W\xb67\x0de\xa3E\x92-ge\x00%\xb4\xd7\
\xa4^\xb9\xad\x1c\x99f?\xe0\x9e}T*\x0a\x00\xaa\
\x82_\xd9\xde\x94\x19\xb6\x97\xb8\xdb\x1f\x99t\xb9\xa4\xe3\
BgBU\xd9\xee\xe6\xab,\xb6\x1f\xa6R\xf1\xcdv\
\xc3\xc0p\xe8@\xc0TQ\x00Pu|\x85\xa2\xe1\x1f\
\xcf??6\xbfR\xf2\x97J\xba@\xfc\x7f\x1d\x13w\
\xafL7\x9a\xe9\x86\xe6\x5cs\xda\xd2\xe9\x5c\xe8@@\
!\xf1\x1fET\xbd\xbd\xdd\xe7\xcf\xceY\xe2r\xb9-\
\x95\xd4-\xdeI\x80\xc3\xdb)Y\x9f\xdcoM&\xe2\
\x9b\xb9e\x0f\xd5\x8e\x02\x80\x9a\xe2\xcb\x97'\x06\xb7?\
\xd0\x11Y\xbcD\xb2\xa52\x9f/\xa9.t.\x041\
&i\xbd\xa4[c\x8fom=\xeeY\x9by\x14/\
j\x09\x05\x005\xcd\xaflo\x1a\xda\xab\x0b\x14'.\
2\xf7\xc52]$\xa91t.\x14\xc5\x98\xa4;M\
\xea\x89\xa5uc\x0d\xd1\x8f\xd9\xc0\x87ZF\x01\x00\x0e\
\xe0]]\xd32Q\xb6S\xb2KL~\xa1K\xf3%\
\x1d\x1f:\x17&\xe51I\x1b\xdc\xb5A\x89\xf8\xf6\x96\
\xba=\xfd\xb6j\xebH\xe8P@\xb9\xa0\x00\x00\xc7\xb0\
\xa7\xeb\x829\x89Db\xbe\xbb]\xe8\xf2\xf9\xf6\xc4#\
\x8a\xa7\x85\xce\x85g\xd8g\xd2\x9d.\xdfhf\x1bs\
\xa6\xf5m=\xfd\xf7\x86\x0e\x05\x943\x0a\x000A\xde\
\xd5\x95\xccX\xf6\xb92;G\xd2\x5c\x93\xb7\xb3RP\
R\x83\x92~!\xd3\x80bm\xf1D|\x17\xbf\xdd\x03\
\x13G\x01\x00\x0ad\xf7\xc5\x17\xcf\x88\xa6\xed\x9dk\xf9\
\xe8\x1cE\x9a\xabX\xe7\xc8\xf4BQ\x0c&kP\xd2\
o]v\x97\xa4-\x92\xdf\x15G\xda2\xbd\xa7\xff>\
\x93<t8\xa0\xd2Q\x00\x80\x22\xcb.9\xff\x948\
\x9f\x9c\xe3\xees\xa2\xc8\xe6\xb8\xeblIs$\x9d-\
iz\xe0x\xa1\xed\x96t\x8f\xa4{\xe4\xb6\xd5\xcd\xb7\
\x9atO4\x16\xff\xb6\xf9\xf6\x81\x87C\x87\x03\xaa\x19\
\x05\x00\x08h\xc7\xb2\xf9\xad\xf5\xfb\xe2\xd3#\xf9\xec8\
\xd2\xe9r;\xcd\xcd\xcf0\xb7\x93%\x9d\xa4'V\x0f\
\x8e\x97\x94\x08\x9bt\xc2\xf2\x92\xb6K\xfe\x98\xa4G\xdc\
\xf4\x88\xb9= \xd7\x83\x91\xfc\xa1Xv\xff\xe8\xb4\xe8\
Av\xe1\x03\xe1P\x00\x802\xe7\x92e\x17\xcd?\xc1\
\xf3\xf9\xe3\x95H\x1c\xaf8\x9e\xe1\x91\xcd\x88\xe4m\xee\
j\x93k\x86\xa46\x99\x9a\xe4j\x91\xa9AR\x93\xa4\
fI\xf5zb\x95!:`\xc8i:\xf4V\xc7\xbd\
z\xe2\xc56\xfb\xc5\x92\xf6H\x1a\x95\x94\x954,\xd7\
\x88L\x83r\xed\x95\xd9.\xc9w\x9biw\x1c\xfb.\
\x93\xedV\x14\xedR>\xbf]\xf5\xf5\x8f\xa5V\xffd\
;\xcb\xf4@y\xfb\xffn\xf2h\x8fL\xf1\xd9\x14\x00\
\x00\x00\x00IEND\xaeB`\x82\
\x00\x009\x00\
\x89\
PNG\x0d\x0a\x1a\x0a\x00\x00\x00\x0dIHDR\x00\
\x00\x02\x00\x00\x00\x02\x00\x08\x06\x00\x00\x00\xf4x\xd4\xfa\
\x00\x00\x00\x04sBIT\x08\x08\x08\x08|\x08d\x88\
\x00\x00\x00\x09pHYs\x00\x00\x0e\xc4\x00\x00\x0e\xc4\
\x01\x95+\x0e\x1b\x00\x00\x00\x19tEXtSof\
tware\x00www.inksca\
pe.org\x9b\xee<\x1a\x00\x00 \x00ID\
ATx\x9c\xed\xddyx\x9du\x9d\xff\xff\xd7\xfb>\
'I\x9b\x96.(\x94]A\x10\x05\x11\xa4\xac\x8aX\
\x18(d9YI\x5c\x10f\x10\x84\xf1\xeb\xac\xce\x22\
\xa3\x83\xc6e\xc6\x9f\xa3\xce\xa2\xe3\xa5\xa0\x82\xe3nB\
\xf6&\x81R!*\x08\x88\x15EAPvP\x96\x22\
MK\x97,\xe7\xdc\xef\xdf\x1f\x14di\xda,\xe7\x9c\
\xcfY\x9e\x8f\xeb\xf2\xbaJr\xee\xcf\xfd\xba*\xe4\xf3\
\xca\xe7\xbe\xef\xcfm\x02P\xd0V\xdd\xb0*Y\xf5\xf4\
\x9e{Uyz\xaft\xa4\x15&-\x93E\xcbMZ\
\x16\xc7Zf\x8a\x97\xc9\xb4L\xb2E2U\xcb\xb5H\
R\xa5\x5cK%%\x9e\xfd\xde\x8b,\x96T\xf1\x92\xaf\
MI\xda\xf2\xa2\xaf\xb8\xc6d\x96\x96|\xb3\xa4I\x99\
\xb6\xca\xb5M\xf2\xadr\x8d\xb9\xa2\xb1(\xd2\x98Kc\
\xf2x\xa3Kc\xc9XOLXr\xc3\xc4\x9eOo\
\x18=m4\x9d\xab\xbf\x13\x00\xf3g\xa1\x03\x00\xe5\xec\
\xac\xce\xb6=+\x92\xe9\x03c\xe9@\xf3\xf8 \x97\x1d\
\x10E~\x80\xdc\xf6w\xf9\x0a\x93\xf6ri/\x15\xdf\
\x7f\xabn\xd2\x06\x97\x9e\x94\xf4\x84\x99\xfe\xe0\xaeGd\
\xf6\xa8\xbb=\x92\x8c3\x0fO\xc4U\x8f^\xdb\xde\xf5\
t\xe8\xa0@\xb9*\xb6\x1f*@qqYc\x7f\xe3\
\x01\xe9\x8c\x1fj\xa6Cc\xd7\xa1f\xd1\xa1.?\xd4\
\x5c\xaf\x91iQ\xe8\x88\x81m\x91\xfc>s\xbb\xd7M\
\xf7\xba\xeb^\x93\xdf\x97L\xd8\xbd\xfd\x8d\xfd\x8f\xca\xe4\
\xa1\x03\x02\xa5\x8a\x02\x00dIC\x7f\xc3~\x99\xb4\x1d\
a\x91\x1f\xe9\xb1\x8e\x90\xd9\x91\x92\x8e\xd6\xb3K\xee\x98\
\xbdII\xf7Jv\xa7\xb9\xeer\x8b\xef\x8cb\xbfk\
\xe5\xafW\xfe\xa6\xa3\xa3#\x0e\x1d\x0e(v\x14\x00`\
\x96V\xdd\xb0*\xb9\xc7\x1f\xf78\xdc\xa3h\xa5\xa4\x95\
n:B\xaec%\xed\x19:[\x99\xd8\x22\xe9\x1e3\
\xdd%\xf9z\xf3\xc4\xfag6m\xfc\xd9\xe8\x05\xa3\xe3\
\xa1\x83\x01\xc5\x84\x02\x00\xec\x8a\xcb\xce\x1ehxm2\
c'\xba\xe9D\xb9N\x94t\x94\xa4\xca\xd0\xd1\xf0\x22\
\x132\xfd\xca\x5c\xb7\xc6n\xb7\xca\xec\xd6\xe1\x96\xde\xdf\
\x86\x0e\x05\x142\x0a\x00\xf0\x02\xa9\xc1T\xb5\xa7\x13'\
\xc7\x8aO1\xb7\x93$\x9d(iy\xe8\x5c\x98\x93\xa7\
e\xbaE\xae[\xe5\xfe\xe3\xa8\xd2o\x1dL\x0dn\x0b\
\x1d\x0a(\x14\x14\x00\x94\xb5\xd5\xd7\xae^T\xb1e\xe1\
\xc9&;\xc5#\x7f\x8b\x5co\x95T\x15:\x17r\x22\
-\xe9\x97&\xdd\xe4\xf2\x1bU\x99Y7T?\xb41\
t( \x14\x0a\x00\xca\xca\xca\xcb/\xaeX\xf1\xca\xc7\
O\x8e\x14\x9d\xe9\xf23e:NR\x22t.\x04\x91\
\x96t\x9b\xa4\xeb\x22E\xd7=\xb3|\xe3-\xec]\x80\
rB\x01@\xc9\xab\xbf\xba\xfe0\xb7\xe4\xd9f\xf1j\
\x97\xad\x12w\xe5c\xe7\x9e\x91t\x83\x99_\x97Q4\
2\xd2\xdcw_\xe8@@.Q\x00Pr\xda:\xdb\
\x12\xdb*\xa6\x8e\xb1X)7\xaf\x97\xb42t&\x14\
#\xbf\xdfdk\xdc5\xf8\xf8S+~\xb8\xfe\x92+\
\xa6B'\x02\xb2\x89\x02\x80\x92\xd0\xd6\xd9\xb6xk\xc5\
T\xady\xdc$\xd9\xd9\xe2\xc6=d\xd7\xd3f\xba\xc6\
\xdd\xfb\xa6\x16\x8d\x0f\xaf=k\xed\xd6\xd0\x81\x80\xf9\xa2\
\x00\xa0h5\xf56-\x9b\xf2\xf8L3Ky\xac\x16\
v\xd5C\x9e\x8c\x9b|\x9dd]\xe3\xe9\xca\xfeu\xed\
]\x9bB\x07\x02\xe6\x82\x02\x80\xa2rFg\xdb\xd2\x05\
\xc9\xc9\x16\x97\xda%\x9d.\x9e\xc7GX\x932\xad\x93\
{g\xbc`\xaaw\xa4vds\xe8@\xc0LQ\x00\
P\xf0j\x86k\xaa\x12\x93\x95\xab\xe5j\xe37}\x14\
\xb0\xe7W\x06\xac\x22\xbe\x9a=\x07P\xe8(\x00(L\
.K\xf56\x9f\x1a\xcb\xcf\x97\xbcEz\xd9+m\x81\
B\xb6\xd1\xa4n\x8f\xf4\x8d\xa1\xc6\xfe\x1by\xa9\x11\x0a\
\x11\x05\x00\x05\xa5\xa1\xbfa\xbfL\xc6\xce\x93\xeb\x22\x99\
\x0e\x0d\x9d\x07\x987\xd3\xc3r}7c\xf6\xe5k\x9a\
\xfb\x1e\x0c\x1d\x07x\x0e\x05\x00\xc1\xd5\x0c\xd7T%\xb6\
W6y\xa4\x0b\xe4:SR\x14:\x13\x90\x03\x19\x93\
\xafu\xe9\xaa\xeatU\x7fW{\xd7d\xe8@(o\
\x14\x00\x04S\xdfY\xbf\xbf\x12\xc9\xf7\xca\xfc}.\xed\
\x1d:\x0f\x90/&=\xe9\xd2UQ2\xbe|\xb0a\
\xf0\x81\xd0yP\x9e(\x00\xc8\xab\x8e\x8e\x8e\xe8\xb6\xa3\
n?]f\x17\xef\xb8\xb6\xcf6\xbc(g\xb1L\xd7\
\xcb\xfd\x8a\xad\xcb7\xf7\xb2\x151\xf2\x89\x02\x80\xbcx\
\xf6\x99}\xbfH\xd2\xfb%\xbd:p\x1c\xa0\xf0\xb8\x1e\
\xb0\xc8\xffg\xe1T\xd5\xd7\xba\xda\xbb\xb6\x84\x8e\x83\xd2\
G\x01@N\xd5\xf46\xbd&r\x7f\xaf\xa4K\xc4\x9d\
\xfc\xc0Ll6\xe9\xeb\x89H\x9f\xedo\xea\x7f$t\
\x18\x94.\x0a\x00r\xa2\xa6'uz\xa4\xe8\x03\x92j\
\xc4M}\xc0\x5cL\xca\xf5\x1dO\xe8?\x87\x9b\xfa\x7f\
\x15:\x0cJ\x0f\x05\x00Y\xd3\xd1\xd1\x11\xfd\xec\x98\xdb\
\xeb\x14\xebC.\x9d\x14:\x0fPBn\xb2H\x9f^\
\xd3\xd8\xbf\x86=\x05\x90-\x14\x00\xcc[[g[\xe5\
\xf6\xe4\xe4;\x5c\xbaT\xd2\xebC\xe7\x01J\x95Kw\
\x98\xd9\x17\xb7\x8e\x8d}c\xf4\x82\xd1\xf1\xd0yP\xdc\
(\x00\x98\xb3\xb6\xce\xb6\x85\xdb\x12S\x97\xc8\xfc\x9f$\
\xed\x17:\x0fPF\x1eu\xe93\xdb6m\xba\x82\x22\
\x80\xb9\xa2\x00`\xd6j\x86k\xaa\xa2\x89\xaa?\x97\xfb\
G\xc5\xc4\x0f\x04\xb3c?\x81\xff\x8c*\xe2/\xf0\xee\
\x01\xcc\x16\x05\x003\xb6\xfa\xda\xd5\x8b*\xb7-\xb8\xc8\
\xdd>(i\xdf\xd0y\x00<\xc77H\xf69\x8a\x00\
f\x83\x02\x80\xddZy\xf9\xc5\x15\xfb\xec\xfd\xe4\x05r\
\xef\x10\x13?P\xc0\x9e-\x02\xf1\x82\xc9\xff\x1e\xa9\x1d\
\x99\x08\x9d\x06\x85\x8d\x02\x80iuttD\xb7\xbd\xf1\
\xe7\xad\x92}J\xd2kB\xe7\x010C\xa6\x87%\xfb\
\xb7\xea\xa9\x8a\xafu\xb5weB\xc7Aa\xa2\x00`\
\xa7R\xbdMM\xb1\xfb'%\x1d\x19:\x0b\x809\xfb\
\x95E\xfa\xf0\x9a\xa6\xfe\xc1\xd0APx(\x00x\x91\
\xda\xab\x1b\x8e\xb3\xc8>'\xe9\xd4\xd0Y\x00d\xcd\xa8\
\x9b\xfd\xfdps\xdf/B\x07A\xe1\xa0\x00@\x92T\
\xd3\xddr@\xa4\xf4e2\xbbH\xec\xdc\x07\x94\xa2\xd8\
L\xdf\x8e\x22\xff\xa7\x81\xc6\x81'B\x87Ax\x14\x80\
2wFg\xdb\xd2\xaa\xe4\xe4\xbfH\xfa[I\x0bB\
\xe7\x01\x90sc&\xff\xc4c\x1b\xf6\xf9\xc2\xfaK\xae\
\x98\x0a\x1d\x06\xe1P\x00\xca\x95\xcb\xea{\x1b\xcfs\xe9\
?$\xad\x08\x1d\x07@\xbe\xd9\xef\xa4\xf8\xc3C-\x03\
]\xa1\x93 \x0c\x0a@\x19\xaa\xb9\xba\xe1MQd_\
\x90\xf4\x96\xd0Y\x00\x04\xf7\x03\x8f\xf4\xf7\xbcp\xa8\xfc\
P\x00\xca\xc8Y\x9dm{V$'?\xea\xd2\xfb%\
%B\xe7\x01P0\xd2r\xbf2\xceT\xfd\xebH{\
\xd7\x86\xd0a\x90\x1f\x14\x80r\xe0\xb2\xba\xbe\xa6\xf7\xc8\
\xfd?$\xed\x19:\x0e\x80\x82\xf5\x94\xcc\xff~\xa8y\
\xe0[\xa1\x83 \xf7(\x00%\xae\xfe\xea\xfa\xc3<J\
|I\xd2\x9f\x85\xce\x02\xa0h\x5c\x931{\xdf5\xcd\
}\x0f\x86\x0e\x82\xdc\xa1\x00\x94\xa8UW\xadZ\xb0x\
\xc9\xb2K\xdd\xfcRIU\xa1\xf3\x00(:\xdb$}\
\xbc:]\xf9Yv\x13,M\x14\x80\x12T\xdf\xdb\xb4\
\xcac\xff\x8aL\x87\x86\xce\x02\xa0\xc8\xb9n\xf5\x84\xde\
\xcbM\x82\xa5\x87\x02PBR\x83\xa9\xeax*\xfa\x88\
\xa4\x7f\x12\x9b\xf9\x00\xc8\x9e\xb4\xa4\xcfm\xdd\xb4\xa9c\
\xf4\x82\xd1\xf1\xd0a\x90\x1d\x14\x80\x12Q\xdb\xddp\xaa\
\xc9\xbe\xc6o\xfd\x00r\xc6u\xaf\xe4\x17\x0f\xb5\x0e\xdc\
\x10:\x0a\xe6\x8f\x02P\xe4j\x86k\x96D\xe3\x95\x9f\
\x95t\x91\xf8\xff\x13@\xee\xc52}9\x11\xf9\xa5\x03\
\x8d\x03\xcf\x84\x0e\x83\xb9c\xc2(b\xf5\xbdM'x\
\xec\xdf\xe6\xb7~\x00\x01<\x18):o\xb0\xa5\xf7\xc6\
\xd0A07\x14\x80\x22\xd4\xd6\xd9\x96\xd8\x96\x9c\xfcG\
I\x9f\x90T\x11:\x0f\x80\xb2\x95\x96\xf4\xb9\xc77\xac\
\xb8\x8c\xf7\x0a\x14\x1f\x0a@\x91\xa9\xedny\x95Y\xe6\
\x9b\x92\xde\x1a:\x0b\x00H\x92\x5c\xb7\xc6\x91\x9d;\xd2\
\xdcw_\xe8(\x989\xee\x14/\x22u=\x0dmf\
\x99\xdb\xc5\xe4\x0f\xa0\x90\x98N\x8c\xdc\x7f^\xd7\xdbt\
q\xe8(\x989V\x00\x8a\xc0\xb37\xfaU|Q\xb2\
w\x87\xce\x02\x00\xbbf]\xaa\x9c\xbad\xa8~hc\
\xe8$\xd85\x0a@\x81\xab\xefi>\xd9\x95\xf9\x96d\
\x87\x84\xce\x02\x003bz\xd8c?o\xb8u\xe0G\
\xa1\xa3`z\x14\x80\x02\xb5\xf2\xf2\x8b+\xf6\xd9\xeb\x89\
\x0eI\x1f\x14o\xee\x03P|22\xff\xf7\xad\xcb6\
\x7f|\xf4\xb4\xd1t\xe80x9\x0a@\x01\xaa\xe9l\
\xdb+\x91\x9c\xfa\x9e\xcbO\x0f\x9d\x05\x00\xe6\xe9\xc7\x9e\
\x9ej\x1fn\x1f~<t\x10\xbc\x18\x05\xa0\xc0\xd4t\
7\xbc%2\xeb\x94\xb4_\xe8,\x00\x90%\xbf7E\
mkZzo\x0e\x1d\x04\x7f\xc2S\x00\x05\xa4\xae\xb7\
\xe9\xe2\xc8\xecz1\xf9\x03(-\xfb\xbb\xe2\x1f\xd5\xf5\
4~0t\x10\xfc\x09+\x00\x05`\xd5U\xab\x16,\
Z\xba\xec\x8b\x92\xbf't\x16\x00\xc8-\xffVT\xe1\
\x97\x0c\xa6\x06\xb7\x85NR\xee(\x00\x81\xa5:S\x07\
e\x92\x89\xabM~|\xe8,\x00\x90'\xbf\x88\x92q\
\xcb`\xc3\xe0\x03\xa1\x83\x943.\x01\x04T\xd3\xdbT\
\x13'\xa3\xdb\x99\xfc\x01\x94\x99c\xe2tt[\xdd\xd5\
\x8dg\x85\x0eR\xcex\xbc,\x04\x97\xd5\x1d\xdd\xf8A\
\x93\xbe&\xa9:t\x1c\x00\x08\xa0Z\xa6s_\xfb\xf6\
\xd7-<\xf7\xf5\xef\xbc~tt\xd4C\x07*7\x5c\
\x02\xc8\xb3\xb6\xce\xb6\xc5[\x13\x93\xdf1S*t\x16\
\x00(\x04\xee\xeaK/\xde\xfe\xee\xb5g\xad\xdd\x1a:\
K9\xa1\x00\xe4\xd1Y\xdd-\xfb&-3(ie\
\xe8,\x00PH\x5c\xba\xc3=Q7\xd2\xda\xf3h\xe8\
,\xe5\x82\x02\x90'u=\xcdo\x90\xc5Cr\x1d\x14\
:\x0b\x00\x14\xa8\xdf\xbbY\xfdps\xdf/B\x07)\
\x07\xdc\x04\x98\x07u\xdd\x8dgH\xf1\x8dL\xfe\x00\xb0\
K\xfb\x9b\xfb\x8fjz\x9bjB\x07)\x07\x14\x80\x1c\
\xab\xebix\x8fL\xc3\x92\x96\x86\xce\x02\x00E`\x8f\
\xc8}\xa0\xbe\xa7\xe1/C\x07)u<\x05\x90+.\
\xab\x7fcS\x87L\xff)\xfe\x9e\x01`6\x22\xc9\xea\
\x0f\x7f\xfb\xeb\xf6|\xd7\xeb\xdf\xb9\x96'\x04r\x83{\
\x00r\xa0f\xb8\xa6*1Qy\xa5\xbb\xde\x15:\x0b\
\x00\x147\xeb\xda\xbai\xec\xfc\xd1\x0bF\xc7C')\
5\x14\x80,;\xab\xb3m\xcfdr\xb2W\xd2\xa9\xa1\
\xb3\x00@Ip\xfd$\xaa\x8c\x1b\x07S\x83O\x85\x8e\
RJ(\x00Y\x94\x1aH\x1d\x1c\xa7\x13\xd7J~X\
\xe8,\x00Pb\xeevO\x9c=\xdc\xda\xf3P\xe8 \
\xa5\x82\x02\x90%g\xf77\x1c\x9e\xc8\xd8:I\x07\x84\
\xce\x02\x00\xa5\xc8\xa5G\xa4\xe8\x8c\xe1\x96\xde\xdf\x86\xce\
R\x0ax\x0a \x0bRW\xa7\x8eLd\xec\x061\xf9\
\x03@\xce\x98t\xa0)\xfeQ\xc3\xd5\x0do\x0c\x9d\xa5\
\x14\xb0\x020Ou\xbdM+\xe5~\xad\xa4W\x84\xce\
\x02\x00eb\xa3G\xaa\x19n\xea\xbf5t\x90b\xc6\
\x0a\xc0<\xd4\xf55\xbeU\xee\xd7\x8b\xc9\x1f\x00\xf2i\
\xb9\xc5ZW\xd7\xddpZ\xe8 \xc5\x8c\x020Gu\
\xdd\x0d\xa7)\xd6\xb0\xa4%\xa1\xb3\x00@\x19Z,\xb3\
5\xa9\xde\xa6\xd5\xa1\x83\x14+\x0a\xc0\x1c\xd4\xf64\xd7\
\xcblX\xd2\xe2\xd0Y\x00\xa0\x8cU\xc7\xee\x83\xf5\xdd\
\x8d\xcd\xa1\x83\x14#\x0a\xc0,\xd5\xf54\xbc\xc3\x14\xf7\
HZ\x10:\x0b\x00@\x95n\xea\xaa\xefi<?t\
\x90bC\x01\x98\x85\xba\xde\x86wK\xf6MI\x15\xa1\
\xb3\x00\x00\x9e\x97p\xe9\xca\xba\xde\xa6\x0bC\x07)&\
<\x050Cu\xbdM\x17\xca\xfd+\xe2\xef\x0c\x00\x0a\
\x95\x9bt\xe1\x9a\x96\xfe\xabB\x07)\x06Lf3P\
\xdf\xddx\x8e\x9b\xbe'^\xea\x03\x00\x85.\xe3f\xe7\
\x0d7\xf7}7t\x90BG\x01\xd8\x8d\xda\x9eT\xa3\
)\xea\x12\xcb\xfe\x00P,\xa6,R\xeb\x9a\xa6\xfe\xc1\
\xd0A\x0a\x19\x05`\x17\xea\xba\x1b\xcf\x90iP\xdc\xf0\
\x07\x00\xc5f26k\x1ai\xee\x1b\x09\x1d\xa4PQ\
\x00\xa6Q\xd7\xd7\xf8fe\xb4V\xa6E\xa1\xb3\x00\x00\
\xe6d\x9b\xbb\xd7\x0c\xb7\x0e\xfc(t\x90BD\x01\xd8\
\x89\xfa\xde\xa6\x13\xdc}\x9d\xa4=Bg\x01\x00\xcc\xcb\
\xe6\xc8\xe33\x06[\x07o\x0b\x1d\xa4\xd0P\x00^\xa2\
\xb6\xaf\xf1(\x8b5*i\xcf\xd0Y\x00\x00Y1\x16\
\xc7~\xfa\xc89\x03\xb7\x87\x0eRH(\x00/P\x7f\
u\xfda\x1e%~$i\x9f\xd0Y\x00\x00\xd9c\xd2\
\x93\x16\xc7o\x1b<g\xf0\xee\xd0Y\x0a\x05\x05`\x87\
\xd4@\xea\xe08\x1d\xfdX\xd2\xfe\xa1\xb3\x00\x00r\xc0\
\xf4\xb0\xc7\x89S\x87[{\x1e\x0a\x1d\xa5\x10P\x00$\
5\xf74\xbfbJ\xf1M.\x1d\x1e:\x0b\x00 \xa7\
\xeeVe\xfa\xcdC\xf5C\x1bC\x07\x09\xad\xec\xb7\x02\
n\xebl\xab\x9cT\xdc\xc5\xe4\x0f\x00e\xe1u\x9aL\
\xf6\xd5\x0c\xd7T\x85\x0e\x12Zy\x17\x00\x97mKN\
|M\x12\xef\x94\x06\x80\xf2qj4^\xf9uyy\
\xaf\x82\x97\xf5\xd6\xb6\xf5G7~J\xb2\xff\x17:\x07\
\x00 \xef\xde\xf0\xda\xbb_g\xbf\xfb\xfe=\xa3\xa1\x83\
\x84R\xb6\xedg\xc7\xcb}\xbe\x1a:\x07\x00 \x18w\
\xb3\xf7\x0c7\xf7}=t\x90\x10\xca\xb2\x00\xd4]\xdd\
x\x96\x22\xad\x91\x94\x0c\x9d\x05\x00\x10\xd4\x94\xcb\xeb\x86\
[\x06\xae\x0b\x1d$\xdf\xca\xae\x00\xa4\xaeN\x1d\x19G\
\xd1\x8d\x92\x96\x85\xce\x02\x00(\x08\x9b\x13\xb1\xbfu\xe0\
\x9c\x81;B\x07\xc9\xa7\xb2*\x00\x0d\xfd\x0d\xfbeb\
\xbbY\xae\x83Bg\x01\x00\x14\x94\xdf\xc7\x9e8i\xa4\
\xb5\xe7\xd1\xd0A\xf2\xa5l\x9e\x02h\xebl[\x9c\xc9\
\xd8\x10\x93?\x00`'\xf6\x8f,\xee_}\xed\xea\xb2\
y\x01\x5cY\x14\x80\x8e\x8e\x8ehkb\xf2;\x92\x8e\
\x09\x9d\x05\x00P\xa8\xfc\xd8\x8a\xad\xd5\xdf(\x97\xc7\x03\
\xcb\xe21\xc0E\x7f\xb3\xf423]\x12:\x07\x00\xa0\
\xe0\xbd\xfe\xb0\xbb_7\xfe\xbb\xef\xdfsc\xe8 \xb9\
V\xf2-\xa7\xb6\xa7\xe1L\x93\x8d\xa8L\xca\x0e\x00`\
\xde\xe2\x1dO\x06\x5c\x13:H.\x95t\x01\xa8\xedn\
y\x95Yf\xbd\xa4W\x84\xce\x02\x00(*OG\xc9\
\xf8\xb8\xc1\x86\xc1\x07B\x07\xc9\x95\x92\xbd\x07`\xd5U\
\xab\x16\x98\xc5=b\xf2\x07\x00\xcc\xde\x9eq:\xeai\
\xebl[\x18:H\xae\x94l\x01X\xb4d\xe9\x97$\
?6t\x0e\x00@\xd1:f{\xc5\xe4\xe5\xa1C\xe4\
JI\x16\x80\xba\xee\xa6\xbf\x96\xe9/B\xe7\x00\x00\x14\
7w\x9dW\xd7\xdbtq\xe8\x1c\xb9Pr\xf7\x00\xd4\
\xf74\x9f\xec\x8aG%U\x86\xce\x02\x00(\x09S\xb1\
\xfbi#\xad\x037\x85\x0e\x92M%U\x00\x1a\xfa\x1b\
Vd2\xb6^\xd2\xfe\xa1\xb3\x00\x00J\xcaciO\
\xac\xbc\xb6\xb5\xe7\xb1\xd0A\xb2\xa5d.\x01\xac\xbc\xfc\
\xe2\x8aL\xc6\xba\xc4\xe4\x0f\x00\xc8\xbe}\x93\x96\xf9\xf6\
\xaa\x1bV\x95\xccK\xe4J\xa6\x00\xec\xb3\xd7\x13\x1d\x92\
\xde\x1a:\x07\x00\xa0d\x9dV=\xb6\xe4\xc3\xa1Cd\
KI\x5c\x02H\xf54\x9f\x12?{\xdd\x9f\xcd~\x00\
\x00\xb9\x94V\xa4\xb7\x0d5\xf5\xff$t\x90\xf9*\xfa\
\x02pFg\xdb\xd2\xaa\xe4\xe4/%\xbd*t\x16\x00\
@\x19p=\x10/\x9c<f\xa4vds\xe8(\xf3\
Q\xf4\x97\x00\xaa\x92\x13_\x12\x93?\x00 _L\x07\
\xdbx\xe5\x17B\xc7\x98\xaf\xa2.\x00\xf5=\x8d\xe7K\
\xf6\xce\xd09\x00\x00\xe5\xc5\xa4\xf3k{\x9b\x8az\xfe\
)\xdaK\x00\xa9\x81\xd4\xc1q:\xfa\x85\xa4%\xa1\xb3\
\x00\x00\xca\xd2\xa6\x8c\xd91\xd74\xf7=\x18:\xc8\x5c\
\x14\xe5\x0a\xc0\xaa\x1bV%\xe3\xa9\xe8[b\xf2\x07\x00\
\x84\xb34\xe1\xf17\xdb:\xdb\x8a\xf2\x06\xf4\xa2,\x00\
\x8b\x9f^\xf6\xaf2\xbd9t\x0e\x00@\xb9\xb3S\xb6\
%'/\x0d\x9db.\x8a\xee\x12@\xaa;u|l\
\xd1M\x92*Bg\x01\x00@R:\xf6\xf8\xad#\xad\
\x83\xb7\x84\x0e2\x1bE\xb5\x02P3\x5c\xb3$6\xfb\
\x9e\x98\xfc\x01\x00\x85#\x19)\xfaf[g\xdb\xe2\xd0\
Af\xa3\xa8\x0a@b\xbc\xf2s\x92\x1d\x12:\x07\x00\
\x00/b:t[b\xeaS\xa1c\xccF\xd1\x5c\x02\
\xa8\xe9I\x9d\x1e)Z\xa7\x22\xca\x0c\x00(+q\xa4\
\xe8m\x83-\xbd7\x86\x0e2\x13E1\x99\xae\xbev\
\xf5\xa2\x8a\xad\x0b\xee\xe0\xb7\x7f\x94\x93\xc8\x22-\xabZ\
\xa6\xcaDq^\xf1\x8a=\xd6\xd8\xc4&Mf&C\
G\x01\xf2\xc6\xa4{\xb6l\xdat\xcc\xe8\x05\xa3\xe3\xa1\
\xb3\xecNQ\xbc\xd5(\xb9u\xe1g%1\xf9\xa3\xe4\
\xad\xa8\xde[\xb5\x87\xd4\xe8\xc4}O\xd0~\x8b\xf6U\
dEu\x95n\xa7\xc6&\xc6\xf4\xf3'n\xd7\xda\x87\
\xd6\xe9\xd7O\xdd\x19:\x0e\x90S.\x1d\xbex\xc9\xb2\
K%u\x84\xce\xb2;\x05\xbf\x02P\xdf\xdb\xb4\xca\xdd\
\xafW\x11d\x05\xe6\xca\xcct\xee\xeb\xdf\xa9\xd6\xc3\x9a\
U\x11\x15\xe7o\xfc3q\xcbc\xb7\xea\xbf\xd7\x7fA\
[\xa6\xb6\x84\x8e\x02\xe4\xd2d\x14\xc7\xc7\x0e\x9e3X\
\xd0\x8d\xb7\xa07/h\xebl[8e\x99\x11\x99^\
\x11:\x0b\x90+\x09K\xe8C'~Pg\xbf\xfa,\
%\xac\xa0\xff\x93\x9c\xb7\x03\xf68@'\xefw\x92n\
\xfa\xc3O4\x9e.\xf8\x15R`\xae\x122;\xf6]\
\xaf\x7f\xe7U\xa3\xa3\xa3\x1e:\xcct\x0az}q[\
r\xf2\xc32\x1d\x1a:\x07\x90K\x17\x1e\xf5\x17:i\
\xdf\x13C\xc7\xc8\x9b\xfd\x17\xef\xa7\x0f\x9d\xf8A%\xa3\
\xd2.;(o.\x9dt\xdbQ\xbfx\x7f\xe8\x1c\xbb\
R\xb0\x05\xe0\xec\xfe\x86\xc3%\xfdc\xe8\x1c@.\x1d\
\xbc\xf4\xd5J\x1dR\x1f:F\xde\xbd~\xcf\xd7\xe9\xcc\
W\x9d\x19:\x06\x90c\xfe\xa9\xd4@\xea\xe0\xd0)\xa6\
S\x98\x05\xc0e\x89\x8c}IRU\xe8(@.\xbd\
\xe3\xf0v\x99\x95\xe7\xed-m\xafm\x95qk\x0fJ\
\x99i\x91\xa7\xed\x8b\xa1cL\xa7 \x0b@mO\xe3\
\x85\x92N\x0b\x9d\x03\xc8\xa5\xcaD\xa5V\xeesl\xe8\
\x18\xc1\xec]\xbd\x97\x0eYV\xb0\xbf\x1c\x01Y\xe1\xb2\
\x9a\xda\xee\xc6w\x85\xce\xb13\x05W\x00R\x83\xa9W\
\x9a\xe9\xd3\xa1s\x00\xb9v\xc0\xe2\xfd\xb5 \xb1 t\
\x8c\xa0\x0e^J\x01@\xe93\xf3\xff\xae[S\xb7<\
t\x8e\x97*\xb8\x02\x10O\xda\xbfI\xda3t\x0e \
\xd7\x96-X\x16:Bp\xcb\xab\x0a\xeeg\x22\x90\x03\
\xb6\x97&*>\x1e:\xc5K\x15T\x01Hu\xa7\x8e\
\x95\xd9\x85\xa1s\x00\xf9\x90\xb4\xa2\xd8\x87+\xa7*\x12\
\xfc\x1d\xa0L\x98\xbf\xaf\xbe\xa7\xf9\xe8\xd01^\xa8p\
\x0a\x80\xcb\xdc\xa2/\xaa\xc0\xf7&\x00\x00`\x0e\x12\xae\
\xf8\x8b\xf2\xc2\xb9\xf3\xb5`\x0a@}o\xe3_\xb8t\
R\xe8\x1c\x00\x00\xe4\xc8[j{\x1a\xdf\x19:\xc4s\
\x0a\xa2\x00\x9c\xd1\xd9\xb6\xd4\xa5\xa2z\x8d\x22\x00\x00\xb3\
e\xa6\xcf\xb4u\xb6-\x0e\x9dC*\x90\x02P\x99\x98\
\xf8\x90\xa4\x15\xa1s\x00\x00\x90c\xfbm\xab\x98\xf8\xe7\
\xd0!\xa4\x02(\x00\x8d}\x8d\x07\x9a\xd9_\x87\xce\x01\
\x00@^\xb8\xfdc\xaa3uP\xe8\x18\xc1\x0b@:\
\xd6\x7fHZ\x18:\x07\x00\x00y\xb20\x93\x8c>\x11\
:D\xd0\x02P\xdf\xdbt\x82\xa4\xb7\x87\xcc\x00\x00@\
\xbe\x99\xf4\xee\xda\xab\x1b\x8e\x0b\x99!h\x01p\x8f?\
'\x15\xce#\x11\x00\x00\xe4I\xa4H\x9f\x0d\x1b \x90\
ToS\x93d\xa7\x84:?\x00\x00!\x99\xecm\xb5\
=\xcd\xc1^\x07\x1a\xa4\x00\xb4u\xb6%b\xf7O\x86\
87\x00\x00\x85\xc2\x14\xff{GGG\x90\xb98\xc8\
I\xb7VL\x9d'\xe9\xc8\x10\xe7\x06\x00\xa0\x80\x1c\xf5\
\xd3\xa3n\x7fG\x88\x13\xe7\xbd\x00\xb4u\xb6U\x9a\xc7\
\x97\xe5\xfb\xbc\x00\x00\x14\x22\x93>\xd9\xd6\xd9V\x99\xef\
\xf3\xe6\xbd\x00l\xaf\x98x\x9fd\x87\xe4\xfb\xbc\x00\x00\
\x14$\xd3\xc1\xdb\x93\x13\xef\xc9\xf7i\xf3Z\x00V_\
\xbbz\x91\xbb\xfdK>\xcf\x09\x00@\xa1s\xd9em\
\x9dmy\xdd\x13'\xaf\x05 \xb9u\xc1\xff\x13[\xfe\
\x02\x00\xf0R\xfbmMN\xbe7\x9f'\xcc[\x01H\
\x0d\xa6\xaa#\xd9?\xe6\xeb|\x00\x00\x14\x13\x93.\xcd\
\xe7*@\xde\x0a@<\x99x\x9fK{\xe7\xeb|\x00\
\x00\x14\x99}\xb7%\xa6.\xca\xd7\xc9\xf2R\x00V]\
\xb5j\x81\xcc?\x90\x8fs\x01\x00P\xb4\xcc\xff%_\
\xab\x00y)\x00\xd5K\x97\xbeO\xd2~\xf98\x17\x00\
\x00El\xdf\xed\x15\x13\x17\xe6\xe3D9/\x005\xc3\
5U&q\xed\x1f\x00\x80\x19\x88\xdd\xfey\xe5\xe5\x17\
W\xe4\xfa<9/\x00\x89\xf1\x8a\xf3\xc5o\xff\x00\x00\
\xcc\x88I\x07\xae\xd8\xfb\xc9ss}\x9e\x9c\x16\x80\x8e\
\x8e\x8e\xc8\xb9\xf3\x1f\x00\x80Y1\xf7\x0f\xe6\xfa\x1d\x01\
9\x1d\xfcgG\xdd\xde\x22\xe9\xb5\xb9<\x07\x00\x00%\
\xe8u?}\xe3\xfaT.O\x90\xdbK\x00\xa6\x7f\xc8\
\xe9\xf8\x00\x00\x94(S\xf4\xa1\x5c\x8e\x9f\xb3\x02P\xd3\
\x93:\xdd\xa5\x93r5>\x00\x00%\xee\x84\xda\xee\x86\
Ss5x\xce\x0a@\xa4\x88\xe7\xfe\x01\x00\x98\x07\xb3\
\xdc\xcd\xa59)\x00\xf5W\xd7\x1f&\xa9&\x17c\x03\
\x00P><U\xd3\xdb\xf4\x9a\x5c\x8c\x9c\x9b\x15\x80(\
\xf1\xb79\x1b\x1b\x00\x80\xf2\x11%\xdc\xff&'\x03g\
{\xc0\xa6\xde\xa6e.\xfdy\xb6\xc7\x05\x00\xa0\x1c\xb9\
t\xc1\x19\x9dmK\xb3=n\xd6\x0b\xc0\xa4\xc7\xef\x95\
\xb48\xdb\xe3\x02\x00P\xa6\xf6X\x90\xcc\xfe\xf6\xc0Y\
-\x00m\x9dm\x09\x93\xbd?\x9bc\x02\x00P\xee\xdc\
\xed\xaf\xb2\xbd1PV\x07\xdb^9Y+\xe9U\xd9\
\x1c\x13\x00\x80\xb2g:\xf8go\xb8\xfd\xecl\x0e\x99\
\xddK\x00\xb1\xbf/\xab\xe3\x01\x00\x00IRl\xfa\xcb\
l\x8e\x97\xb5\x02P\xdb\xdd\xf2*\x97\xad\xce\xd6x\x00\
\x00\xe0O\xccTwvo\xd3\xab\xb35^\xd6\x0a\x80\
Y\xe6}\x92\x12\xd9\x1a\x0f\x00\x00\xbcH\x94\x8c\x95\xb5\
\x9b\x01\xb3R\x00\xda:\xdb*M\xba \x1bc\x01\x00\
\x80\x9ds\xf3\x8bV^~qE6\xc6\xcaJ\x01\xd8\
\x9e\x98lvi\xefl\x8c\x05\x00\x00\xa6\xb5\xcf\x8a\xbd\
\x9fl\xc8\xc6@Y)\x00\xb1\xe9=\xd9\x18\x07\x00\x00\
\xec\x9a\xb9ge\xc5}\xde\x05\xa0\xa6\xbb\xe5\x00\x93\xfe\
,\x1ba\x00\x00\xc0n\x9d\xd5\xd0\xdf\xb0\xdf|\x07\x99\
w\x01\xb0(\xfd\x17\xe2\xe6?\x00\x00\xf2%\x99\xc9\xd8\
y\xf3\x1dd~\x05\xc0e\x16\x1b\xfb\xfe\x03\x00\x90_\
\xef\x91\xcb\xe63\xc0\xbc\x0a@\xaa\xb7\xf9T\x99\x0e\x9d\
\xcf\x18\x00\x00`\xd6^[\xd7\xdfx\xf2|\x06\x98W\
\x01\x88=3\xef%\x08\x00\x000\x07\xb1\xce\x9f\xcf\xe1\
s.\x005\xc35U2k\x9d\xcf\xc9\x01\x00\xc0\x9c\
\xb5\xb7u\xb6U\xce\xf5\xe09\x17\x80h\xbc\xa2N\xd2\
\xb2\xb9\x1e\x0f\x00\x00\xe6e\xf9\xf6\xca\xc9\xb3\xe6z\xf0\
\x9c\x0b\x80\xb9\xbdk\xae\xc7\x02\x00\x80\xf9\xf3Xs\x9e\
\x8b\xe7T\x00j\x86k\x96\xb8\xa9v\xae'\x05\x00\x00\
Y\xd1\xd0\xd0\xdf\xb0\xc7\x5c\x0e\x9cS\x01H\x8cW\xb6\
JZ8\x97c\x01\x00@\xd6T\xa7\xd3Q\xd3\x5c\x0e\
\x9cS\x01p\xd3\xdb\xe7r\x1c\x00\x00\xc8\xae\xc8\xe2\xf6\
9\x1d7\xdb\x03\x9az\x9b\x96\xc9u\xda\x5cN\x06\x00\
\x00\xb2\xcbeg\x9e\xd1\xd9\xb6t\xb6\xc7\xcd\xba\x00\xa4\
\xdd\x1b$\xcd\xf9\xb1\x03\x00\x00\x90UU\x95\x89\xc9\xba\
\xd9\x1e4\xeb\x02\xe0\x12\xcf\xfe\x03\x00P@l\x0e\xfb\
\xf2\xcc\xaa\x00\xb4u\xb6-\x96t\xe6lO\x02\x00\x00\
r\xc9\xcf^}\xed\xeaE\xb39bV\x05`\xfb\xb3\
K\x0c\xdc\xfd\x0f\x00@a\xa9\xae\xdc\xb2\xb0f6\x07\
\xcc\xaa\x00\xb8iN\x8f\x1a\x00\x00\x80\x1c\x8b\xd40\xbb\
\x8f\xcf\xd0\xaa\x1bV%%\xcdy\xcbA\x00\x00\x90;\
\xee\xaak\xeblK\xcc\xf4\xf33.\x00\x8b\xc7\x96\x9d\
\x22i\xf9\x9cR\x01\x00\x80\x5c\xdbsKb\xe2\xa4\x99\
~x\xc6\x05\xc0\x15\xd7\xcf-\x0f\x00\x00\xc8\x07S4\
\xe3\xc7\x01g~\x0f\x80[jNi\x00\x00@^\x98\
\xf9\x8c\x7fY\x9fQ\x01\xa8\xe9mz\x8d\xa4\xd7\xce9\
\x11\x00\x00\xc8\x87\xa3\xce\xeemz\xf5L>8\xa3\x02\
`\xee\xb3\xdea\x08\x00\x00\xe4_\x14\xfb\x8cn\xd8\x9f\
Q\x01\x88\xe4l\xfe\x03\x00@\x11\x88f\xb8a\xdfn\
\x0b\xc0\xca\xcb/\xaep\xd9\xa9\xf3\x8f\x04\x00\x00r\xcd\
M\x7f6\x93\xc7\x01w[\x00V\xbc\xf2\xf1\x93%-\
\xc9J*\x00\x00\x90k\xcb\xb6$\xc6\x8f\xdf\xdd\x87v\
[\x00\x22E,\xff\x03\x00PD\x22%v;w\xef\
\xb6\x008\xd7\xff\x01\x00(.\xb6\xfb\xb9{\x97\x05\xa0\
f\xb8f\x89L\xc7e/\x11\x00\x00\xc8\x83\x93v\xf7\
v\xc0]\x16\x80\xc4\xb6\xcaS$\xcdx_a\x00\x00\
P\x10**\xb6,<yW\x1f\xd8e\x01\xf0H\xdc\
\xfd\x0f\x00@1\x8a|\x97s\xf8\xee\xee\x01\xa0\x00\x00\
\x00P\x84\xdcw=\x87O[\x00R\x83\xa9jI+\
\xb3\x9e\x08\x00\x00\xe4\x9c\xc9NZu\xd5\xaa\x05\xd3}\
\x7f\xda\x02\x10OFo\x96T\x99\x93T\x00\x00 \xd7\
\xaa\xaa\x97,9a\xbaoN[\x00<\xf2\xb7\xe4&\
\x0f\x00\x00\xc8\x073{\xebt\xdf\x9b\xb6\x00\x98l\x97\
w\x0f\x02\x00\x80\xc2\xe6\xae\x13\xa7\xfb\xde\xce\x0b\x80\xcb\
\xe4\xda\xed6\x82\x00\x00\xa0p\x99\xe9d\xb9lg\xdf\
\xdbi\x01Hu\xa7\x0e\x97\xb4gNS\x01\x00\x80\x5c\
{eM_\xd3!;\xfb\xc6N\x0b@\x1c\xd9\xb4K\
\x06\x00\x00\xa0x$<>ig_\x9f\xee\x12\x00\x05\
\x00\x00\x80\x12\xe0\x1e\xcd\xa2\x00\x98M\xfb\xd8\x00\x00\x00\
(\x1en;\xff\xa5\xfee\x05\xa0\xad\xb3\xadR\xd2\x1b\
r\x9e\x08\x00\x00\xe4\x9c\xc9\xdf\xb8\xf2\xf2\x8b+^\xfa\
\xf5\x97\x15\x80-\xd1\xc4\x91\x92\xaa\xf2\x92\x0a\x00\x00\xe4\
Z\xd5\x8a\x15O\xbc\xee\xa5_|Y\x01\x88\x22\xbd)\
?y\x00\x00@>D\xf1\xcb\xe7\xf6\x97\xdf\x03\xe0\x11\
\x05\x00\x00\x80\x12\xe2\xe63(\x00\xf2c\xf3\x11\x06\x00\
\x00\xe4\x87\xfbnV\x00:::\x22\x99\xde\x98\xbfH\
\x00\x00 \xd7Lv\xf4Kw\x04|Q\x01\xb8\xed\xa8\
_\xbdZ\xd2\xe2|\x86\x02\x00\x009\xb7\xac\xa6\xa7e\
\xff\x17~\xe1E\x05\xc0\x12\xe9#\xf3\x9b\x07\x00\x00\xe4\
C\xe4\x99\x17\xcd\xf1/*\x00\x1e\xeb\x88\xfc\xc6\x01\x00\
\x00\xf9`\x91\xef\xa2\x00\x88\x02\x00\x00@)r\x7f\xf1\
\x1c\xff\xe2K\x00F\x01\x00\x00\xa0\x14\x99\xd94+\x00\
.\x93\xebe;\x05\x01\x00\x80\xe2\xe7\xd2\x11/|\x12\
\xe0\xf9\x02\xd0\xd8\xdfx\x80x\x02\x00\x00\x80R\xb5\xa4\
a\xa0a\xdf\xe7\xfe\xe1\xf9\x020\x19\xc7\x87\x85\xc9\x03\
\x00\x00\xf2!\x9d\xd6\xa1\xcf\xfd\xf9\xf9\x02\x10Y\xe2\xd0\
\x9d\x7f\x1c\x00\x00\x94\x02\xb3\x9d\x14\x00\x8f\xe3\xd7\x84\x89\
\x03\x00\x00\xf2\xc3\x9e\x9f\xeb\x9f/\x00f\x11+\x00\x00\
\x00\x944\xdf\xc9\x0a\xc0\x0b\xbe\x08\x00\x00J\xd1\x9fV\
\x00\x92\xcf\x7fI:$L\x18\xe4\xc3\x81{\x1c\xa0\xc3\
\x96\x1f\xa6\xe5U\xcbdf\xbb?\x009w\xe0\x1e\x07\
\x84\x8e\x10\xdc\xa1\xcb\x0e\xd5\xd9\xaf^\x1d:\x06$\xa5\
\xe3\xb4\xc6&\xc6t\xef\xd8\xfd\x1a\x9b\x18\x0b\x1d\x07\xb9\
\xf3\xfc/\xfb&I\xcd=\xcd\xaf\x98T\xfcT\xb8<\
\xc8\x05\x93\xe9\x94\xfd\xdf\xacw\xbe\xee\xed:h\xc9A\
\xa1\xe3\x00(\x02\xee\xae\xdf<}\xb7\xbe\x7fO\x97\xd6\
?\xf1\xf3\xd0q\x90\x03\xf1\x82\xc9\xa5#\xb5#\x9b\x93\
\x924a~\xa0y\xe8H\xc8\xa6\x05\x89\x05\xfa\x87\xe3\
\xfeN'\xefwR\xe8(\x00\x8a\x88\x99\xe9\x88W\xbc\
^\x1f{\xf3G\xf4\xa3G\x7f\xac\xff\xf9\xf9\xffj\x22\
3\x11:\x16\xb2(\x1a_p\x90\xa4_G\x92\x14\x99\
\x1f\x188\x0f\xb2(\x19%\xd4\xf1\xe6\xcb\x98\xfc\x01\xcc\
\xcb\xa9\x07\xbcU\x1f{\xf3G\x94\x8c\x92\xbb\xff0\x8a\
F\xbcc\xce\x8f$\xc93\xa2\x00\x94\x90\xf3\x8f8O\
ox%ov\x060\x7fox\xe5\x91\xba\xf0\x0d\x17\
\x84\x8e\x81,\xb2\xd8\x0f\x92v\x14\x003\x0a@\xa9X\
Q\xbdB\x0d\xaf\xa9\x0f\x1d\x03@\x09\xa9=\xe4l\x1d\
\xb4\x07\xd3D\xa9xn\xce\x7fv\x05@\xce\xed\xc8%\
\xe2\x8cW\x9d\xcer\x1d\x80\xacJXBg\x1f|V\
\xe8\x18\xc8\x12\xd7\x0b\x0a\x80)\xda/l\x1cd\xcbq\
+\x8e\x0d\x1d\x01@\x09:a\x9f\xe3CG@\x96\x98\
l_\xe9O+\x00+\xc2\xc6A\xb6\xec\xb3h\x9f\xd0\
\x11\x00\x94\xa0\x15\xd5{+\x19%B\xc7@\x16<7\
\xe7?\xb7\x13 \x05\xa0D,\xae\xe4\x8d\xce\x00\xb2\xcf\
\xcc\xb4G\xe5\x92\xd01\x90\x05\xb6c\xce\x8fV\xdd\xb0\
*)i\xcf\xb0q\x90-&v\xf9\x03\x90\x1b\xfc|\
)\x19\xafl\xeblKDK6/\xd9[/x'\
\x00\x00\x00(i\x89-\xd2\x9e\xd1\xd4\x14\xcb\xff\x00\x00\
\x94\x93(\x99^\x11Y\xa4W\x86\x0e\x02\x00\x00\xf2\xc8\
3{E\x91\x1b\xd7\xff\x01\x00('\xa6\xe5Q,-\
\x0b\x9d\x03\x00\x00\xe4\x91E\xcb#3\x0a\x00\x00\x00e\
%\xd6\xb2\xc8\xdd\x96\x86\xce\x01\x00\x00\xf2\xc7\xa4e\x91\
\xcc\x97\x87\x0e\x02\x00\x00\xf2\xc7\xa5e\x91\xc9Y\x01\x00\
\x00\xa0\x9c\x98/\x8f\xdc\x8d\xbdc\x01\x00(#\xeeZ\
\x14\x99\xa9:t\x10\x00\x00\x90G\xa6\xeaH\xae\x85\xa1\
s\x00\x00\x80\xfc1ia$V\x00\x00\x00(7\xd5\
\x91\x89\x15\x00\x00\x00\xca\xcc\xc2(\x16+\x00\x00\x00\x94\
\x99\xea\xc8\xe4\x0bB\xa7\x00\x00\x00y\xb50\x92,\x19\
:\x05\x00\x00\xc8\xabd$\x89\x02\x00\x00@yID\
\x92\x12\xa1S\x00\x00\x80\xbcJR\x00\x00\x00(?\xac\
\x00\x00\x00P\x86X\x01\x00\x00\xa0\x0c%\xa2\xd0\x09\x00\
\x00@\xfeE\x922\xa1C\x00\x00\x80\xbc\xcaP\x00\x00\
\x00(?i\x0a\x00\x00\x00\xe5\x87\x15\x00\x00\x00\xcaP\
:\x92\x94\x0e\x9d\x02\x00\x00\xe4U&\x92\x9c\x02\x00\x00\
@yIG.\x1b\x0f\x9d\x02\x00\x00\xe4\xd5\xf6(\x92\
\xb6\x85N\x01\x00\x00\xf2j[\xe4\xd2\xf6\xd0)\x00\x00\
@^m\x8f\xe4\xac\x00\x00\x00Pf\xb6E2V\x00\
\x00\x00('.m\x8f\x9c\x15\x00\x00\x00\xca\x8bk[\
d\xe6[B\xe7\x00\x00\x00\xf9c\xa6\xad\x91\xcc6\x86\
\x0e\x02\x00\x00\xf2\xc8\xf4t$\xd7X\xe8\x1c\x00\x00 \
\x9f|,2\xb3M\xa1c\x00\x00\x80\xfc1\xd7X\xe4\
b\x05\x00\x00\x80\xf2b\x1b)\x00\x00\x00\x94\x1b\xd7X\
$\x8f\xb9\x09\x10\x00\x802\xe2\xf2\xb1(R\xe2\xc9\xd0\
A\x00\x00@\xfeD\xeeOFqz\xe2\x89\xd0A\x00\
\x00@\x1eU\xe9\x89h\x91\x16m\x90\x14\x87\xce\x02\x00\
\x00\xf2\x22\xbdr\xfd\xca\xa7\xa3\xae\xf6\xae\x8c\xe4\x7f\x0c\
\x9d\x06\xd9\xe1\xee\xa1#\x00(Y\xfc|)\x11\x1b:\
::\xe2\xe8\xd9?\x1b\x97\x01J\xc4\xa6\xc9\xcd\xa1#\
\x00(A.\xd7\xe6\xc9gB\xc7@V\xf8\x93\x92\xb4\
\xa3\x00\x88\x02P\x22\xfe\xb0\xe5\x0f\xa1#\x00(AO\
m{J\xe98\x1d:\x06\xb2\xc0w\xfc\xd2\xbf\xa3\x00\
\xf8c!\xc3 {n{\xfcg\xa1#\x00(A?\
\xe5gK\xc90\xd9c\xd2\x8e\x02\xe0\x1e=\x126\x0e\
\xb2\xe5\xba\x87~\xa0\xf1\xf4x\xe8\x18\x00J\x88\xbb\xeb\
\xda\x07\xd7\x86\x8e\x81l\xb1\xf8aiG\x01\xb0H\x14\
\x80\x12161\xa6\xef\xdd\xd3\x19:\x06\x80\x12\xb2\xf6\
\xa1\xebt\xff\xa6\x07B\xc7@\x96\x98?;\xe7\xefX\
\x010\x0a@\x09\xe9\xfem\xaf~\xfc\xfb\x9bB\xc7\x00\
P\x02\xee\xd9\xf8[]~\xc7WC\xc7@\x16\xc5z\
A\x01\x88\xc4\x0a@)q\xb9>s\xdb\xe7\xd4w\xef\
\x80\x9c\xc7v\x00\xcc\xd1O\xfep\xb3>|\xe3G4\
\x99\x99\x0c\x1d\x05Y\xe4\x91=,III\xf2\xca\xc9\
\x875\x99\x0c\x9b\x08Y\x15{\xac\xaf\xfe\xeaJ\x8d>\
\xf2C\xbd\xfd\xf06\x1d\xbb\xe2M\xaaJT\x85\x8e\x05\
\xa0\xc0\xb9\xbb\xee\xd9\xf8[u\xdes\xb5~\xfa\xf8m\
\xa1\xe3 \x17*'\x1f\x95${\xee\x9f\xebz\x1a\x9f\
\x91\xb48X \xe4Te\xa2R\xfb/\xdeO\xcb\x17\
,Wu\xb2:t\x1cH:f\xef\xa3u\xf6\xabW\
\x87\x8e\x11\xd4\x0d\x8f\x8c\xea\xce\xa7\xee\x0a\x1d\x03\x92\xa6\
\xe2\xb4\xc6&\xc6t\xff\xa6\x07\xb4q\x9cw\xc4\x95\xb0\
\xb1\xa1\x96\xfe\xe5\xd2\x8e\x15\x00Ir\xe9~\x93\xde\x18\
.\x13ri23\xa9\x076=\xa8\x076=\x18:\
\x0avX\x5c\xb1H*\xf3\x02p\xe7Sw\xe9\x1a\xee\
.\x07\xf2\xe9\xbe\xe7\xfe\x10=\xff\x07\xd7\xef\xc2d\x01\
\x00\x00\xf9\xe0\xa6{\x9f\xfbs\xb4\xb3/\x02\x00\x80\xd2\
c\xbe\x93\x02`\xf2\xfbv\xfeq\x00\x00P\x0alg\
\x97\x00\xdcY\x01\x00\x00\xa0\x94y\xb4\x93\x15\x80XI\
\xee\x01\x00\x00\xa0\x84%\xcc_\xbe\x020\xd2\xd2\xf3{\
I\xbc\xeb\x11\x00\x80\xd2\xb4y\xa0a\xe0\xf9\x97\xff=\
_\x00dr\x97\xdd\x1d$\x12\x00\x00\xc8\xb5;e\x7f\
\xda\x1e6z\xe1wLbG\x0e\x00\x00J\x90Iw\
\xbe\xf0\x9f_\x5c\x00\x8c\x02\x00\x00@)\x8a_\xf2K\
\xfe\x8b\x0a@\xecF\x01\x00\x00\xa0\x04%\xcc\xa6_\x01\
H$\xd3w\x0a\x00\x00\x94\x9ct\x1cM\xbf\x02\xb0\xf2\
\xe7+\x1f\x12O\x02\x00\x00Pj6\xeex\xda\xefy\
/*\xc7\xb3x$\x00\x00\x18qIDAT\x00\x1d\
\x1d\x1d\xb1\xe4\xbf\xcco&\x00\x00\x90c\xbfx\xe1\x13\
\x00\xd2K\x0a\x80$\xc9\xec\xf6\xbc\xc5\x01\x00\x009\xe7\
z\xf9\xdc\xfe\xb2\x02`.\x0a\x00\x00\x00%\xc4,\xde\
}\x01\x90\xa2\x9f\xe7#\x0c\x00\x00\xc8\x8f(\xe3\xbb/\
\x00\x8fm\xd8\xeb.I\xe3yI\x04\x00\x00rm\xfc\
\x99W<s\xcfK\xbf\xf8\xb2\x02\xb0\xfe\x92+\xa6d\
\xfau~2\x01\x00\x80\x1c\xbbc\xf4\xb4\xd1\xf4K\xbf\
\xb8\x93K\x00\x92\xb9n\xcd}\x1e\x00\x00\x90k&\xdd\
\xb2\xb3\xaf\xef\xb4\x00\xc4n\x14\x00\x00\x00J@l6\
\xf3\x02 \xa3\x00\x00\x00P\x0a\x12\x89\xcc\xcc\x0b\xc0p\
s\xef\xef$=\x95\xd3D\x00\x00 \xa7Lzr\xb0\
a\xf0\x81\x9d}o\x9a\x15\x00\xb9\xc9o\xcbi*\x00\
\x00\x90S.\xbby\xba\xef\xed\xbc\x00<{\xd0N\x97\
\x0c\x00\x00@q0\x8b\xa7\xbd\xa4?m\x01\x88\x15\xdf\
\x98\x9b8\x00\x00 \x1f\xcc\x13?\x9e\xee{\xd3\x16\x80\
\xc5\xe9\x057K\x9a\xccI\x22\x00\x00\x90k\xe3\xcfl\
\xda\xf8\xb3\xe9\xbe9m\x01\xe8j\xef\xda.\xd7\xb4\x07\
\x02\x00\x80\x82v\xcb\xe8\x05\xa3\xd3\xee\xec;m\x01\x90\
$\x97\xfd0\xfby\x00\x00@\xae\x99\xefz\x0e\xdfe\
\x01\x90\xc5?\xcaj\x1a\x00\x00\x90\x17\x19\xcb\xecr\x0e\
\xdfe\x01H&t\x93\xa4\x97\xed\x1f\x0c\x00\x00\x0a\xda\
d\xb2b\xe7[\x00?g\x97\x05`\xa0q\xe0\x19\x13\
\xf7\x01\x00\x00PL\x5c~\xf3`jp\xdb\xae>\xb3\
\xebK\x00\x92\x5cZ\x9b\xbdH\x00\x00 \xd7Lv\xdd\
\xee>\xb3\xdb\x02\x10)\xda\xed \x00\x00\xa0p\x98e\
\xa1\x00<\xb3|\xe3-\x926g%\x11\x00\x00\xc8\xb5\
\x8d\x0b\xa7*\xd6\xef\xeeC\xbb-\x00\xa3\xa7\x8d\xa6%\
\x8df#\x11\x00\x00\xc8\xb9\x1ft\xb5wev\xf7\xa1\
\xdd\x16\x00I2s.\x03\x00\x00P\x0cf\xb0\xfc/\
\xcd\xb0\x00x\x5c1<\xbf4\x00\x00 \x1f<\x8e\xae\
\x9d\xc9\xe7fT\x00\x86Z\xbb\xef\x97\xf4\x9by%\x02\
\x00\x009\xe6\xbf\x1cn\xedyh&\x9f\x9cQ\x01\x90\
$\x93\xd6\xcc=\x10\x00\x00\xc8=\x9b\xf1\x5c=\xe3\x02\
\x10\xbbS\x00\x00\x00(`\xa6hh\xa6\x9f\x9dq\x01\
X\x94\xa9\xbaI\xd2\x1f\xe7\x94\x08\x00\x00\xe4\x98oX\
\x98N\xfet\xa6\x9f\x9eq\x01\xd8\xf1H\xc15s\xca\
\x04\x00\x00r,\x1a\x9e\xc9\xe3\x7f\xcf\x7fzv\x83{\
\xffl\xe3\x00\x00\x80|\x88\x07f\xf3\xe9Y\x15\x80\xa8\
\xc2\x87$\xed\xf2\xe5\x02\x00\x00 \xef\xb6M-\x1a\x9f\
\xd1\xe3\x7f\xcf\x99U\x01\x18L\x0dns\xe7\xe5@\x00\
\x00\x14\x16\x1bZ{\xd6\xda\xad\xb39b\x96\x97\x00$\
\x8b\xbc{\xb6\xc7\x00\x00\x80\xdc1\x9f\xfd\xdc<\xeb\x02\
\x90\x88\xd4/i|\xb6\xc7\x01\x00\x80\x9c\x18\xcf,\x9c\
\x1c\x99\xedA\xb3.\x00\x03\x8d\x03\xcf\xc8t\xfdl\x8f\
\x03\x00\x00\xb9`\xd7\x8e\xd4\x8e\xcc\xfa\xad\xbd\xb3.\x00\
\x92$\xf7\xce9\x1d\x07\x00\x00\xb2\xca\xe78'\xcf\xa9\
\x00$\x12\xea\x91\xb4}.\xc7\x02\x00\x80\xac\xd9\xb6(\
S9\xab\xc7\xff\x9e3\xa7\x020\xd08\xf0\xccl\xf6\
\x1b\x06\x00\x00\xd9g\xa6\xbe\xae\xf6\xae-s9vn\
\x97\x00$E\xa6\xef\xcc\xf5X\x00\x000\x7f\x1e\xfb\x9c\
\xe7\xe29\x17\x80\x05S\x15\xc3\x92\x9e\x9e\xeb\xf1\x00\x00\
`^\x9e\xae\xceT]7\xd7\x83\xe7\x5c\x00\xba\xda\xbb\
&M\xea\x99\xeb\xf1\x00\x00`\xee\x5c\xea\xecj\xef\x9a\
\x9c\xeb\xf1s.\x00\x92\xe4\x91\xbe1\x9f\xe3\x01\x00\xc0\
\xdc\xb8\xc7\xff7\x9f\xe3\xe7U\x00\x86\x9a\xfa\x7f,\xe9\
\xee\xf9\x8c\x01\x00\x00f\xc7\xa4{FZ\x06o\x9d\xcf\
\x18\xf3*\x00\x92$\xd77\xe7=\x06\x00\x00\x98\xb1X\
\xfe5\x99|>c\xcc\xbb\x00X&\xf3\x7f\x92f\xfc\
\xfea\x00\x000/\xe9\x8c'\xbf5\xdfA\xe6]\x00\
\xd6\xb4\xaf\xf9\xbd\xa49\xdf\x85\x08\x00\x00f\xce]#\
\xd7\xb6\xf6<6\xdfq\xe6\x7f\x09@\x92\xe4Wfg\
\x1c\x00\x00\xb0+\x91tU\x96\xc6\x99\xbf\xeatU\xbf\
\xa4'\xb21\x16\x00\x00\x98\xd6c\x8f=\xb5\x22+;\
\xf1f\xa5\x00t\xb5wM\xba\x1b\xab\x00\x00\x00\xe4\xd6\
W\xd6_r\xc5T6\x06\xca\xd2%\x00)\x91\xc9|\
Y\xdc\x0c\x08\x00@\xaed\xdc\x13Y\xfbe;k\x05\
`\xb0}\xf0aI\xd7dk<\x00\x00\xf0B\xb6f\
\xb8\xb5\xe7\xa1l\x8d\x96\xb5\x02 I\xae\xe8\xcb\xd9\x1c\
\x0f\x00\x00<\xcb\x15gu\x8e\xcdj\x01X\x94N\x8e\
\xc8\xf5@6\xc7\x04\x00\x00~\xff\x09w\x1c\xbb6\x9b\
#f\xb5\x00t\xb5we,\xf2\xff\xc9\xe6\x98\x00\x00\
\x94;3}\xbe\xa3\xa3#\xce\xe6\x98Y-\x00\x924\
Y=\xfeUI\x7f\xcc\xf6\xb8\x00\x00\x94\xa9g\xc6\xa7\
\xaa\xbe\x9e\xedA\xb3^\x00\xd6\x9e\xb5v\xabI_\xc9\
\xf6\xb8\x00\x00\x94\xa9\xaf\xaek\xef\xda\x94\xedA\xb3^\
\x00$)J\xf8\x7fK\x1a\xcf\xc5\xd8\x00\x00\x94\x91\x8c\
<\xf9\xbf\xb9\x188'\x05`\xa0q\xe0\x09\xb9\xbe\x97\
\x8b\xb1\x01\x00(\x1f\xd6?\xd4\xda}\x7f.F\xceI\
\x01\x90$O\xe8?\xa5\xf9\xbd\xaa\x10\x00\x80r\x16\xc9\
\xfe+wc\xe7\xc8pS\xff\xaf$]\x9b\xab\xf1\x01\
\x00(m~\xe3`K\xef\x8d\xb9\x1a=g\x05@\x92\
\xe4\xfa\x5cN\xc7\x07\x00\xa0D\xb9\x12\x9f\xce\xe5\xf89\
-\x00C\xad\xfd\xeb\xcct{.\xcf\x01\x00@\x09\xfa\
\xcd\x09w\x1c=\x9c\xcb\x13\xe4v\x05@R\x1c\xe7\xee\
\xfa\x05\x00\x00\xa5\xc8\xdd>\x95\xed\x8d\x7f^*\xe7\x05\
\xe0\x89\xa7\xf6\xfe\x9e\xa4Gs}\x1e\x00\x00J\xc4C\
;\xe6\xce\x9c\xcay\x01X\x7f\xc9\x15S.}&\xd7\
\xe7\x01\x00\xa0$\x98}z\xfd%WL\xe5\xfa49\
/\x00\x92\xb4m\xd3\xa6+$\xfd>\x1f\xe7\x02\x00\xa0\
X\xb9\xf4H\x5c5qe>\xce\x95\x97\x020z\xc1\
\xe8\xb8\xdc>\x9b\x8fs\x01\x00P\xac\xcc\xf5\xff\x8d\xd4\
\x8eL\xe4\xe3\x5cy)\x00\x92\xb4u\xf3\xd8\x97%\xfd\
!_\xe7\x03\x00\xa0\xc8<V\x9d\xa9\xbc*_'\xcb\
[\x01\x18\xbd`t\xdc\xe4\xec\x0b\x00\x00\xc0N\xb8\xf4\
o]\xed]\xdb\xf3u\xbe\xbc\x15\x00I\xb2\x0a\xff\xb2\
\xa4\xc7\xf2yN\x00\x00\x8a\xc0\xa3\xdb6m\xfaZ>\
O\x98\xd7\x020\x98\x1a\xdc&\xd7'\xf3yN\x00\x00\
\x0a\x9d\xbb>6z\xc1h^\xdf\xa2\x9b\xd7\x02 I\
\x8f?\xb5\xe2+\x92\xee\xcb\xf7y\x01\x00(L\xf6\xbb\
m{n\xfaz\xbe\xcf\x9a\xf7\x02\xb0\xfe\x92+\xa6d\
\xde\x91\xef\xf3\x02\x00P\x88\xdc\xf4\xaf\xa3\xa7\x8d\xa6\xf3\
}\xde\xbc\x17\x00I:\xfe\x97\xc7~G\xd2/B\x9c\
\x1b\x00\x80B\xe1\xd2\x1d'\xfc\xf2\x98\xabC\x9c;H\
\x01\xe8\xe8\xe8\x88\xe5\xfe\xd1\x10\xe7\x06\x00\xa0P\xb8\xd9\
\xa5\xb9\xde\xf3\x7f:A\x0a\x80$\x0d\xb5\x0e\x0cHv\
]\xa8\xf3\x03\x00\x10\x92\xc9\xae\x1fi\xee\x1b\x09u\xfe\
`\x05@\x92\xa28\xf3\xf7\x92\xf2~\xdd\x03\x00\x80\xc0\
2q\xe4\x7f\x172@\xd0\x020x\xce\xe0\x9d\x92\xf2\
\xfa\xdc#\x00\x00\xc1\xb9}i\xb8\xa9\xffW!#\x04\
-\x00\x92\x14\xa7+/\x934\x16:\x07\x00\x00y\xb2\
1\xaa\xcc|,t\x88\xe0\x05`\xa4\xbdk\x83\xc9?\
\x11:\x07\x00\x00y\xe1\xf6\xd1\xc1\xd4\xe0S\xa1c\x04\
/\x00\x92\xf4\xd8\x86}\xbe`\xd2=\xa1s\x00\x00\x90\
c\xbfy\xfc\xa9\xbd\xbf\x1c:\x84T \x05`\xfd%\
WL\xb9\xfb?\x84\xce\x01\x00@.\xb9\xfc\x03\xeb/\
\xb9b*t\x0e\xa9@\x0a\x80$\x0d\xb5\x0e\x0cI\xba\
&t\x0e\x00\x00r\xc1]\x83\xc3-\x03\x053\xcf\x15\
L\x01xV\xf4\x01I\x05\xd1\x8c\x00\x00\xc8\xa2IY\
\xf4\x8f\xa1C\xbcPA\x15\x80\xa1\x96\xde\xdf\x98\xf4\xa5\
\xd09\x80|\x98\x8c'CG\x08\x8e\xbf\x03\x94\x91\xcf\
\x0f\xb7\xf4\xfe6t\x88\x17*\xa8\x02 IS\xe9\xca\
\x8fI\x0a~w$\x90kO\x8fo\x0c\x1d!8\xfe\
\x0eP&\x9e\x98HW~2t\x88\x97*\xb8\x02p\
m{\xd7\xd3\xee\xf6\x81\xd09\x80\x5c\xbbo\xec>e\
<\x13:F0\xe98\xa3{7\xf2fp\x94>s\
\xfd\xed\xba\xf6\xaeM\xa1s\xbcT\xc1\x15\x00I\x1an\
\xed\xfb\xa6\xc9\xd7\x84\xce\x01\xe4\xd23\x93[t\xc7\x86\
\xa0\x1b\x81\x05u\xc7\x86;\xb4ejK\xe8\x18@n\
\x99\x86\xd7\xb4\xf6\x7f?t\x8c\x9d)\xc8\x02 I\xb1\
'\xffJ\x12?\x1dP\xd2\xbeu\xd7w\xe4\xf2\xd01\
\x82\xf8\xee\xdd\x05\xf93\x11\xc8\xa6g\x92\xa6\xbf\x0c\x1d\
b:\x05[\x00\x86[{\x1e\x92\xdbe\xa1s\x00\xb9\
t\xcf\xc6\xdfj\xe8\xfe\xe1\xd01\xf2n\xf0\xbe!\xfd\
\xe6\xe9\xbbC\xc7\x00r\xca\xa5\x7f\xe9o\xea\x7f$t\
\x8e\xe9\x14l\x01\x90\xa4\xe3\x7fu\xcc\xe7\xe5\xfaI\xe8\
\x1c@.}\xe5\x8e+u\xe3\xefo\x0a\x1d#o~\
\xf2\x87\x9b\xf5\xb5__\x19:\x06\x90S&\xddr\xc2\
\x1do*\xe8\xa7\xda,t\x80\xdd\xa9\xedk<\xcab\
\xfdLRe\xe8,@\xae\x98L-\x875\xe9\x9d\xaf\
{\xbb\x16$\x17\x84\x8e\x93\x13\xe3\x99qu\xdes\xb5\
\xba~\xdb-\xf7\xf2\xbc\xec\x81\xb21\x19Gz\xd3H\
S\xff]\xa1\x83\xecJ\xc1\x17\x00I\xaa\xefn\xfa\x84\
\x9b\xffk\xe8\x1c@\xae-\xabZ\xa63^u\xbaN\
\xd8\xe7x\xed\xbbh\x1f-[\xb0LV\x1c\xff\x99\xee\
\xd4\xd8\xc4\x98\x1e\xdf\xfa\x84~\xfa\xf8mZ\xf7\xd0\xf5\
zz\xfc\xe9\xd0\x91\x80|\xf8\xe8PK\xff\xc7C\x87\
\xd8\x9d\xa2\xf8\xc9R3\x5cS\x15\x8dW\xfe\x5c\xd2\x11\
\xa1\xb3\x00\x00\xb0\x0bw\xc7\x0b&\x8f\x19\xa9\x1d\x99\x08\
\x1ddw\x0a\xfa\x1e\x80\xe7\x8c\xd4\x8eL\xc4\x1e_(\
)\x0e\x9d\x05\x00\x80i\xc4\xb1\xfbE\xc50\xf9KE\
R\x00$i\xa4u\xf0\x16\xb9_\x1e:\x07\x00\x00;\
c\xd2\xff\x8e\xb4\x0e\x14\xcd\x1d\xbdES\x00$)\x91\
\xd4\x07%\xb1u\x18\x00\xa0\xd0\xfcvr\xd1\xf6\x0f\x85\
\x0e1\x1bEU\x00\x06\x1a\x07\x9e\xf1\xd8\xdf!\xde\x18\
\x08\x00(\x1ci\x8ft\xfe\xda\xb3\xd6n\x0d\x1dd6\
\x8a\xaa\x00H\xd2\xf09\x03?\x93Tp/U\x00\x00\
\x94'\x97.\x1bn\xea\xbf5t\x8e\xd9*\xba\x02 \
I\xc7\xdf\xf1\xa6O\xba\xfc\x87\xa1s\x00\x00\xca\xde\x8f\
\x17\xa5+?\x13:\xc4\x5c\x14\xc5c\x80;\xd3\xd8\xd7\
x`:\xd6/%-\x0f\x9d\x05\x00P\x96\xc6\xdc\x13\
\xc7\x0c\xb7\xf6<\x14:\xc8\x5c\x14\xe5\x0a\x80$=\xbb\
\xbf\xb2_\x12:\x07\x00\xa0\x5c\xf9\xfb\x8au\xf2\x97\x8a\
\xb8\x00H\xd2P\xcb@\x97\xa4o\x87\xce\x01\x00(/\
.]5\xd42\xf0\xbd\xd09\xe6\xa3\xa8\x0b\x80$M\
\xa4+\xdf/\xe9\xc1\xd09\x00\x00\xe5\xc2\xef\xf7\x05\x93\
\x7f\x17:\xc5|\x15}\x01X\xd7\xde\xb5)v\x7f\xb7\
\xa4L\xe8,\x00\x80\x92\x97\x8e\xdd\xcf\x1d\xa9\x1d\xd9\x1c\
:\xc8|\x15}\x01\x90\xa4\x91\xd6\x81\x9bd\xfe\xef\xa1\
s\x00\x00J\x9b\x9b\x7fl\xa4u\xf0\x96\xd09\xb2\xa1\
$\x0a\x80$m]\xb6\xf9\xe3\x92FC\xe7\x00\x00\x94\
(\xd3\xbaESU\x9f\x0a\x1d#[\x8a\xf61\xc0\x9d\
Y\xdd\xd3\xbcw\x85\xe2\xf5\x92\x0e\x08\x9d\x05\x00PB\
L\x0f\xc7S\x95\xc7\x8d\xb4wm\x08\x1d%[Jf\
\x05@\x92\xd6\xb6\xf4>\xe9\x91\xce\x91T\x14ob\x02\
\x00\x14\x85q\xcfxk)M\xfeR\x89\x15\x00I\x1a\
n\xea\xbf\xd5\xe4E\x7fw&\x00\xa0@\x98\xfd\xd5\x8e\
m\xe8KJ\xc9\x15\x00IZ\xd32\xf0e\xc9\xae\x0c\
\x9d\x03\x00P\xf4.\x1fj\xee\xfbZ\xe8\x10\xb9P\x92\
\x05@\x92\xb6n\x1a{\xbfL%\xd7\xd8\x00\x00y\xf3\
\xd3x\xc1\xe4\xdf\x86\x0e\x91+%[\x00F/\x18\x1d\
\x8f\xa6\xe2VIO\x85\xce\x02\x00(:\x7f\xcc\x98\xbd\
}\xa4v\xa4d\xef)+\xd9\x02 I\x83\xed\x83\x0f\
\x9b\xd9;\xc4&A\x00\x80\x99\xcbDf\xef\xba\xa6\xb9\
\xef\xc1\xd0Ar\xa9\xa4\x0b\x80$\xadi\xee\xfb\x81\x5c\
\x1f\x09\x9d\x03\x00P4.\x1dl\xee[\x1b:D\xae\
\x95\xd4>\x00\xd3rYmOc\x8f\x99\x9aBG\x01\
\x00\x142\xeb\x1aj\xee{\xbbL\x1e:I\xae\x95\xfc\
\x0a\x80$\xc9\xe4\x89\xca\xf8\x5c\xb9n\x0d\x1d\x05\x00P\
\xa0L?\x9bZ\xb4\xed\x82r\x98\xfc\xa5r)\x00\x92\
\x06S\x83\xdb\xd2J4K*\xdaw7\x03\x00r\xe6\
\xc1D\xe4\xf5k\xcfZ\xbb5t\x90|)\x9b\x02 \
I\xd7\xb6\xf6<\x16G\xaa\x954\x16:\x0b\x00\xa0`\
l\x92\xa2\xd4@\xe3\xc0\x13\xa1\x83\xe4SY\x15\x00I\
\x1ai\xea\xbf\xcb\xcc\x9a%M\x86\xce\x02\x00\x08n\xca\
\xccZ\x87Zz\x7f\x1d:H\xbe\x95]\x01\x90\xa45\
\xcd}\xa3&\xfde\xe8\x1c\x00\x80\xa0\xdc\xa4\x8b\xd64\
\xf7\xfd t\x90\x10\x12\xa1\x03\x84\xf2\xdb\xef\xdf\xf3\x8b\
\xc3\xdb_\x9f\x94\xe9\xd4\xd0Y\x00\x00At\x0c\xb5\xf4\
\x7f>t\x88P\xca\xe31\xc0\xe9\xb8\xac\xbe\xaf\xf1\xff\
\xdcu^\xe8(\x00\x80|\xf2\xef\x0e5\x0f\x9c[.\
w\xfc\xefLY^\x02x\x9e\xc9\x1f{r\xc5\x85\x92\
\xcar\xf9\x07\x00\xca\x91\xcb\x7f\x18/\x98*\x9b\xc7\xfd\
\xa6S\xde+\x00;\x9c\xd1\xd9\xb6\xb4*9y\xa3\xa4\
7\x84\xce\x02\x00\xc8\xa9\xbbT\x99>e\xa8~hc\
\xe8 \xa1\x95\xf7\x0a\xc0\x0e\xeb\xda\xbb6\xb9'\xeae\
z8t\x16\x00@\xce<\x98\x8ct6\x93\xff\xb3X\
\x01x\x81\x86\xfe\x86C3\x19\xfb\x91\xa4}Cg\x01\
\x00d\xd5\x13\x99\x84\xbf\xed\x9a\xc6\x81{B\x07)\x14\
\xac\x00\xbc\xc0@\xe3\xc0\xbdR\xb4Z\xd2\x1fCg\x01\
\x00d\xcdSq\xa4\xd3\x99\xfc_\x8c\x02\xf0\x12C-\
\xbd\xbfv\xb33$\xb1D\x04\x00\xc5o\x93\xcc\xce\x1e\
i\xea\xbf+t\x90BC\x01\xd8\x89\xe1\xe6\xbe_\x98\
\xa2:I[Bg\x01\x00\xcc\xd96EJ\x0d5\xf7\
\xad\x0f\x1d\xa4\x10Q\x00\xa6\xb1\xa6\xa5\xf7f3k\x92\
4\x1e:\x0b\x00`\xd6&\x15\xabe\xa8\xa9\xff\xc7\xa1\
\x83\x14*\x0a\xc0.\xaci\xee\xfb\x81b5I\x9a\x08\
\x9d\x05\x000cS\xae\xa8u\xe8\x9c\xfekC\x07)\
d\x14\x80\xddx\xf6_ \x7f\x97\xa4t\xe8,\x00\x80\
\xdd\xcaH~\xfepK\xef\x9a\xd0A\x0a\x1d\x05`\x06\
\x86Z\x06z$\xbfD*\xef]\xa3\x00\xa0\xc0\xc5n\
v\xd1P\xcb\xc0\xf7B\x07)\x06\xec\x030\x0b\xf5=\
\x0d\xe7\xba\xec\xeb\x92\x92\xa1\xb3\x00\x00^$#\xf9\xc5\
C-\x03W\x86\x0eR,(\x00\xb3T\xdb\xdb\xd4n\
\xee\xdf\x92T\x11:\x0b\x00@\x924%\xf9\xb9C-\
\x03]\xa1\x83\x14\x13\x0a\xc0\x1c\xd4u7\xd4\xc9\xecj\
I\x0bBg\x01\x8027\x11\x99\xbdc\xb0\xb9\xaf/\
t\x90bC\x01\x98\xa3\xfa\xde\xa6U\xee> i\x8f\
\xd0Y\x00\xa0,\xb9\xb6\xbay\xf3p\xcb\xc0u\xa1\xa3\
\x14#\x0a\xc0<\xa4\xbaS\xc7\xc7\x16]#i\xcf\xd0\
Y\x00\xa0\xcc\x8c)R\xddPS\xffOB\x07)V\
\x14\x80yJu\xa7\x8e\x8d-\xbaV\xd2+Cg\x01\
\x802\xf1\xb4\x99\xd5\xaci\xee\xfbi\xe8 \xc5\x8c\x02\
\x90\x05u=\xcd\xaf\x97\xe2u\x92\xf6\x0b\x9d\x05\x00J\
\xdc\xe3\x1ei\xf5pS\xff\xafB\x07)v\x14\x80,\
I\x0d\xa4\x0e\x8e\xd3\xb6N\xb2CBg\x01\x80\x12\xf5\
P\x22\xe1g<\xfb\xe6V\xcc\x17\x1b\x01e\xc9`\xc3\
\xe0\x03\xee\xc9\xd3%\xdd\x1d:\x0b\x00\x94\xa0;\x93\x91\
\xde\xca\xe4\x9f=\x14\x80,\x1an\xedyH\x95\xe97\
K\x1a\x0d\x9d\x05\x00J\x85\xc9\xae\xaf0;\xa5\xbf\xa9\
\xff\x91\xd0YJ\x09\x05 \xcb\x86\xea\x876V\xa7+\
\xcf2\xd37Cg\x01\x80\xa2\xe7\xfa\xfa\xc2tEM\
_s\xdfX\xe8(\xa5\x86{\x00r\xc5e\xf5=M\
\x1fu\xf3\x8f\x88\xbfg\x00\x98-7\xb7\x8f\xafi\xe9\
\xfb\x98\x8c\xf7\xb0\xe4\x02\x13S\x8e\xd5\xf54\xfc\xb9d\
WH\xaa\x0c\x9d\x05\x00\x8a\xc4\xa4\xbb]4\xdc\xda\xc7\
Jj\x0eQ\x00\xf2\xa0\xa6'uz\xa4\xa8[\xd2\xb2\
\xd0Y\x00\xa0\xc0m4\xb3\x965\xcd}\xa3\xa1\x83\x94\
:\x0a@\x9e\xa4\xaeN\x1d\x19G\xd1\x1aI\xaf\x0e\x9d\
\x05\x00\x0a\x92\xeb\x01YT7\xd4\xd2\xfb\x9b\xd0Q\xca\
\x01\x05 \x8fj;k\xf7\xb1\x8a\x8aA\xb9\x8e\x0b\x9d\
\x05\x00\x0a\xccO\x13\x09o\x18h\x1cx\x22t\x90r\
\xc1S\x00y4\xdc>\xfc\xf8T\xf5\xf6U\x92\xf5\x84\
\xce\x02\x00\x85\xc3\xba\xa2\x8a\xf84&\xff\xfcb\x05 \
\x04\x97\xd5\xf75\xfc\x8d\xbb}VR2t\x1c\x00\x08\
$#\xe9\xc3C\xcd\xfd\xff\xc1\x9d\xfe\xf9G\x01\x08(\
\xd5\xd3\xfc\xb6X\xf1\xf7%\xad\x08\x9d\x05\x00\xf2\xec)\
\xb9\xde9\xd4\xda\xbf.t\x90rE\x01\x08\xac\xa6\xbb\
\xe5\x80H\x99\xabe:1t\x16\x00\xc8\x0f\xfby\xc6\
\xd4zMs\xdf\x83\xa1\x93\x943\xee\x01\x08l\xa4\xb5\
\xe7\xd1x\xe1\xe4\xdb$}%t\x16\x00\xc853}\
\xb3:]q\x0a\x93\x7fx\xac\x00\x14\x90\xfa\x9e\xc6\xf3\
]\xfa\xb2\xa4\x85\xa1\xb3\x00@\x96M\x98\xfc\xaf\xd7\xb4\
\x0c\xf0\xcbN\x81\xa0\x00\x14\x98Tw\xea\xd8\xd8\xa2n\
\xb1_\x00\x80\xd2\xf1\xa8G:g\xb8\xa9\xff\xd6\xd0A\
\xf0'\x5c\x02(0\x83\xad\x83?\x8f*\xe2\xe3%\xbb\
.t\x16\x00\xc8\x82\xd1D\xc2\x8fc\xf2/<\x14\x80\
\x024\x98\x1a|j\xeb\xf2\xb1Zs\xfb\x98\xa4t\xe8\
<\x000\x07i7\xbf\xac:]y\x06\xcf\xf7\x17&\
.\x01\x14\xb8\xfa\xde\xa6\x13<\xf6o\xcbth\xe8,\
\x000C\x0f\xc6\xee\xef\x1ei\x1d\xb8)t\x10L\x8f\
\x15\x80\x02\xb7\xa6\xb9\xef\xa7\x89\xa4\x1f+\xf7+Bg\
\x01\x80\xdd1\xd37\x13\x09\x7f#\x93\x7f\xe1c\x05\xa0\
\x88\xd4w7\x9e\xe3\xa6\xcb%\xed\x19:\x0b\x00\xbc\xc4\
&\x93\xbf\x7fM\xcb\xc0\xb7C\x07\xc1\xccP\x00\x8aL\
\xaa3uP&i\xdf0\xd9\xdbBg\x01\x80\x1dn\
\x8e\x92\xf1\xb9\x83\x0d\x83\x0f\x84\x0e\x82\x99\xa3\x00\x14\xa3\
?\xbdK\xe0?$U\x86\x8e\x03\xa0l\xa5\xcd\xed\xdf\
\x16f*>\xd1\xd5\xde\x95\x09\x1d\x06\xb3C\x01(b\
\xa9\xee\xd4\xf1\xb1E\xdf\x92\xf4\xda\xd0Y\x00\x94\x19\xd7\
\x03J\xe8\xddCM\xfd?\x09\x1d\x05s\xc3M\x80E\
l\xb0u\xf0\xb6\xeat\xe5J\xb9\xfd\xaf\xa48t\x1e\
\x00e!6\xe9\xf3S\x8b\xb7\x1f\xc5\xe4_\xdcX\x01\
(\x11\xf5=\xcd'\xbb\xe2\xafJ:\x22t\x16\x00%\
\xeb\xce\xd8\xe3\x8bFZ\x07o\x09\x1d\x04\xf3\xc7\x0a@\
\x89X\xd3\xd2{\xf3\xe3\x1bV\x1c#\xe9RI\x13\xa1\
\xf3\x00()S\x92>\x1d/\x98\x5c\xc9\xe4_:X\
\x01(A\xa9\xabSGz\x14}\xd5\xa5\x93Bg\x01\
P\xe4\x5c?\x89\x13z\xefHS\xff]\xa1\xa3 \xbb\
(\x00\xa5\xcaeu}M\xef\x95\xfbg%\xed\x11:\
\x0e\x80\xa2\xb3M\xd2\xc7\xab\xd3\x95\x9f\xe5\x0e\xff\xd2D\
\x01(q\x0d\xfd\x0d\xfb\xa5\xd3\xf6E35\x85\xce\x02\
\xa0H\x98\x86\xa3\xa9\xf8}\x83\xed\x83\x0f\x87\x8e\x82\xdc\
\xa1\x00\x94\x89\xfa\x9e\x86s]\xfa/\xc9\xf6\x0a\x9d\x05\
@\xc1zB\xf2\xbf\x1bj\x19\xf8^\xe8 \xc8=n\
\x02,\x13kZ\x06\xbe]a\xd1kM\xfa\xbcx\xc3\
 \x80\x17\x9b2\xe9\xf3\x13\xe9\xca\xc3\x99\xfc\xcb\x07+\
\x00e\xa8\xbe\xa7\xf9hW\xfc\x05Io\x0d\x9d\x05@\
`\xa6uQ&\xfe\xbb\xc1s\x06\xef\x0c\x1d\x05\xf9E\
\x01(c\xf5}\x8d)w\xfd\xaf\x5c\x07\x85\xce\x02 \
\xbfL\xba\xc7\xdd\xffa\xa8u`(t\x16\x84A\x01\
(s\xab\xaf]\xbd\xa8b\xeb\xc2\xbf\x92\xf4a\xf1\xb4\
\x00P\x0e6J\xfatu\xba\xf2\xbf\xba\xda\xbb&C\
\x87A8\x14\x00H\x92\xea;\xeb\xf7\xf7D\xf4\x11\x99\
]()\x11:\x0f\x80\xac\x8b\xcd\xf4\xed\xccT\xe5?\
\x8c\xb4wm\x08\x1d\x06\xe1Q\x00\xf0\x22\xa9\xee\xd4\xb1\
\xb1E\x9f\x93\xb4*t\x16\x00\xd9a\xb2\xeb\xa38\xfe\
\xfb\x81s\x06\xee\x08\x9d\x05\x85\x83\x02\x80\x9d\xaa\xedi\
\xae7e>)\xd9\xd1\xa1\xb3\x00\x98\x1b3\xdd\x9e\x91\
}x\xa4\xb9o$t\x16\x14\x1e\x0a\x00\xa6\xe7\xb2\xba\
\xde\x86s\xa4\xe8\xdf$?,t\x1c\x003\xf6\xa0\xcc\
>u\xfc/\x8f\xf9jGG\x07o\x0a\xc5NQ\x00\
\xb0[+/\xbf\xb8b\xdf\xbd\x1e\xbf\xd0e\x97I\xda\
/t\x1e\x00\xd3z\xd4\xe4\x1f\xdf\xb2|\xf3U\xa3\xa7\
\x8d\xb2\xdf\x07v\x89\x02\x80\x19k\xebl\xab\xdcV1\
\xf5\x17r\xff\x88\xa4\xfdC\xe7\x01\xf0\xbc'$\xfdW\
u\xba\xf2\xf3]\xed]\xdbC\x87Aq\xa0\x00`\xd6\
^P\x04.\x93t@\xe8<@\xb9r\xe9\x91\xc8\xfc\
s\x0b\xa7\xaa\xae`\xe2\xc7lQ\x000g\xab\xaeZ\
\xb5`\xf1\xb2%\x17\xc5n\xffl\xd2\x81\xa1\xf3\x00e\
\xc3\xf4\xb0b}:^8\xf9\xb5\x91\xda\x91\x89\xd0q\
P\x9c(\x00\x98\xb7g\xef\x11x\xe2\x9d.}P\xd2\
\x11\xa1\xf3\x00%\xec\xd7&}\xe6\xb1\x0d+\xbe\xbb\xfe\
\x92+\xa6B\x87Aq\xa3\x00 {\x5cV\xdf\xdfX\
\xef\x19]*\xd3\x9bC\xc7\x01J\xc8z\x93>\x7f\xdc\
\x1do\xfa\x16w\xf5#[(\x00\xc8\x89\xda\xee\x86S\
\xcd\xa2\x0fH\x9e\x12o\x9d\x04\xe6\x22#Y\x7f$\xfb\
\xaf\xc1\x96\xde\x1bC\x87A\xe9\xa1\x00 \xa7\xea\xba[\
\x0f\x91\xa5/\x96t\x89\xa4e\xa1\xf3\x00E\xe0\x19\xb9\
\x7f7\x93\xd4\x7f^\xd38pO\xe80(]\x14\x00\
\xe4\xc5\x19\x9dmK\x17$'.t\xb7\xbf\x92\xe9\xe0\
\xd0y\x80\xc2\xe3\xf7\xcb\xa3/\xc4\x0b'\xae\x1c\xa9\x1d\
\xd9\x1c:\x0dJ\x1f\x05\x00y\xd5\xd1\xd1\x11\xddv\xd4\
\xed\xa7\xcb\xecb\xc9\x9b%%Cg\x02\x02\x8ae\xba\
^\xeeWT\xa7\xabz\xba\xda\xbb2\xa1\x03\xa1|P\
\x00\x10LC\x7f\xc3~\x99\x8c\x9d\xe7\xd2\xfby\x8c\x10\
e\xe6qI\xff\x971\xfb\xf25\xcd}\x0f\x86\x0e\x83\
\xf2D\x01@p+/\xbf\xb8b\xc5\xdeO6\x98\xfb\
\x05\x92\xce\x16\xaf#FiJ\x9b\xfc\x1a\xb9]\xf9\xd8\
S+\xd6\xf0\x18\x1fB\xa3\x00\xa0\xa0\x9c\xd5\xdd\xb2o\
E\x94nw\xb7\x0b%\x1d\x15:\x0f0_&\xdd#\
\xb7\xefY&s\xe5`\xfb\xe0\xc3\xa1\xf3\x00\xcf\xa1\x00\
\xa0`\xd5t7\xbc%\x92\xce\x97\xd99\x92\xf6\x0c\x9d\
\x07\x98\x85?\xba\xd4\x15)\xfa\xc6\x9a\x96\xde\x9bC\x87\
\x01v\x86\x02\x80\x82\xd7\xd6\xd9\x96\xd8\x96\x98<\xcd\x22\
\x9d\xef\xaefI\x8bCg\x02vb\xdc\xe4\xeb\x5c\xfa\
Fu\xba\xaa\xbf\xab\xbdk2t `W(\x00(\
*\x0d\xfd\x0d{\xa4\xd3QSdq\xbb\xcb\xce\x94T\
\x15:\x13\xca\xda\xb8\xa4\xb5&\xef\x9c\x5c4\xde\xb7\xf6\
\xac\xb5[C\x07\x02f\x8a\x02\x80\xa2\x95\x1aLU{\
&\xfa3\xb9\xdaX\x19@\x1em7\xf9\x0f$\xeb\xca\
,\x98\xec\xe3\x99}\x14+\x0a\x00JBj0U\xed\
\x93Q\xad\x9b7Jv\xb6\xa4W\x86\xce\x84R\xe2\x1b\
\x5c6b\xf2\xfe\xa8\xc2\xaf\x19L\x0dn\x0b\x9d\x08\x98\
/\x0a\x00JNGGGt\xdb\xd1\xbfx\x93\xc5J\
\xb9y\xbd\xa4c\xc5\xbf\xeb\x985\xbf\xdfdk\xdc5\
\xb8u\xcfM\xa3\xa3\xa7\x8d\xa6C'\x02\xb2\x89\x1f\x8a\
(y\xb5\xdd-\xaf\x922g\x9b\xd9j\xc9O\x17\xef\
$\xc0\xce=-\xe9z\x99]\x17Me\xae\xe1\x91=\
\x94:\x0a\x00\xcaJ[g[bKb\xfc\xf8H\x89\
3e\xf1j\xc9N\x94T\x11:\x17\x82\x98\x92t\xb3\
\x9b_'\xb3\xeb\x16MV\xfe\x8c\xadxQN(\x00\
(k\xa9\xc1T\xb5\xa6\x92\xc7\xc6\x8a\xdf\x22\xd3\x19r\
\xbdE\xd2\xc2\xd0\xb9\x90\x13S\x92\xee\x90\xb4\xce\x22\xdd\
\x94\xa9\x9c\xfc!7\xf0\xa1\x9cQ\x00\x80\x17Xu\xd5\
\xaa\x05\xd5K\x96\x9c`fo5\xf9I.\x9d(\xd9\
^\xa1sa\xf6Lz\xd2\xa5[\xcc\xfc\x16\xf3\xc4\x8f\
\xd3\x0b\xc6o\x1b\xa9\x1d\x99\x08\x9d\x0b(\x14\x14\x00`\
7\x1a\xfa\x1b\x0e\x8d3:\xd1=:\xc9M'\x9a\xfc\
(I\x0bB\xe7\xc2\x8b\x8cK\xbaC\xa6[\xcd\xfdV\
\xf7\x8a\x9b\x87Z\xbb\xef\x0f\x1d\x0a(d\x14\x00`\x96\
V\xdd\xb0*\xb9\xc7\x1f\xf78<\x8e\xec\x08\xf3\xe8H\
Y\xbc\x92\x95\x82\xbc\xda,\xe9W&\xadw\xb3;#\
\xb7\xbb\xf8\xed\x1e\x98=\x0a\x00\x90%uk\xea\x96G\
\x93\x95G\xc6\xe6G\x98\xfb\x91n:B\xeeGS\x0c\
\xe6l\xb3\xa4\xdf\x99\xe9.w\xddi\x91\xee\xf2L\xf2\
\xce\xa1\x96\xee\x07d\xf2\xd0\xe1\x80bG\x01\x00r\xac\
\xa1\xbfa\xbftZ\x87\x9a\xe9P\xf7\xe8P\xb3\xf85\
Rt\xa8\xe4\xaf\x91\xb44t\xbe\xc0\xc6$\xdd'\xf9\
}\x92\xddk\xd2\xbd\xb1\xfb}\x19%\x7fwmk\xcf\
c\xa1\xc3\x01\xa5\x8c\x02\x00\x04T3\x5c\xb3$\xb9-\
y\xa0+zUl:0\x92\x1d\x10\x9b\x1fd\xb2}\
%\xdfG\xd2^;\xfe\x97\x08\x1cu\xb62\x926\xb8\
\xf4\xa4\xa4\xc7%=\x1e\xb9=\xec\x91\x1e\xb1\x8c?j\
\x8a\x1fJW\xa7\x1f\xe1.| \x1c\x0a\x00P\xe8\x5c\
\xd60\xd0\xb0w&\x93\xd8K\x9e\xd9K\xa6\xe5\xb2h\
\xb9b-3i\x99\xcc\x97\xfb\xb3\x9b\x1bU\xcb\xb4\x87\
\x5cU\x92\xaa%-\x92\xbcR\xb2\xa5\x92\xa2\x17\x8c\xb8\
@/\x7f\xd4q\xbb\x9e\xbd\x91\xee9\xb1\xe4\x9b$\x9b\
\x94\xb4U\xd26\x99&\xe4\xb6Y\xf2\xedr\xdbh\xd2\
\x98Kc\xb2x\xa3\xa41\xb96\xca\x12\x1b\xa6\xa4'\
\xd76\xf7n`\x99\x1e(l\xff?\x11\xcb\x80\xd6{\
\xef\xb3\x1c\x00\x00\x00\x00IEND\xaeB`\x82\
\x00\x00-\xac\
\x89\
PNG\x0d\x0a\x1a\x0a\x00\x00\x00\x0dIHDR\x00\
\x00\x02\x00\x00\x00\x02\x00\x08\x06\x00\x00\x00\xf4x\xd4\xfa\
\x00\x00\x00\x04sBIT\x08\x08\x08\x08|\x08d\x88\
\x00\x00\x00\x09pHYs\x00\x00\x0e\xc4\x00\x00\x0e\xc4\
\x01\x95+\x0e\x1b\x00\x00\x00\x19tEXtSof\
tware\x00www.inksca\
pe.org\x9b\xee<\x1a\x00\x00 \x00ID\
ATx\x9c\xed\xdd{\xf4^Uy\xe0\xf1o\xc2%\
\x88\x97p\xadV*\xa9\x97\x82\x88\xb7\xca\xa8E\x19\xab\
\x10)Z\x11o\x19\xabK\x82\xb5-\xbd\xcd\xd25\xce\
t\xb0\xb5\xed\xd8\xd6\xba\xec\xf4j\xebj\x8d\xab\xd2\x1a\
\x04\x15\xad\x05A\xab\x22Z+\x95v\x0a\x0a\x15\x04\x14\
! \x10D \xc8%$!\x97\xf9c\xe7g~&\
\xbf\xdf{=\xe7}\xf6\xe5\xfbY\xebY\xda\x1a\xc2~\
\x9fw\xefs\x9e\xf7\x9c}\x9e\x03\x92Zs\x10p:\
p\x19p5p\x06\xf0\x98\xd0\x11I\x92\xa4^,\x03\
N\x06\xce\x05\xb6\x00;v\x8b\xad\xc0E\xc0j`\xff\
\xa01J\x92\xa4\x8e\x1c\x03\xbc\x07\xf8\x1e{\x9e\xf4\x17\
\x8b{\x80\xb5\xc0J`\xc9\xec\x87,I\x92&q\x18\
\xf0\x16\xe0JF?\xe9/\x16\xd7\x01\xef\x00\x9e0\xcb\
\x0f I\x92F\xf30`\x15p\x01\xe9r\xfe\xb4'\
\xfe\xddc\x1bp\x09i\xef\xc0#g\xf4\x99$I\xd2\
\x02\x96\x02\xc7\x01k\x80{\xe9\xfe\xa4\xbfXl$\xed\
%8\x19\xd8\xab\xf7O)I\x92\x00XA\xda\xb9\xff\
mfw\xd2_,n\x01\xde\x0d\x1c\xd1\xeb'\x96$\
\xa9Q\xcbI;\xf4/\x02\xb6\x13\x7f\xe2_(.#\
\xed=8\xa4\xa7\x1cH\x92\xd4\x84\xbdH;\xf1\xd7\x02\
\x0f\x10\x7f\x82\x1f56\x91\xf6\x22\xac\x02\xf6\xe9<+\
\x92$U\xeah\xd2e\xf5\xf5\xc4\x9f\xcc\xa7\x8d\xbbH\
{\x14\x8e\xe94C\x92$Ub\xae;\xdf%\xc4\x9f\
\xb4\xfb\x0a\xbb\x0eJ\x92\xc4\xf0\xee|\xb5\x86]\x07%\
IM\x9a\xa4;_\xada\xd7AIR\xd5\xba\xec\xce\
Wk\xd8uP\x92T\x85\xbe\xbb\xf3\xd5\x1av\x1d\x94\
$\x15'\xaa;_\xada\xd7AIR\xd6V\x90O\
w\xbeZ\xc3\xae\x83\x92\xa4,\x94\xd0\x9d\xaf\xd6\xb0\xeb\
\xa0$i\xa6J\xed\xceWk\xd8uP\x92\xd4\xab\x9a\
\xba\xf3\xd5\x1av\x1d\x94$u\xa2\x85\xee|\xb5\x86]\
\x07%Ici\xb5;_\xada\xd7AI\xd2@v\
\xe7\xab?\xec:(I\x02\xec\xce\xd7r\xd8uP\x92\
\x1acw>c~\xd8uP\x92*fw>c\x94\
\xb0\xeb\xa0\x9a\xe2}0\xd5l\x05\xf0s\xa4_w^\
\xea\xd58n\x05>\x04\x9c\x09|3x,\x92\xa4\x11\
\xd8\x9d\xcf\xe8:\xec:(I\x99\xb2;\x9f1\x8b\xb0\
\xeb\xa0\xaa\xe2-\x00\x95\xech\xe0T\xe04l\xf8\xa2\
\xd9\xba\x1b\xf88\xf0~\xe0\xf2\xe0\xb1H\x13\xb1\x00P\
i\x0e\x02^C\xba\xcc\xff\xfc\xe0\xb1H\x00\xdf ]\
}\xfa p{\xf0X\xa4\x91Y\x00\xa8\x04\xcb\x80\x13\
I\xbf\xf6_\x81\x97_\x95\xa7m\xc0\x17\x81\xb3HW\
\x076\xc6\x0eG\x1a\xcc\x02@9;\x86\xf4K\xff\xf5\
\xb8\x01Ke\xf9>\xf0I\xd2\x95\x81\x8bI{\x08\xa4\
\xacX\x00(7\x87\x91.\xf1\xbf\x09xz\xf0X\xa4\
.|\x13\xf80\xa9\x18\xb8!x,\xd2\x0fX\x00(\
\x07\x0f\x03^F\xfa\xb5\xff\x12l\xc2\xa2:m\x07.\
%\x15\x02\x1f\x06\xee\x8b\x1d\x8eZg\x01\xa0(K\x81\
\xe7\x91\xee\xeb\xbf\x0e\xdb\xb0\xaa-\x0f\x02\x17\x92\xf6\x0b\
|\x9a\xb4\x7f@\x9a)\x0b\x00\xcd\xda\x0a\xec\xce'\xcd\
g\xd7A\x85\xb0\x00\xd0,,\x07N!\xfd\xda?\x01\
\xe7\x9d\xb4\x98\xcbIW\x05\xce\x06\xee\x0c\x1e\x8b*\xe7\
\x81X}\xd9\x0bx\x11\xe9\xbe\xfe\xab\x81\xfdc\x87#\
\x15e3\xa9\x9d\xf5Z\xe0<\xe0\xa1\xd8\xe1\xa8F\x16\
\x00\xea\x9a\xdd\xf9\xa4n\xd9uP\xbd\xb0\x00P\x17\xec\
\xce'\xcd\x86]\x07\xd5\x19\x0b\x00M\xca\xee|R\x1c\
\xbb\x0ejj\x16\x00\x1a\xd7\xb1\xa4_\xfa\xaf\x05\x0e\x0c\
\x1e\x8b\xa6s\xcd\xce\xff<*t\x14\x9a\xd6\x06\xe0\xa3\
\xa4+\x03\x97\x06\x8fERe\x0e#\xbd\x0f\xfdJ\xe2\
_\xc9jL\x17\x1b\x805\xc0q\xec\xfa\x01p4\xf0\
n\xe0\x8e\x0c\xc6gL\x17\xd7\x01\xef\xc0Gl%M\
\xe1a\xa4\xf7\x9e_\x00l%\xfe\xc0fL\x1e[I\
;\xcaW\xef\xfc^\x17\xb3/p2p.i\x17z\
\xf4\xb8\x8d\xc9c\x1bp\x09\xa9\xdf\x86M\xb6$\x0d\xb5\
\x94\xf4\xcbp\x0dp/\xf1\x071c\xba\xb8\x1a8\x03\
x4\xe3;\x90t\xf2\xb8$\x83\xcfaL\x17\x1bI\
E\xdd\xc9\xd8f[\xd2nV\x90N\x14\xdf&\xfe`\
eL\x17\xb7\x01\xef\x01~\x92\xee\x1cE\xba\xac\xbc.\
\x83\xcfgL\x17\xb7\x90n\xf7\x1c\x81\xa4f-']\
\x12\xbe\x88\xf4\x92\x92\xe8\x03\x931yl\x22\xdd\xaaY\
E\xbfOc,\x05V\x926\x9b\xdd\x9f\xc1\xe76\xa6\
\x8b\xcbH{{|\xd5\xb6\xd4\x80\xbd\xd8u\x00\x7f\x80\
\xf8\x03\x90\xd1\xcd\x01\xfc`f\xcf\x02\xb2\x9e\x98U\x01\
))\xc0\xdc.\xef\xf5\xc4\x1fl\x8c\xe9\xe2;;\xbf\
\xcb\x9f \x1f\x87\x93n!]O|~\x8c\xe9\xe2.\
\xd2\x1e\xa0c\x90T\xac\x83p\x13W-1\xb7\x89k\
%\xf9\xf7\xee8\x067\x91\xd6\x12s\x9bHm\xe9-\
\x15`\x19\xbb\x1e\xe3\xdaB\xfc\x01\xc4\x98<\xe6?\xc6\
\xf5\x08\xca\xb3\x1f\xbb\x1e#}\x88\xf8|\x1a\x93\xc7\xfc\
\xc7H}\xa9\x97\x94\x99cH;\xbf\xbfG\xfc\xc1\xc2\
\x98.\xae!\xed\xb8\x7f<\xf5x,i\xaf\xc2\x15\xc4\
\xe7\xd7\x98.\xee!\xed!*\xe1j\x94T-\xbb\xf3\
\xd5\x13\x0bu\xe7\xab\x95]\x07\xeb\x89k\xb1\xeb\xa04\
3v\xe7\xab'F\xed\xceW+\xbb\x0e\xd6\x13v\x1d\
\x94zbw\xbe\xbab\x9a\xee|\xb5\xb2\xeb`=a\
\xd7A\xa9\x03+\xb0;_-\xd1Gw\xbeZ\xd9u\
\xb0\x9e\xb0\xeb\xa04\x06\x9b\xab\xd4\x136W\x99\x8e]\
\x07\xeb\x0a\xbb\x0eJ\x0b\xb0;_]\x11\xd9\x9d\xafV\
\x16\xc6\xf5\x84\x85\xb1\x84\xdd\xf9j\x8a\x1c\xbb\xf3\xd5\xca\
\xae\x83\xf5\x84]\x07\xd5\x14\xbb\xf3\xd5\x13%u\xe7\xab\
\x95]\x07\xeb\x09\xbb\x0e\xaaJv\xe7\xab'J\xef\xce\
W+\xbb\x0e\xd6\x13v\x1dT\x15\xec\xceWO\xd4\xd8\
\x9d\xafVv\x1d\xac'\xec:\xa8\xa2\xd8\x9d\xaf\x9eh\
\xa9;_\xad\xec:XO\xd8uPY\xb2;_=\
\xd1zw\xbeZ\xd9u\xb0\x9e\xb0\xeb\xa0\xc2\xd9\x9d\xaf\
\xae\xb0;_;\xec:XO\xd8uP3\xb5\x02\xbb\
\xf3\xd5\x12v\xe7\x93]\x07\xeb\x09\xbb\x0e\xaa\x176!\
\xa9'lB\xa2\x85\xd8u\xb0\xae\xb0\xeb\xa0\xa6bw\
\xbe\xba\xc2\xee|\x1a\x95\x05\x7f=a\xc1\xaf\xb1\xd8\x9d\
\xaf\x9e\xb0;\x9f\xa6e\xd7\xc1z\xc2\xae\x83Z\x90\xdd\
\xf9\xea\x09\xbb\xf3\xa9/v\x1d\xac'\xec:\xd88\xbb\
\xf3\xd5\x13v\xe7\xd3,\xd9u\xb0\x9e\xb0\xeb`c\xec\
\xceWO\xd8\x9dO\xd1\xec:XO\xd8u\xb0Rv\
\xe7\xab'\xec\xce\xa7\x5c\xd9u\xb0\x9e\xb0\xeb`\xe1\xec\
\xceWO\xd8\x9dO%\xb1\xeb`=a\xd7\xc1\x82\xd8\
\x9d\xaf\xae\xb0;\x9fJg\xd7\xc1z\xc2\xae\x83\x99Z\
\x81\xdd\xf9j\x09\xbb\xf3\xa9Vv\x1d\xac'\xec:\x18\
\xccf\x1d\xf5\x84\xcd:\xd4\x12\xbb\x0e\xd6\x15v\x1d\x9c\
\x11\xbb\xf3\xd5\x15v\xe7S\xeb\xfc!SO\xf8C\xa6\
'v\xe7\xab'\xec\xce'-\xcc\xae\x83\xf5\x84]\x07\
\xa7dw\xbez\xc2\xee|\xd2x\xec:XO\xd8u\
pDv\xe7\xab'\xec\xce'M\xcf\xae\x83\xf5\x84]\
\x07\x17aw\xbez\xc2\xee|R?\xec:XO4\
\xdfu\xd0\xee|\xf5\x84\xdd\xf9\xa4\xd9\xb2\xeb`=\xd1\
L\xd7A\xbb\xf3\xd5\x13v\xe7\x93\xe2\xd9u\xb0\x9e\xa8\
\xb2\xeb\xa0\xdd\xf9\xea\x0a\xbb\xf3Iy\xb2\xeb`=Q\
|\xd7\xc1\x15\xd8\x9d\xaf\x96\xb0;\x9fT\x16\xbb\x0e\xd6\
\x13\xc5t\x1d\xb4\xa9E=aS\x0b\xa9|v\x1d\xac\
+\xb2\xeb:hw\xbe\xba\xc2\xee|R\x9d\xfc\x81V\
O\x84\xff@{\x0av\xe7\xab%\xec\xce'\xb5\xc5\xae\
\x83\xf5\xc4\xcc\xba\x0e\xda\x9d\xaf\x9e\xb0;\x9f$\xb0\xeb\
`M\xd1y\xd7A\xbb\xf3\xd5\x13v\xe7\x93\xb4\x18\xbb\
\x0e\xd6\x13Sw\x1d\xb4;_=aw>I\xe3\xb0\
\xeb`=1r\xd7A\xbb\xf3\xd5\x13v\xe7\x93\xd4\x05\
\xbb\x0e\xd6\x13\x0bv\x1d\x5c\x0d\x5cL\xbaD\x1c=@\
c\xf2\xd8\x02\x9c\x0f\xbc\x8at\xebF\x92\xba\xb2\x8ct\
l9\x1fo\x07\x97\x1e\xdbH\xe7\xfc\xd5Kv\xfe?\
T\xaeo\x90.\xf1\xfc=\xf0\xdd\xd8\xa1Hj\xc0\x81\
\xa4\xfd\x02\xab\x81\xe7\x07\x8fES\xb0\x00(\xd3z\xe0\
c\xa4\x93\xfe\xd7b\x87\x22\xa9aG\x01\xaf\x05\xdeH\
\xea\x00\xab\x82X\x00\x94c3ig\xe7Z\xe0<\xd2\
N]I\xca\xc1R\xe0x\xd2U\x81W\x01\x0f\x8f\x1d\
\x8eFa\x01\x90\xbf\xcb\x81\xb3\x80\x0f\x91\x9a>HR\
\xce\x96\x03\xa7\x00\xa7\x02'\xe0F\xe4lY\x00\xe4\xe9\
\x16\xe0l\xe0\x03\xc0\xb7\x82\xc7\x22I\x93:\x1cx\x1d\
\xf0K\xc0\x13\x83\xc7\xa2\xddX\x00\xe4\xe3A\xe0B\xe0\
\xfd\xa4\x1d\x9a~/\x92jr\x0c\xa9\x11\xd9\xeb\xa8\xe8\
\x9d\xf7%\xb3\x00\x88\xb5\x1d\xb8\x94t_\xff\x1c\xd2\x1b\
\xbb$\xa9f\xfb\x91:\xcc\xae\x06N\x02\xf6\x8e\x1dN\
\xbb,\x00b\x5c\x0b|\x14\xf8 pc\xf0X$)\
\xcacI\x8f\x14\xfe<\xf0\x8c\xe0\xb14\xc7\x02`v\
\xee!\xbdS\xe1,\xe0_1\xef\x924\xdf\xd1\xa4\x8d\
\x83o\x02\x0e\x0d\x1eK\x13,\x00\xfa\xb5\x0d\xf8\x22\xe9\
\xa4\xff1\xd2}~I\xd2\xe2\xf6\x05~\x86T\x0c\x9c\
\xb2\xf3\xffV\x0f,\x00\xfaaw>I\x9a\x9e]\x07\
{d\x01\xd0\x1d\xbb\xf3IR\x7f\xec:\xd8\x83\xe8\x17\
\x13\x94\x1c\x9bH\xef\xcf^\x05\xec3n\xe2%Ic\
[Jz\xbd\xedZ\xd2\x93S\xd1\xe7\x81\x92#|\x00\
%\xc6\x16\xe0\xed\xa4\x8eW\x92\xa4\x18\xcbI\xc7b\xdf\
P8Y\x84\x0f\xa0\xd4\xd8J\xea\xcd\xbf\x1a\xd8\x1fI\
\xd2\xac,#\xf5\x128\x17O\xfe\x13\x87{\x00\xbaq\
\x0f\xe9V\xc0Z\xec\xe2'I}9\x86\xf4\xa3\xebu\
\xf8\xa8\xe0\xd4,\x00\xbaw\x1d\xf0\x11l\xf2#I]\
8\x0cx\x0d6\x0b\xea\x9c\x05@\x7fl\xf3+I\x93\
\xb1]\xf0\x0cX\x00\xcc\xc6\xdc\x8b~\xce\x02>Mj\
\x10$I\xdae)\xf0<R\x03 _\x184\x03\x16\
\x00\xb37\xf7\xaa\xdf3\x81o\x06\x8fE\x92\xa2\xf9\xca\
\xe0 \x16\x00\xb1.']\x158\x1b\xb83x,\x92\
4+\xcbIm~O\x05N \x9d\x8b4c\x16\x00\
y\xd8Lz\xa4p-p\x1e\xf0P\xecp$\xa9s\
K\x81\xe3I\xf7\xf5_\x05<<v8\xb2\x00\xc8\xcf\
\xdd\xc0\xc7\x815\xc0W\x83\xc7\x22I\xd3z\x0a\xe9\xa4\
\x7f\x1a\xf0\x98\xe0\xb1h\x1e\x0b\x80\xbc\xf9R!I%\
:\x88\xf4\xe8\x9e/\xf1\xc9\x98\x05@\x19\xe6\xbfV\xf8\
\xe3\xc0\xc6\xd8\xe1H\xd2\x1e\x96\x01'\x92\xee\xeb\xbf\x02\
\xdf\x8f\x92=\x0b\x80\xf2\xd8uPRN\xec\xceW(\
\x0b\x80\xb2\xd9uPR\x04\xbb\xf3U\xc0\x02\xa0\x0ev\
\x1d\x94\xd47\xbb\xf3U\xc6\x02\xa0>v\x1d\x94\xd4\x15\
\xbb\xf3U\xcc\x02\xa0nv\x1d\x944\x09\xbb\xf35\xc0\
\x02\xa0\x1dv\x1d\x944\x88\xdd\xf9\x1ac\x01\xd0\x1e\xbb\
\x0eJ\x9acw\xbe\x86Y\x00\xb4\xcd\xae\x83R\x9b\xec\
\xce'\x0b\x00\xfd\x80]\x07\xa5\xba\xd9\x9dO?\xc4\x02\
@\xbb\xb3\xeb\xa0T\x0f\xbb\xf3iQ\x16\x00\x1a\xc4\xae\
\x83R\x99\xec\xce\xa7\xa1,\x004*\xbb\x0eJy\xb3\
;\x9f\xc6b\x01\xa0q\xd9uP\xca\x87\xdd\xf941\
\x0b\x00M\xc3\xae\x83\xd2\xec\xd9\x9dO\x9d\xb0\x00PW\
\xec:(\xf5\xcb\xee|\xea\x94\x05\x80\xfa`\xd7A\xa9\
\x1bv\xe7So,\x00\xd4'\xbb\x0eJ\xe3\xb3;\x9f\
ffG\xe6\xf1\xfb\xc0\xba\x0c\xc6aL\x17\xeb\x81?\
\x05\x9e\x86\xa4\x85<\x8d\xb4F\xd6\x13\xbf^\x8d\xe9b\
\x1d\xe9\xdc\x15=\x8e\x81Q\xc2\x15\x80%\xb8\xe9\xa56\
v\x1d\x94\x12\xbb\xf3\xd5c\xa1M\xd1\xb9\x9f_\xe3\xab\
\x90!\xb1\xbb\xfd\x80U\xa4\x065\x0fe0>c\xf2\
\xd8J\xbaE\xb0\x1a\xd8\x1f\xa9\x0d\xcbH\x8f\xee\x9d\x0b\
l!~\x1d\x1a\x93\xc76\xe0\x12\xe0t\xe0\x11\xec)\
z|\x03\xa3\x94+\x00\x8b\x99k|\xf1&\xe0\xe9\xb3\
\x19\x8ezb\xd7A\xd5\xce\xee|\xf5\x18\xb51Z\xd6\
\xc7\xb1\xd2\x0b\x80\xf9\x5c\x5c\xf5\xb0\xeb\xa0jaw\xbe\
zL\xf2#%\xf7\xf3k\xfce\x88!1./\xaf\
\xd5\x13\xc3.\xafI9\xf26e=1\xedm\xca\xe8\
\xf1\x0f\x8c\x9a\xae\x00,\xc4\x0d6\xf5\xb0\xeb\xa0r\xe6\
F\xe5\xbat\xb5Q9\xeb\xf3k\xed\x05\xc0|O!\
\x15\x02\xa7\x01\x8f\xe9\xe8\xefT\x0c\xbb\x0e*\x17v\xe7\
\xab\xc7\xdd\xa4W\xa0\xaf\x01\xbe\xda\xd1\xdf\x99\xfb\xf95\
\xfe2\xc4\x90\xe8\xdaR`%\xa9\xba{ \x83\xcfg\
L\x17\x97\x01o\x01\x0eA\x9a\x8d\xe5\xa4\x1f\x13\x17\x91\
^\x8e\x15\xbd\x06\x8c\xc9c\x13\xe9V\xcd*`\x1f\xba\
\x17\xfd\xf9\x86E\xf8\x00\x86\x0e\xb0G.\xe4z\xa2\xef\
\x85\xac\xb6\xcd\xff\xe1p?\xf1\xf3\xdd\x98.f\xf5\xc3\
!\xfas\x0e\x8c\x96n\x01\x0c\xe3\xa5\xbcz\xf4q)\
Om\xf2\xd6a=\x22n\x1df}~\xb5\x00\xd8\x93\
\x9by\xeab\xd7A\x8d\xcb\xcd\xc3\xf5\x88\xde<\x9c\xfb\
\xf95\xfe2\xc4\x90\x88\xe4\xe3<\xf5\x84]\x075\x88\
\x8f\x0f\xd7\x139=>\x1c\x9d\x8b\x81\xe1\x15\x80\xd1\xd9\
u\xb0\x1ev\x1d\xd4\x1c\x1b\x88\xd5#\xc7\x06bY\x1f\
[,\x00&\xe3A\xa3\x1e9\x1e4\xd4/\xbb\xf3\xd5\
#\xf7b>\xb7\xf1\xec!\xfc2\xc4\x90\xc8\x99\x97\x0d\
\xeb\x89\x9c.\x1b\xaa{\xde\xce\xab'J\xba\x9d\x17\x9d\
\xab\x81\xe1\x15\x80\xee\xb8q\xa8\x1e\xd1\x1b\x87\xd4\x0d7\
\xf4\xd6\xa5\xc4\x0d\xbdY\x9f_-\x00\xfa\xe1\xa3C\xf5\
\xb0\xeb`y|\xa4\xb7\x1e\xa5?\xd2\x9b\xfb\xf95\xfe\
2\xc4\x90(\x99]\x07\xeb\x0a\xbb\x0e\xe6\xcb\xa6^\xf5\
DMM\xbd\xa2s9,\xc2\x070t\x80\x95\xf0\x00\
UO\xd4t\x80*\x99\xdd\xf9\xea\x8a\x1a\x0b\xec\xe8\x9c\
\x0e\x0co\x01\xc4\xf0\x12e=J\xbfDY\x22o\xb1\
\xd5\xa3\xf6[lY\x9f_-\x00b\xb9I\xa9.%\
nR*\x85\x9bl\xeb\xd1\xd2&\xdb\xdc\xcf\xaf\xf1\x97\
!\x86D+|L\xa9\x9e(\xe91\xa5\x9c\xf9\x98m\
=\xd1\xeac\xb6\xd1y\x1f\x18^\x01\xc8\x93]\x07\xeb\
\x91{\xa3\x92\x1c\xd9h\xab\x1e\xad7\xda\xcaz\xbd[\
\x00\xe4\xcf\x83a=Z?\x18\x0ebw\xbezX\xf4\
\xee\x92\xfdg\x0f\xbf\x0c1$\x94x9\xb4\x9eh\xf5\
r\xe8\xee\xbc\xedUOx\xdbka\xd1\xdf\xcb\xc0\xf0\
\x0a@\x99\xdc\x10U\x8f\x966D\x81\x1b_k\xe3\xc6\
\xd7\xc1\xb2>\xbfZ\x00\x94\xcfG\xa2\xeaQ\xf3#Q\
>\xfaZ\x0f\x1f}\x1d]\xee\xe7\xd7\xf8\xcb\x10CB\
\xa3\xb1\xeb`]QCS\x14\x9b_\xd5\x136\xbf\x9a\
L\xf4\xf76,\xc2\x070t\x80\x1a\x9b\x07\xdez\xa2\
\xb4\x03\xaf\xdd\xf9\xea\x8a\x1a\x0a\xd1H\xd1\xdf\xdf\xc0\xf0\
\x16@\xfd\xbc\xf4Z\x8f\x9c/\xbdz+\xaa\x1e5\xdf\
\x8a\x9a\xb5\xac\xcf\xaf\x16\x00\xedp\xf3U]r\xd8|\
\xe5f\xd4z\xb4\xb6\x19uVr?\xbf\xc6_\x86\x18\
\x12\xea\x9e\x8f_\xd5\x13\xb3~\xfc\xca\xc7Q\xeb\x09\x1f\
G\xed_\xf4w<0\xbc\x02 \xbb\x0e\xd6\xa3\xcf\x06\
,6\xa4\xaa\x87\x0d\xa9f'\xeb\xf3\xab\x05\x80\xe6\xf3\
 _\x8f.\x0e\xf2v\xe7\xab\x87\xdd\xf9bd\x9f\xe7\
\xf0\xcb\x10CB\xb3\xe7e\xdezb\xdc\xcb\xbc\xde\x1e\
\xaa'\xec\xce\x17/z\x0e\x0c\x0c\xaf\x00h\x187z\
\xd5c\xb1\x8d^n\x10\xadK\x0e\x1bD\x95d}~\
\xb5\x00\xd08\x9eNz\xcc\xeb\xf5\xf8\xa8W\xe9n\x22\
\x9d$ \x15w+\x02\xc7\xa2\xe9\xdd\x0e\x9cC\xba\xe5\
\xf3\x9f\xc1c\xd1.Y\x9f_-\x004\x89\xa5\xc0\xf1\
\xa4\x13\xc7\xab\xf1\xf2\xa2\x14a3\xe9\x12\xffZ\xe0<\
\xd2-\x1b\xe5%\xeb\xf3\xab\x05\x80\xa6\xb5\x1c8\x85t\
\xf9\xf8\x04\xfc\xbe\xa4\xbe]N\xba\x8ds6pg\xf0\
X4X\xd6\xe7W\x0b\x00ui\xae\xeb\xe0\xe9\xc0\x13\
\x82\xc7\x22\xd5\xc4\xee|e\xca\xfa\xfcj\x01\xa0>\xb8\
\xa9L\x9a\x9e\xdd\xf9\xca\x97\xf5\xf9\xd5\x02@}\xdb\x8f\
\xf4H\xe1j\xe0$`\xef\xd8\xe1HY\xdb\x0e\x5cJ\
\xba\xaf\x7f\x0e\xe9\x85J*W\xd6\xe7W\x0b\x00\xcd\x92\
]\x07\xa5\x85\xd9\x9d\xafNY\x9f_-\x00\x14\xc5\xae\
\x83j\x9d\xdd\xf9\xea\x97\xf5wj\x01\xa0h\xcb\x80\x13\
I\xfb\x05^A\x19\xef\xbc\x97&\xb5\x0d\xf8\x22\xe9\xbe\
\xfe\xc7\x81\x8d\xb1\xc3Q\xcf\xb2>\xbfZ\x00('v\
\x1dT\xad\xec\xce\xd7\xa6\xac\xcf\xaf\x16\x00\xca\xd5SH\
\x85\xc0i\xd8uPe\xba\x9b\xf4+\x7f\x0d\xf0\xd5\xe0\
\xb1(F\xd6\xe7W\x0b\x00\xe5\xce\xae\x83*\x89\xdd\xf9\
4_\xd6\xe7W\x0b\x00\x95\xc4\xae\x83\xca\x95\xdd\xf9\xb4\
\x90\xac\xcf\xaf\x16\x00*\x95]\x07\x15\xcd\xee|\x1a&\
\xeb\xf3\xab\x05\x80Jg\xd7A\xcd\x92\xdd\xf94\x8e\xac\
\xcf\xaf\x16\x00\xaa\x89]\x07\xd5\x07\xbb\xf3iRY\x9f\
_-\x00T+\xbb\x0ejZv\xe7\xd3\xb4\xb2>\xbf\
Z\x00\xa8\x05v\x1d\xd4\xa8\xec\xce\xa7.e=\x7f,\
\x00\xd4\x12\xbb\x0ej!v\xe7S_\xb2>\xbfZ\x00\
\xa8Uv\x1d\x94\xdd\xf9\xd4\xb7\xac\xcf\xaf\x16\x00\x92]\
\x07[bw>\xcdR\xd6\xe7W\x0b\x00i\x17\xbb\x0e\
\xd6\xc9\xee|\x8a\x92\xf5\xf9\xd5\x02@Z\x98]\x07\xcb\
gw>E\xcb\xfa\xfcj\x01 \x0dg\xd7\xc1r\xd8\
\x9dO9\xc9\xfa\xfcj\x01 \x8d\xce\xae\x83y\xb2;\
\x9fr\x95\xf5\xf9\xd5\x02@\x9a\x8c]\x07c\xd9\x9dO\
%\xc8\xfa\xfcj\x01 M\xcf\xae\x83\xb3cw>\x95\
$\xeb\xf3\xab\x05\x80\xd4-\xbb\x0ev\xcf\xee|*U\
\xf6suG\xe6!\x95h\x19\xe9\x16\xc1\xb9\xc0\x16\xe2\
\xd7Qi\xb1\x95\xf4\xe8\xdej|\x1cS\xe5\x8a^G\
\x03\xc3+\x00R\xff\xec:8:\xbb\xf3\xa9&\xb9\x9f\
_\xe3\xab\x90!!\xd5\xe4)\xc0\xbb\x81\xf5\xc4\xaf\xad\
\x5c\xe2.Rg\xbegM\x91W)G\xd1kk\xe8\
\xf95z\x00C\x07(Uh)\xb0\x92\xf4k\xf7\x01\
\xe2\xd7\xd9\xacc\x13\xe9\xbe\xfe*|)\x93\xea\x15\xbd\
\xce\x86\x9e_\xa3\x070t\x80R\xe5\x96\x93n\x0f\x5c\
Dz\xbc-z\xcd\xf5\x19\x97\x01o\x01\x0e\xe9$s\
R\xde\xa2\xd7\xdb\xd0\xf3k\xf4\x00\x86\x0ePj\xc8\xe1\
\xc0\x19\xc0\xb7\x89_{]\xc5wH\xb7=\x8e\xe80\
OR\x09\xa2\xd7\xde\xd0\xf3k\xf4\x00\x86\x0ePj\xd0\
R\xe08\xd2\xbd\xf1{\x89_\x87\xe3\xc6F\xd2\x13\x10\
'\x03{u\x9c\x1b\xa9\x14\xd1\xeb\xd0\x02@*\xdc\xc3\
I\xb7\x08>O\xfcz\x1c\x16\x9f\xdf9\xd6\x87\xf7\x92\
\x09\xa9,\xd1\xebq`\xf8\x18\xa0T\x16\xd7\xabT\x8e\
\xac\xd7\xeb\xd2\xe8\x01H\x92\xa4\xd9\xb3\x00\x90$\xa9A\
\x16\x00\x92$5\xc8\x02@\x92\xa4\x06Y\x00H\x92\xd4\
 \x0b\x00I\x92\x1ad\x01 IR\x83,\x00$I\
j\x90\x05\x80$I\x0d\xb2\x00\x90$\xa9A\x16\x00\x92\
$5\xc8\x02@\x92\xa4\x06Y\x00H\x92\xd4 \x0b\x00\
I\x92\x1ad\x01 IR\x83,\x00$Ij\x90\x05\
\x80$I\x0d\xb2\x00\x90$\xa9A\x16\x00\x92$5\xc8\
\x02@\x92\xa4\x06Y\x00H\x92\xd4 \x0b\x00I\x92\x1a\
d\x01 IR\x83,\x00$Ij\x90\x05\x80$I\
\x0d\xb2\x00\x90$\xa9A\x16\x00\x92$5\xc8\x02@\x92\
\xa4\x06Y\x00H\x92\xd4 \x0b\x00I\x92\x1ad\x01 \
IR\x83,\x00$Ij\x90\x05\x80$I\x0d\xb2\x00\
\x90$\xa9A\x16\x00\x92$5\xc8\x02@\x92\xa4\x06Y\
\x00H\x92\xd4 \x0b\x00I\x92\x1ad\x01 IR\x83\
,\x00$Ij\x90\x05\x80$I\x0d\xb2\x00\x90$\xa9\
A\x16\x00\x92$5\xc8\x02@\x92\xa4\x06Y\x00H\x92\
\xd4 \x0b\x00I\x92\x1ad\x01 IR\x83,\x00$\
Ij\x90\x05\x80$I\x0d\xb2\x00\x90$\xa9A\x16\x00\
\x92$5\xc8\x02@\x92\xa4\x06Y\x00H\x92\xd4 \x0b\
\x00I\x92\x1ad\x01 IR\x83,\x00$Ij\x90\
\x05\x80$I\x0d\xb2\x00\x90$\xa9A\x16\x00\x92$5\
\xc8\x02@\x92\xa4\x06Y\x00H\x92\xd4 \x0b\x00I\x92\
\x1ad\x01 IR\x83,\x00$Ij\x90\x05\x80$\
I\x0d\xb2\x00\x90$\xa9A\x16\x00\x92$5\xc8\x02@\
\x92\xa4\x06Y\x00H\x92\xd4 \x0b\x00I\x92\x1ad\x01\
 IR\x83,\x00$Ij\x90\x05\x80$I\x0d\xb2\
\x00\x90$\xa9A\x16\x00\x92$5\xc8\x02@\x92\xa4\x06\
Y\x00H\x92\xd4 \x0b\x00I\x92\x1ad\x01 IR\
\x83\xf6\x8e\x1e\x80\xa4\xb1,\x89\x1e\x80\xa4:x\x05@\
\x92\xa4\x06Y\x00H\x92\xd4 \x0b\x00I\x92\x1ad\x01\
 IR?\xee\x8d\x1e\xc0 \x16\x00\x92$\xf5\xe3G\
\x80\x17\x03\x7f\x09\xdc\x11<\x96=,\x01vD\x0fb\
\x08w=K\x92J\xb7\x0fp\x02\xb0jg<2v\
8\xc9\x8e\xccC\x92\xa4\x9a\xecG*\x02.\x02\xb6\x13\
x~\x8d>\xc1[\x00H\x92Z\xf5d\xe0\xff\x02w\
b\x01`\x01 Ij\xce2`5p5\x16\x00\x16\
\x00\x92\xa4\xe6,\x01V\x02\x17\xd0\xff\xed\x81\xf0\x13\xbc\
\x05\x80$I{z.\xa9\x10\xb0\x00\x90$\xa9A\xc7\
\xd2O!\x10~\x82\xb7\x00\x90$i\xb8\x17\x01\x97b\
\x01 IRs\x96\x90\x1e!\x5c\x87\x05\x80$I\xcd\
\xd9\x1f8\x03\xb8\x0f\x0b\x00I\x92\x9as8\xf0\x8fX\
\x00H\x92\xd4\xa4\x93\x81[\xb0\x00\x90$\xa99\x07\x00\
k\x18\xbd\x7f@\xf8\x09\xde\x02@\x92\xa4\xee\xac\x04n\
\xc6\x02@\x92\xa4\xe6,\x07\xce\xc1\x02@\x92\xa4&\xad\
f\xf1'\x05\xc2O\xf0\x16\x00\x92$\xf5\xe7H\xe0\xab\
X\x00H\x92\xd4\x9ce\xc0\xdfb\x01 IR\x93N\
\x076c\x01 IRs\x8e\x03\xd6/!\xff\x93\xec\
\x92\xe8\x01H\x92T\x99\xc7Y\x00H\x92\xd4\xa0\xa5\xd1\
\x03\x90$I\xb3g\x01 IR\x83,\x00$Ij\
\x90\x05\x80$I\x0d\xb2\x00\x90$\xa9A\x16\x00\x92$\
5\xc8\x02@\x92\xa4\x06Y\x00H\x92\xd4 \x0b\x00I\
\x92\x1ad\x01 IR\x83,\x00$Ij\x90\x05\x80\
$I\x0d\xda;z\x00Rer\x7f\xb9\x96\xfa\x91\xfb\
K\xcbZ\x9e\x97\x0f\x00[\x80m\xc0]\xf3\xe2\x0e`\
\xdd\xce\xb8\x11\xb8v\xe7\xff\xbf\x19\xbe\x0dP\xeaV\xee\
\xebI\xfd\xc8\xfd8\xe5\xbc\x1c\xcd\xad\xc0\xd7\x81+\x80\
K\x81\xaf\x00w\x86\x8e\xa8G\x16\x00R\xb7r_O\
\xeaG\xee\xc7)\xe7\xe5dv\x00\xd7\x01_\x00>\xb3\
\xf3?\x1f\x08\x1dQ\x87,\x00\xa4n\xe5\xbe\x9e\xd4\x8f\
\xdc\x8fS\xce\xcbnl\x06\xfe\x198\x17\xf8G`C\
\xe8h\xa6d\x01 u+\xf7\xf5\xa4~\xe4~\x9cr\
^vo\x0bp\x11p&p\x01\xf0P\xecp\xc6g\
\x01 u+\xf7\xf5\xa4~\xe4~\x9cr^\xf6\xebv\
\xe0\xef\x81\xf7\x017\xc5\x0eet\x16\x00R\xb7r_\
O\xeaG\xee\xc7)\xe7\xe5ll\x07>\x0d\xfc!\xf0\
o\xc1c\x19\xca\x02@\xeaV\xee\xebI\xfd\xc8\xfd8\
\xe5\xbc\x9c\xbd\x8b\x80\xdf%\xe3B\xc0F@\x92$u\
\xef\xc5\xa4G\x09/\x04\x9e\x19<\x96\x05y\x05@\xea\
V\xee\xebI\xfd\xc8\xfd8\xe5\xbc\x8c\xb5\x1d8\x1b\xf8\
\x0d\xe0\xbb\xc1c\xf9\x01\xaf\x00H\x92\xd4\xaf\xa5\xc0\xa9\
\xa4\x9e\x02o\x01\xf6\x8a\x1dN\xe2\x15\x00\xa9[\xb9\xaf\
'\xf5#\xf7\xe3\x94\xf32/_\x03~\x11\xf8j\xe4\
 \xbc\x02 I\xd2l\xfd$is\xe0\xef\x10x5\
\xc0+\x00R\xb7r_O\xeaG\xee\xc7)\xe7e\xbe\
\xfe\x1dx\x03p\xfd\xac\xff\xc5^\x01\x90$)\xces\
\x81\xcb\x80\xd7\xcc\xfa_l\x01 IR\xac\xe5\xc0\xc7\
\x805\xc0>\xb3\xfa\x97z\x0b@\xeaV\xee\xebI\xfd\
\xc8\xfd8\xe5\xbc,\xc7\xc5\xc0*f\xf0\xa2!\x0b\x00\
\xa9[\xb9\xaf'\xf5#\xf7\xe3\x94\xf3\xb2,\xd7\x03/\
\x05\xbe\xd5\xe7\xbf\xc4[\x00\x92$\xe5\xe5I\xc0\x97\x81\
g\xf7\xf9/\xb1\x00\x90$)?\x8f\x06\xbe\x08\x9c\xd0\
\xd7\xbf\xc0\x02@\x92\xa4<=\x1c\xf8\x14\xf0\xf2>\xfe\
r\xf7\x00H\xdd\xca}=\xa9\x1f\xb9\x1f\xa7\x9c\x97e\
\xdb\x0c\xbc\x02\xf8L\x97\x7f\xa9\x05\x80\xd4\xad\xdc\xd7\x93\
\xfa\x91\xfbq\xcayY\xbe\x07I\x1b\x03\xff\xb9\xab\xbf\
\xd0\x02@\xeaV\xee\xebI\xfd\xc8\xfd8\xe5\xbc\xac\xc3\
}\xa4=\x01\xff\xd1\xc5_f\x01 u+\xf7\xf5\xa4\
~\xe4~\x9cr^\xd6\xe3N\xe0X:h\x1d\xec&\
@I\x92\xcaq\x08\xf0I\xe0\xc0i\xff\x22\x0b\x00I\
\x92\xcar\x14p.S\xbeI\xd0\x02@\x92\xa4\xf2\xac\
\x04\xde9\xcd_\xe0\x1e\x00\xa9[\xb9\xaf'\xf5#\xf7\
\xe3\x94\xf3\xb2N;Ho\x11\xfc\xc4$\xff\xb0W\x00\
$i:\xdf\x8e\x1e\x80\x9a\xb5\x048\x13X1\xc9?\
l\x01 I\x93\xbb\x0exa\xf4 \xd4\xb4\xe5\xc0\xd9\
L\xb0\x1f\xc0\x02@\x92&s\x15\xf0\xd3\xc0-\xd1\x03\
Q\xf3\x9e\x0f\xfc\xe6\xb8\xff\x90{\x00\xa4n\xe5\xbe\x9e\
\xd4\x8d\xaf\x01'\x92\x9e\xc9.\x81\xf3\xb2~[Io\
\x0f\xbcb\xd4\x7f\xc0+\x00\x924\x9e\xcb\x81\x17S\xce\
\xc9_m\xd8\x1bX\xc3\x18\xb7\x02,\x00$it_\
\x06\x8e\x07\xee\x8a\x1e\x88\xb4\x80\xe7\x00\xbf>\xea\x1f\xf6\
\x16\x80\xd4\xad\xdc\xd7\x93&\xf7%\xe0dR?\xf6\xd2\
8/\xdbq/p$p\xfb\xb0?\xe8\x15\x00I\x1a\
\xee3\xc0K(\xf3\xe4\xaf\xb6<\x0ax\xc7(\x7f\xd0\
+\x00R\xb7r_O\x1a\xdf\xf9\xc0kI\xefd/\
\x95\xf3\xb2-\xdb\x80c\x80+\x07\xfd!\xaf\x00H\xd2\
\xe2\xce\x05VQ\xf6\xc9_\xed\xd9\x0b\xf8\x83a\x7f\xc8\
+\x00R\xb7r_O\x1a\xdd\x87\x81\xd5\xa4\xc7\xabJ\
\xe7\xbcl\xd3O\x01\xff\xbe\xd8\xffh\x01 i\x1c\x8f\
\x06.\x02\x9e\x16=\x90\x9e\xfd-\xf0\xcb\xc0\xf6\xe8\x81\
t\xa4\xd5\xe3\xfc>\xc0#\x80\x03H\xaf\xcf=\x12x\
2p4\xf0\x02\xe0\xd0\x9e\xfe\xbd\xb9\xf8,p\xd2\xa0\
?\xb0#\xf3\x90\x94\x87\xc7\x02\xd7\x10\x7fL\xe8;\xfe\
\x8a\xfa~xD\xe74\xc7\xe3\xfc\x12R!\xfbVR\
o\x87\xe8\x1c\xf4\x15\xcf\x1a\x94\x84\xe8\xc1\xe581$\
\xfd\xb0\xc3\x81o\x11\x7f<\xe8;\xfe\x98\xfaN\xfe\x10\
\x9f\xd7\x12\x8e\xf3G\x03\x7fFz\xd2#:\x1f]\xc6\
\xd9\x83>t\xf4\xe0J\x98\x18R\xcb\x9e\x00\xac#\xfe\
X\xd0w\x0c\xdd4U\xb0\xe8\xdc\x96t\x9c?\x18\xf8\
=`\x03\xf1y\xe9\x22\x1eb\xc0\xdb\x02\xa3\x07W\xd2\
\xc4\x90Zs$\xf0\x1d\xe2\x8f\x03}\xc7\xff\xe9*a\
\x99\x8a\xceo\x89\xc7\xf9\x83H\xadu\xb7\x13\x9f\x9fi\
\xe3]\x8b}\xc8\xe8\x81\x9581\xa4\x16<\x95\xd4M\
,\xfa\x18\xd0gl'\xdd\x03\xae]t\x9eK>\xce\
\xbf\x00\xb8\x81\xf8\x1cM\x13\xb7\x91\xde\x15\xb0\x87\xe8\x81\
\x95<1\xa4Z=\x13\xf8\x1e\xf1\xeb\xbf\xcf\xd8\x0e\xbc\
\xb9\xab\x84e.:\xd7\xa5\x1f\xe7\x1f\x05|\x94\xf8<\
M\x13\xa7,\xf4\xc1\xa2\x07U\xfa\xc4\x90j\xf3\x1c\xe0\
n\xe2\xd7~\x9f\xb1\x0d\xf8\x85\xae\x12V\x80\xe8|\xd7\
p\x9c_\x02\xbc\x8dro\x09\x9c\xbf\xd0\x87\x8a\x1eT\
\x0d\x13C\xaa\xc5q\xc0\xf7\x89_\xf7}\xc6V\xe0\xb4\
\xae\x12V\x88\xe8\x9c\xd7t\x9c\x7f\x03\xb0\x85\xf8\x9c\x8d\
\x1b\x9bI\xbd\x10~H\xf4\xa0j\x9a\x18R\xc9\x8e\x07\
\xee'~\xcd\xf7\x19[H\xad}[\x13\x9d\xf7\xda\x8e\
\xf3/'\xed\xae\x8f\xce\xdb\xb8q\xda\xee\x1f$z@\
\xb5M\x0c\xa9D'\x01\x1b\x89_\xef}\xc6&\xd2\x81\
\xbbE\xd1\xb9\xaf\xf18\x7f\x1a\xe5\xdd\x0e\xf8\xd4\xee\x1f\
\x22z@5N\x0c\xa9$\xa7\x90N\x8e\xd1k\xbd\xcf\
\xd8\xc8\x90\x96\xa8\x95\x8b\xce\x7f\xad\xc7\xf9\xb7\x11\x9f\xbb\
q\xe2A`\xff\xf9\x1f z@\xb5N\x0c\xa9\x04\xab\
(\xf3~\xe68\xf1\x00\xb0\xb2\xab\x84\x15*\xfa;\xa8\
\xf58\xbf\x04\xf8\x04\xf1\xf9\x1b'^2\xff\x03D\x0f\
\xa6\xd6\x89!\xe5\xeeu\x94y\x1fs\x9c\xb8\x0fxQ\
W\x09+X\xf4\xf7P\xf3q\xfe\x00\xca\xea\x13\xf0\x97\
\xf3\x07\x1f=\x98\x9a'\x86\x94\xab_$=\x0a\x17\xbd\
\xbe\xfb\x8c\xbbI\x8f4*\xfe\xbb\xa8\xfd8\xffB\xca\
\xd9\x0fp\xf5\xfc\x81G\x0f\xa6\xf6\x89!\xe5\xe6Wh\
\xe3\xe4\xff\xec\xae\x12V\x81\xe8\xef\xa3\x85\xe3\xfcY\xc4\
\xe7q\x94\xd8Nz\xdf\x01d0\x98\x16&\x86\x94\x8b\
\xffI9\xbfT&\x8d\xf5\xa47\xbbi\x97\xe8\xef\xa4\
\x85\xe3\xfc\xa3\x81{\x88\xcf\xe5(\xf12\x80\xa5\xbd\xa4\
AR\x8e\xde\x0e\xfc\x09u\xbe\xeev\xce-\xa4\xcb\xb1\
W\x0f\xf9sR\xd7\xbe\x0b\xbc7z\x10#z\xde\xdc\
\x7f\x89\xaeDZ\xa8\x0c\xa5h\xef ~-\xf7\x1d7\
\x01O\xea(_\xb5\x89\xfenZ9\xce\x1fL\xdax\
\x1a\x9d\xcfa\xf1\x83~\x00\xd1\x03\x19\x16\x7f\x03\x1c;\
r\xfa%\xcd\xb7\x84\xf4\xab?z\x1d\xf7\x1d\xdf\x02\x0e\
\xef(g5\x8a\xfe~\x86EM\xfe\x9c\xf8|\x0e\x8b\
\x9b\xe7\x06\x1b=\x90Q\xe3:\xd2\xaf\x98'\x8c\xf6\x1d\
H\xcd[\x02\xbc\x87\xf8\xb5\xdbw\x5c\x0b\x1c\xd6Q\xce\
j\x15\xfd\x1d\x0d\x8b\x9a\x1cM|>G\x89\x83\xc9`\
\x10\xe3\xc66\xe0b`5\xf0\x88\x11\xbf\x10\xa95K\
\x81\xbf%~\xbd\xf6\x1dW\x02?\xd2Q\xcej\x16\xfd\
=\x0d\x8b\xda|\x8d\xf8\x9c\x0e\x8bc\xc9`\x10\xd3\xc4\
}\xc0\x07I/1qC\xa3\x94\xecE9\x8f$M\
\x13\x971\xefq&\x0d\x14\xfd]\x0d\x8b\xda\xfc\x06\xf1\
9\x1d\x16\xaf#\x83At\x15\xb7\x00\xef\x06\x8e\x18\xe1\
\xcb\x91j\xb57m\x9c\xfc\xff\x038\xa8\xa3\x9c\xb5 \
\xfa\xfb\x1a\x16\xb5y&\xf19\x1d\x16\xbfE\x06\x83\xe8\
#\xbeBjv\xb2\xc7\xbb\x8f\xa5\x8a-\x03\xce'~\
\xfd\xf5\x1d_\x02\x1e\xd9Q\xceZ\x11\xfd\x9d\x0d\x8b\xda\
,\x05\xbeG|^\x07\xc5\xfb\xc9`\x10}\xc6&\xe0\
\x5cR\xd3\x83\xbd\x07~]R\xf9\xfe\x89\xf85\xd7w\
\x5c\xc4no3\xd3H\xa2\xbf\xb7aQ\xa3\xdc_\x12\
t\x1e\x19\x0cbVq\x17\xb0\x068n\xd07&\x15\
,z\x8d\xf5\x1d\x9f\x06\x1e\xd6Y\xb6\xda\x12\xfd\xdd\x0d\
\x8b\x1a\xfd\x01\xf1y\x1d\x14_ni\xe3\xdcA\xc0\xe9\
\xc0\x97I]\xc2\xce\x00\x1e\x13:\x22I\xa3\xba\x10x\
%\xe9}\xe6R\x09\xae\x8b\x1e\xc0\x10\x87@|\x15\x12\
\x19\x0f\x01\x17\x90\xde\x89\xbel\xba\x5cJ\xe1\xa2\xd7S\
_\xf1a\xbc\x857\xad\xe8\xefpX\xd4\xe8\xd9\xc4\xe7\
uP\xac_B\xbd\xc9\x1f\xd7\x06\xe0\xa3\xc0Z\xe0\xd2\
\xe0\xb1H\x93\xa8q-_\x0d<\x0b\xd8\x12=\x90\xc2\
\xe5>7j|?\xc5\xe3\x81\x1b\xa2\x071\xc0\x06\x88\
\xafBr\x8cu\xa4G\x0a\xed:\xa8\x92D\xaf\x9b\xbe\
\xe2\x1a\xe0\xa4\x0e\xf3\xd4\xa2\xe8\xefpX\xd4\xe8\x10\xe2\
\xf3:(\x1e\xf0\x0a\xc0`\xdbIW\x03\xd6\x92.C\
\xde\x17;\x1ci\xa0\xda\xd7\xf2\x85\xc0[\xc8\xfbWU\
\xaer\x9f\x1b5^\x01XFz\x12-W\xdb,\x00\
F\xb7\x89\xb4_\xe0,\xd2n\xe4m\xb1\xc3\x91\xf6\xd0\
\xc2Z\xde\x02\xbc\x0f\xf8m,\xc8\xc7\x91\xfb\xdc\xa8\xb1\
\x00\x80\xcc\xf3n\x010\x99[\x81\x7f\x00>\x00\xfcg\
\xf0X\xa49-\xad\xe5\xdb\x80\xdf#\xbd\xef`{\xf0\
XJ\x90\xfb\xdc\xb0\x00\x08`\x010\xbd\xb9[\x04\x1f\
e\xe7\xa6\x0a)H\x8bk\xf9_I]?\xaf\x8a\x1e\
H\xe6r\x9f\x1b\x16\x00\x01,\x00\xba\xb3\x99\xd4\xa5l\
-\xa9\xc3\xd2C\xb1\xc3Q\x83Z]\xcb[\x81\xbf\x06\
\xde\x0e\xdc\x1f<\x96\x5c\xe5>7,\x00\x02X\x00\xf4\
\xe3n\xe0\xe3\xa4\xfd\x02\x97\x04\x8fE\xedh}-\xdf\
\x0a\xbc\x99\xd4\x82U?,\xf7\xb9a\x01\x10\xc0\x02\xa0\
\x7fW\x92^Y|\x0e\xf0\xdd\xe0\xb1\xa8n\xae\xe5\xe4\
\x5c\xe0\xbf\x93^\xc6\xa2$\xf7\xb9a\x01\x10\xc0\x02`\
v\xb6\x01_$]\x15\xf88\xb01v8\xaa\x90k\
y\x97\x0d\xc0\xdb\xd8\xf9\xc63e?7,\x00\x02X\
\x00\xc4\xf8>\xf0I\xd2~\x81\x8b\xf1;P7\x9cG\
{\xba\x10\xf8e\xd2S\x03-\xcb}nX\x00\x04\xb0\
\x00\x88\xf7MR!p\x16ps\xf0XT6\xd7\xf2\
\xc2\xee\x04~\x95t\xe5\xadU\xb9\xcf\x0d\x0b\x80\x00\x16\
\x00\xf9\xb0\xeb\xa0\xa6\xe5Z\x1e\xec,\xe0\xd7h\xf3I\
\x81\xdc\xe7\x86\x05@\x00\x0b\x80<\xd9uP\x93p-\
\x0f\xb7\x0ex\x03\xa9\x7f@Kr\x9f\x1b\x16\x00\x01,\
\x00\xf2w3\xa9\x108\x8b\xfc\xdf/\xadX\xae\xe5\xd1\
l\x05~\x97\xf4\xc2\xafVr\x96\xfb\xe7\xb4\x00\x08`\
\x01P\x96\xcbI\x85\xc0\xd9\xa4\xfb\x9a\xd2|\xae\xe5\xf1\
|\x1a8\x95\xd4\xb7\xa3v\xb9\xcf\x0d\x0b\x80\x00\x16\x00\
e\xb2\xeb\xa0\x16\xe2Z\x1e\xdfw\x80\xff\x06\xfc[\xf4\
@z\x96\xfb\xdc\xb0\x00\x08`\x01P\xbe\xef\x92\x9a\x0c\
}\x90\xd4tH\xedr-Of3\xa9\x83`\xcd=\
\x03r\x9f\x1b\x16\x00\x01\x96\x00?\x0d\x9c\x06\xbc\x06x\
d\xecp4%\xbb\x0e\xb6-\xeb\x83M\x01\xfe\x0ax\
+i\x8f@mr\x9f\x1b\x16\x00\xc1\xf6'\xed\x8e\xfd\
\x1ci\xd7\xf9\x0e\xa3\xd8x\x88\xd4\x00e\x15\xb0\x1fj\
\xc5{HM\xa6\xa2\xe7_\xc9\xf1Y\xe0\x80q\x13_\
\x80\xe8\xbc\x0e\x8bZE\xe7u\xa2\xbc\xff\x18\xa9\x8d\xe6\
72\x18\xa01]\xdc\x0d\xfc\x0dp,j\xc1\xa3H\
\x97\xb3\xbfI\xfc\xdc+5\xae\x01\x9e0n\xe23\x17\
\x9d\xd3a8\xcf/\x00\x00\x0d\x1dIDATaQ\
\xab\xe8\xbcN\x9d\xf7\xa3I\x8f\xcb\xdc\x91\xc1`\x8d\xe9\
b\xdd\xce\xef\xb2\xb6\x83\x9b\xf6\xb4\x14XI\xea'\xb1\
\x9d\xf8\xb9WZ\xac\x07\x9e9v\xd6\xf3\x15\x9d\xcfa\
Q\xab\xe8\xbcv\x96\xf7}\x81\x93Io\xda\xda\x9c\xc1\
\xc0\x8d\xc9c\x1b\xe95\xc5\xa7\xe3\xbe\x8f\x16\xfc\x04\xe9\
\xf6\xc0\xfd\xc4\xcf\xbd\x92b\x03\xf0\x82\x09\xf2\x9d\xa3\xe8\
\x5c\x0e\x8bZE\xe7\xb5\x97\xbc\x1fJ\xba\xccxy\x06\
\x1f\xc0\x98.\xee#m\x1c<\x9e\xf4\xabQ\xf5:\x00\
\xf8_\xc0\x8d\xc4\xcf\xbbRb#\xe9\x87O\xe9\xa2\xf3\
8,j\x15\x9d\xd7\xde\xf3\xfeT\xe0\x8fIo\xdb\x8a\
\xfe0\xc6tq\x13\xf0N\xe0HT\xb3\xbd\x80W\x02\
\xffB\xfc\x9c+!6\x03/\x9b(\xd3\xf9\x88\xce\xe1\
\xb0\xa8Ut^g\x96\xf7\xb9{\x8ek\xf1Rc\x0d\
q\x19\xf0\x16\xe0\x10T\xb3g\x91\xd6\xecV\xe2\xe7\x5c\
\xce\xb1\x99\xb2\xaf\x04D\xe7oX\xd4*:\xaf!y\
_\x0e\xfc\x12\xf0e\xdc\x80Tzl\x22\xed\xfbx\x19\
\xb07\xaa\xd5\x93\x81\x0f\xe0\xfe\x9eA\xf1 \xf0\xe2I\
\x13\x1c,:w\xc3\xa2V\xd1y\x0d\xcf\xfb\xe1\xc0\x19\
\xc0\xf5\x01\x1f\xce\xe86\xee\x02\xd6\x00\xc7\xa1Z=\x1a\
x\x07\xe9\xf1\xd1\xe8\xf9\x96c<\x00<w\xd2\xe4\x06\
\x8a\xce\xdb\xb0\xa8Ut^\xb3\xc9\xfb\x5c\xd7\xc13\x81\
{;\xfe\x10\xc6\xec\xe3J\xe0\x7f\x90N\x18\xaa\xcf\x01\
\xa4B`\x03\xf1s-\xb7\xb8\x0d\xf8\xf1I\x13\x1b$\
:g\xc3\xa2V\xd1y\xcd2\xefv\x1d\xac'\xec:\
X\xb7\xb9B\xe0\x1e\xe2\xe7ZN\xf1\x0d\xe0\xc0\xc9\xd3\
:s\xd1\xf9\x1a\x16\xb5\x8a\xcek\xf6y\x7f,i\xb3\
\xd9\x15\xc4'\xc3\x98.\xee!m([I\xbd\xbd\xbd\
[\xf5H\xd2\xad<\xaf\x08\xec\x8a\x0b(\xe7\xd1\xd9\xe8\
\x5c\x0d\x8bZE\xe7\xb5\xa8\xbc\xdbu\xb0\x9eX\x87]\
\x07kd!\xf0\xc3\xf1[\xd3\xa5sf\xa2\xf34,\
j\x15\x9d\xd7\x22\xf3\xbe/\xf0*\xe0|`\x0b\xf1I\
2&\x8fm\xc0\x17Ho\x9c|\x04\xaa\xc5\xc1\xc0\x9f\
\xe1S\x03[\x81\x17M\x99\xcbY\x88\xce\xd3\xb0\xa8U\
t^\x8b\xcf\xfb\x81\xa4\x96\xb5\x97\x10\x9f,c\xbax\
\x90\xf4H\xe1\xc9\xa4f4*\xdf\xe3HO\x86\xb4\xbc\
\x97\xe7\x16\xf2\x7f\x83`t\x8e\x86E\xad\xa2\xf3ZU\
\xde\x8f\x22mHZG|\xe2\x8c\xe9\xe2\x16R\x7f\xfa\
\xa7\xa3\x1a\x1c\x03\x5cL\xfc\xbc\x8a\x8a\xf7O\x9f\xc2^\
E\xe7gX\xd4*:\xafU\xe6}/\xe0%\xc0\x87\
I\xbd\xba\xa3\x93hL\x17_\x01~\x95\xb2vUk\
a/\x05\xbeN\xfc\x9c\x9aul'\xef&A\xd1\xf9\
\x19\x16\xb5\x8a\xcek\xf5y_\x0e\xac\x06.\xc2\xae\x83\
\xa5\xc7&\xd2\xce\xeaU\xc0>\xa8TKI\xdf\xe1\x8d\
\xc4\xcf\xa9Y\xc6\xb5\xe4;o\xa3s3,j\x15\x9d\
\xd7\xa6\xf2\xfe$\xe0\xf7\x80\x1b\x88O\xac1]\xdc\x0e\
\xfc9u\xbd\x93\xbd5\xfb\x93^.\xb5\x89\xf8\xf94\
\xab\xf8\xf5N2\xd7\xbd\xe8\xbc\x0c\x8bZE\xe7\xb5\xc9\
\xbc\xdbu\xb0\xae\xb8\x12x+*\xd5\x93\x80O\x11?\
\x8ff\x11w\x90\xaeJ\xe6&:/\xc3\xa2V\xd1y\
m5\xef?\xb0\x1f\xe9r\xe4\x05\xa4\xaeu\xd1\x097\
\x9c\xac\xad:\x996\xae\xce\x9d\xd1U\xc2:\x14\x9d\x93\
V\xd7vt^\x07Fk\xdd\xda~\x8c\xd4\x82x5\
\xe9\x89\x02\x95\xa5\xb5\xf9Z\xa3\x87\x91N\x90o\x03\x96\
\x05\x8f\xa5/\xb7\x01\x8f'\xf50\xc9E\xee'\xd9Z\
\xd7v\xeeyo\xd6s\x80\xf7\x02w\x92A%f\x8c\
\x14\xaa\xc7Q\xc0\xbf\x12?\xa7\xfa\x8a7v\x96\xa9n\
D\xe7\xa3\xc5\xb5\xbd\x8c\xf8\xbc\x0e\x8a\xad\xfd}\xf4r\
\xecK\xba4y.v5\xcb=T\x97%\xa4&_\
5\xee\xd3\xf9r\x87y\xeaBt>Z\x5c\xdb\x87\x10\
\x9f\xd7A\xf1@\x7f\x1f\xbdLv\x1d\xcc;T\xa7\x1f\
\x07>K\xfc\xfc\xea2\xb6\x93\xd7+\x83\xa3\xf3\xd1\xe2\
\xda~<\xf1y\x1d\x14w\x97\xf2&\xabY\xd9@\xea\
\xe8u\x1c\xf04\xe0O\x80\xf5\xa1#\x92\xea\xb7\x0e\xf8\
\x19\xe0WH\x8d\xbdj\xb0\x04xm\xf4 \x14\xea\x90\
\xe8\x01\x0c\xb19z\x00%XJz\xbd\xedZ\xe0~\
\xe2\xab\xb6\x96C\xf5{2p\x19\xf1s\xad\x8b\xf8R\
\xc7\xb9\x99Ft.Z\x5c\xdbo >\xaf\x83\xe2\x1b\
^\x01\x18n;\xf0y\xd2\x93\x03\x87\x91\xdej\xf7y\
\xea\x9d\xb4R\xa4k\x81\x9f\x225\xf4\xda\x16<\x96i\
=\x97\xf4\xd4\x83\xdatd\xf4\x00\x86\xb8\xd3\x02`<\
\xdf']\x09x1p\x04\xf0\xfb\xa4v\xa7\x92\xba\xb3\
\x95\xf4\xd2\xaf\x97\x02w\xc5\x0ee*\xcbH\xc5\x8c\xda\
tt\xf4\x00\x86p\x0f\xc0\x14\xae\x07\xfe\x0f\xf0D\xe0\
\x85\xc0\xdf\x01\xf7E\x0eH\xaa\xcc\xe7Ho\x19\xbc<\
z S8&z\x00\x0a\xb1\x14xA\xf4 \x86\xb8\
\xc3\x02`zs\xf7\xfa\xde\x04<\x068\x95]/&\
\x924\x9d\x9bH\x9br\xff.z \x13:\x22z\x00\
\x0a\xf1\x0c\xe0\xe0\xe8A\x0c\xb1\xce\x02\xa0[\x1b\x81\x0f\
\x01'\x02+\x80\xdf\x04\xae\x09\x1d\x91T\xbeM\xa4\x02\
\xfb\xed\x94\xb7\xf7\xc6\x02\xa0M9\xbf\x1az\x8e\xb7\xaf\
g\xc4\xae\x83\xee\x14V7^OY\x0d\xbb\xae\xef'\
\x0dc\x8b\xceCkk\xfb\x0a\xe2s:,\xdc\x9f2\
cv\x1d\xf4 \xa1\xe9\x9dD\xba\xda\x16=\x1fG\x89\
\xdb{\xca\xc1\xb8\xa2\xf3\xd0\xd2\xda~*\xf1\xf9\x1c%\
\x0e\xe8+\x01\x1a\xeeP\xe0\xcd\xa4\x0dN\xd1\x13\xa1\x94\
\x90\xe6\x9cH\x19Et.\xedV\xa3\xf3\xd0\xd2\xda\xfe\
\x0b\xe2\xf39,n\xee\xed\xd3klO\x05\xfe\x98\xf4\
\x16\xb1\xe8\x89\x91sH\xf3\xad&m\xb6\x8d\x9e\x97\x83\
\x22\x97^\x06\xd1yhem\x1fJ\x19\x0d\xe3.\xec\
+\x01\x9a\xdc^\xc0K\x80\x0fS\xce%N\x0f\x12\x8a\
\xf4\x07\xc4\xcf\xcbA\xf1`\x7f\x1f},\xd1yhe\
m\xbf\x8b\xf8\x5c\x8e\x12\x7f\xd8W\x02\xd4\x8d\xe5\xc0/\
\x91\xde*\x96\xfb\xaf\x1c\x0f\x12\x8ar\x14\xf1\xf3rP\
\xdc\xd3\xdfG\x1fKt\x1eZX\xdb?J9o\xb6\
\xfc\xd9\x9er\xa0\x1e<\x91\xd4\x1a\xf5\x06\xe2'\x8e\x07\
\x09\xe5\xe4\x95\xc4\xcf\xcbAqk\x7f\x1f},\xd1y\
ham\x9fM|\x1eG\x89m\xc0A=\xe5@=\
Z\x02\xfc4p&\xe5T\x9a\x1e$\xd4\xa7?\x22~\
^\x0e\x8a\xaf\xf7\xf7\xd1\xc7\x12\x9d\x87\xda\xd7\xf6\xf1\xc4\
\xe7p\xd4\xb8jn\xd06\x02*\xcb\x0e\xec:(\xcd\
\xb72z\x00C\xdc\x19=\x00\xf5\xee \xca\xeaTy\
q\xf4\x00\xd4\xad\x1f\x03\xde\x06|\x83\xf8\xea\xd2_\x09\
\x9a\x95#\x88\x9f\x93\xc3\xe2#\xbd}\xfa\xf1D\xe7\xa1\
\xd6\xb5\xbd\x04\xf8$\xf1\xf9\x1b'^\xd2K&\x94\x85\
\xe7\x00\x7fE\x9d]\x07\xa5\xf9\xfe\x94\xf899,\xde\
\xdd\xdb\xa7\x1fOt\x1ej]\xdb\xbfM|\xee\xc6\x89\
\x8d\xf8\x8a\xea&\xecK\xda u>\xb0\x85\xf8\x89\xd7\
\xf2AB\xdd;\x982\xf6\xc1\xfcr_\x09\x18St\
\x1ej\x5c\xdbo\xa2\xbc'\xb4|\xfe\xbfA\xb5t\x1d\
\x94\xe6\xbc\x97\xf8\xf98J\x1c\xdfW\x02\xc6\x14\x9d\x87\
\xda\xd6\xf6+\x80\x87\x88\xcf\xdb\xb8\xb1\xba\x8fd\xa8\x1c\
%w\x1d\x94\x00\x9e\x07l%~>\x8e\x12\x87\xf6\x94\
\x83qE\xe7\xa1\xa6\xb5\xfd\xf3\x94y\xf2\x7f\x90\xd4_\
F\xfaA\xd7\xc1s(\xa7\xeb\xa0t \xe9\x0d{\xd1\
sq\x94\xb8\xad\xa7\x1cL\x22:\x175\xac\xed%\xa4\
{\xfe\xa5]\xf6\x9f\x8b\x7f\xec>%\xaaA)]\x07\
\xd5\xb6}I\x8f0E\xcf\xc3Q\xe3\xbc~\xd20\x91\
\xe8\x5c\x94\xbe\xb6\x0f\xa2\xbc\xdd\xfe\xbb\xc7\xcb;\xcf\x8a\
\xaa\x93s\xd7A\xb5k_\xd2\x86\xd6\xe898N\xbc\
\xb9\x97LL&:\x17%\xaf\xed\xe3\x81\x9b\x88\xcf\xd1\
4q+\xb0w\xd7\x89Q\xdd\x8e\x01\xd6\x00\xdf'~\
\x02\xe7~\x90P\x7f\x0e\xa2\xac_\xfesqt\x1f\xc9\
\x98Pt.J\x5c\xdb\x8f\x01\xd6\x92\xf7U\xd1Q\xe3\
\x9d\x1d\xe7F\x0d\xd9\x1fx\x03\xf09R\x1fi\x0f\x12\
\x9a\x95\x17\x02\xeb\x88?\x80\x8e\x1b\xebI\xf7\x8cs\x11\
\x9d\x8f\x92\xd6\xf6\xa1\xa4\xb7\xe5\x95\xf0\x98\xe9(\xb1\x05\
x\x5c\xa7\x19R\xb3\x22\xbb\x0e\xaa\x1d?\x0a|\x80\xd8\
\x82s\x9a8\xa7\xfb\x94L%:\x1f%\xac\xed\xa7\x03\
\x7f\x01\xdcO|>\xba\x8c\x0fu\x99$i\xce\xac\xbb\
\x0e\xaa~\xcf\x04\xdeG9O\xa6,\x16\xbf\xd0ub\
\xa6\x14\x9d\x8f\x1c\xd7\xf6R\xe0'\x81\xff\x0d\x5c1\xc2\
\x18K\x8dg.\x96\x80\x9c.Q\xa9\x5c\xfb\x92\xde/\
\xfdF\xd2\xa3\x85\xfb\xf4\xf4\xefq\xbe\xd6c\x1f\xe0Q\
\xa4K\x93G\x02\xcf\x07N\xdc\xf9\xdfK\xb7\x19x,\
pw\xf4@\xe6\x89:\xc9\x8e\xaa\xaf\xb5\xbd/\xf0\x08\
\xe0\x00\xd2^\x92#\x81'\x93\xf6g\xbc\x80\xd4Q\xb2\
f\xff\x04\xbct\xb1\xff\xd1\x03\xaa\xbav \xb0\x8a\xd4\
q\xea\xf9\x1d\xff\xdd%\xcc\xd7\xdc\x0f\xb4\xea\xdf'\x80\
WG\x0fb7\xce\xcb6=\x17\xf8\x7f\x8b\xfd\x8f%\
\x1cPU\xae\xa3\x80\xd7\x92\xae\x0c\xac\xe8\xe0\xef+a\
\xbez\xa0\xd5+\xc9\xab\x07\x008/[t\x1ei.\
.\xaa\x84\x03\xaa\xca\xb7\x17\xe9\xf2\xee\xa9\xa4\x1e\xda\x93\
\xbe\x8d\xaa\x84\xf9\xea\x81\xb6mw\x02\x87\x91v^\xe7\
\xc4y\xd9\x96m\xa4{\xffW\x0d\xfaCKg3\x16\
5n\x1b\xe9^\xd4\xebI\xcf\xd6\x9e\x06|\x1e\x0fJ\
\xaa\xcfG\xc8\xef\xe4\xaf\xf6\xbc\x8f!'\x7f(\xe3\x17\
\x95\xea\xf5D\xd2^\x81S\x81\xc7\x8f\xf0\xe7K\x98\xaf\
\x165\xed\xda\x0e<\x83\x11\x0e\xbc\x01\x9c\x97\xed\xd8\x00\
\xfc\x04pW\xf4@\xa4Q,!\xed\xc8=\x93\xc1]\
\x07K\x10\xfd\xc8\x8f\x11\x17\xff@\xbe\xa2sc\xcc.\
~\x8d\x11\x95\xf0\x8bJm\xd9\x0f8\x99te\xe0$\
~\xb8\x7fu\x09\xf3uG\xf4\x00\x14\xe6\xd9\xc0e\xd1\
\x83X\x84\xf3\xb2\x0d\xffNz]\xf6\xf6Q\xfep\x09\
\x07T\xb5\xeb\xb1\xa4G\x0a\xdfH\xda\xd0R\xc2|\xf5\
@\xdb\xa6O\x01/\x8b\x1e\xc4\x00\xce\xcb\xfam\x01\x9e\
\x05\x5c=\xea?P\xc2\x01U\x82\xd4up\xd1\xe7Y\
3\xe2\x81\xb6M\xcf\x03.\x8d\x1e\xc4\x00\xce\xcb\xfa\xbd\
\x1dx\xd78\xff\x80\x05\x80\xd4-\x0f\xb4\xed\xb9\x90t\
\xdb*g\xce\xcb\xba}\x098\x81\xf4\xc4\xd5\xc8,\x00\
\xa4ny\xa0m\xcb\x83\xc0S\x81\x1b\xa2\x072\x84\xf3\
\xb2^\xf7\x90n\x91\xde4\xee?h\x1f\x00I\x9a\xdc\
\xbb\xc8\xff\xe4\xafz\xed \xf5U\x19\xfb\xe4\x0f^\x01\
\x90\xba\xe6/\xadv|\x0bx\x1a\xe9\xe5?\xb9s^\
\xd6\xe9\x9d\xc0\xefL\xfa\x0f[\x00H\xdd\xf2@\xdb\x8e\
\x17\x93:Z\x96\xc0yY\x9f\xcf\x92\xde\xf47\xd2#\
\x7f\x0b\xf1\x16\x80$\x8do\x0d\xe5\x9c\xfcU\x9f\xabH\
/Z\x9b\xf8\xe4\x0f^\x01\x90\xba\xe6/\xad\xfa}\x9d\
\xf4\x9a\xd5\x07\xa3\x072\x06\xe7e=\xd6\x03\xc72\xe1\
}\xff\xf9\xbc\x02 I\xa3\xbb\x17x5e\x9d\xfcU\
\x8f\xef\x93\x1aNM}\xf2\x07\x0b\x00I\x1a\xc7\xaf\x91\
6\xffI\xb3\xb6\x11x9\xf0\xd5\xae\xfeB\x0b\x00I\
\x1a\xcd{\x81\xb3\xa3\x07\xa1&m\x06^\x09\xfcK\x97\
\x7f\xa9{\x00\xa4ny\xaf\xb5N\x9f$]\xfa\xdf\x1a\
=\x90\x099/\xcb\xb5\x91t\xf2\xff\x5c\xd7\x7f\xb1\x05\
\x80\xd4-\x0f\xb4\xf5\xf9\x12\xe9\xcd\x94\x9b\xa2\x072\x05\
\xe7e\x99\xee\x07N\x01\xbe\xd0\xc7_n\x01 u\xcb\
\x03m]\xae\x00^H\xda|U2\xe7ey\xd6\x93\
6\xfcuv\xcf\x7fw\x16\x00R\xb7<\xd0\xd6\xe3z\
\xe0\xbf\x02\xb7G\x0f\xa4\x03\xce\xcb\xb2\x5c\x05\xfc,p\
s\x9f\xff\x127\x01J\xd2\x9e\xae\xa0\x9e\x93\xbf\xca\xf2\
Y\xe08z>\xf9\x83\x05\x80$\xed\xee\x9fI\x97\xfd\
=\xf9k\x96v\x00\x7fD\xfa\xe5?\x93[N{\xcf\
\xe2_\x22I\x85\xf8\x18p*e\xbc\xe0G\xf5\xd8\x00\
\xbc\x91\xf4\xb4\xc9\xccx\x05@\x92\x92?\x07~\x0eO\
\xfe\x9a\xad/\x01\xcf`\xc6'\x7f\xb0\x00\x90\xa4{H\
\xcf\xf8\xbf\x95)_\xae\x22\x8da\x0b\xf0v\xe0\x04\xe0\
;\x11\x03\xf0\x16\x80\xa4\x96]Nz\xab\xda\xb7\xa3\x07\
\xa2\xa6|\x058\x1d\xb8:r\x10^\x01\x90\xd4\xa2\x1d\
\xc0_\x00\xcf\xc3\x93\xbffg\x03\xf0\xeb\xa4'LB\
O\xfe\x92\xba\xb7\xc3\xc8>\xae\x05V.\xf6\x05V*\
:\xe7\xad\xc76`-\xf0#\xc3\xbe(I\xe5\x8a>\
\xd0\x18\x8b\xc7\xbd\xa4\xfb\xfc\xfb,\xfa\xed\xd5+:\xf7\
\xad\xc6v\xe0<\xe0\xa9\xc3\xbf\x22I\xa5\x8b>\xe0\x18\
\x0b\x1f\x84?\x02\x1c6\xe0{\xab]\xf4w\xd0b|\
\x0a\xf8/\xa3|9\x92\xea\x10}\xd01v\xc56\xe0\
\x02\xe0\xd9\x03\xbf\xb16D\x7f\x17\xad\xc4\xdc\x9c{\xce\
h_\x8b\xa4\x9aD\x1f\x80\x0cx\x88t\xbf\xf5\xa8!\
\xdfUK\xa2\xbf\x93\xda\xe3V\xe0\x0f\x81\xc7\x8d\xfa\x85\
\xe4\xc0\xc7\x00%\xd5\xe26\xe0\x1c\xe0\xaf\x81\x1b\x83\xc7\
\xa2\xfam\x02>\x03\xfc\x1d\xf0i`k\xecp\xc6g\
\x01 \xa9d\x0f\x00\x9f\x00>\x04\x5cL\xba\x04+\xf5\
\xe5A\xe0\x0b\xc0\xb9\xc0\xf9\x14\xfe\x9ah\x0b\x00I\xa5\
\xb9\x89t\x10\xbe\x88t\xbf\xf5\xfe\xd8\xe1\xa8b\xdb\x81\
kH\xc5\xe5?\x91\xda\xf6>\x18:\xa2\x0eY\x00H\
\xca\xd9\x0e`\x1dp)\xe9\xa4\xffE\xe0\x86\xc8\x01\xa9\
j7\x03W\x91^\x07\xfd\x95\x9d\xb1!tD=\xb2\
\x00\x90\x14\xe5~\xd2\x86\xbd\xfb\x81\xbb\x80;\x81\xf5\xa4\
\xfb\xf77\x02\xdf$\x1d\x8c\xef\x8d\x1a\xa0\xaap\x1f\xe9\
\xfe\xfcC\xa4y6\x17w\x90\x8a\xcb\x1bw\xfe\xe7\xb5\
T|\xb2_\xc8\xff\x07j\x14\xebG\xcc\x01\x81\xe6\x00\
\x00\x00\x00IEND\xaeB`\x82\
"

qt_resource_name = b"\
\x00\x0f\
\x06\x5c\xf1\xdc\
\x00s\
\x00e\x00g\x00m\x00e\x00n\x00t\x00-\x00c\x00o\x00n\x00t\x00r\x00o\x00l\
\x00\x0d\
\x0d\x16\x00e\
\x00s\
\x00e\x00g\x00m\x00e\x00n\x00t\x00_\x00t\x00a\x00b\x00l\x00e\
\x00\x09\
\x0cxT\x88\
\x00n\
\x00e\x00w\x00P\x00r\x00e\x00f\x00i\x00x\
\x00\x04\
\x00\x06\xa6\x85\
\x00c\
\x00o\x00r\x00e\
\x00\x10\
\x0b\x14\xcf\x1e\
\x00s\
\x00e\x00g\x00m\x00e\x00n\x00-\x00o\x00p\x00e\x00r\x00a\x00t\x00i\x00o\x00n\
\x00\x08\
\x08\xc9\xf9~\
\x00s\
\x00a\x00v\x00e\x00I\x00c\x00o\x00n\
\x00\x13\
\x09V\xf4\xe7\
\x00i\
\x00c\x00o\x00n\x00s\x008\x00-\x00i\x00m\x00a\x00g\x00e\x00-\x009\x006\x00.\x00p\
\x00n\x00g\
\x00\x13\
\x07\x036\x07\
\x00i\
\x00c\x00o\x00n\x00s\x008\x00-\x00r\x00e\x00s\x00e\x00t\x00-\x005\x000\x00.\x00p\
\x00n\x00g\
\x00\x14\
\x01\xb4H'\
\x00i\
\x00c\x00o\x00n\x00s\x008\x00-\x00m\x00o\x00d\x00u\x00l\x00e\x00-\x006\x004\x00.\
\x00p\x00n\x00g\
\x00\x05\
\x00o\xa6S\
\x00i\
\x00c\x00o\x00n\x00s\
\x00\x16\
\x03\x8e\xa4\xa7\
\x00s\
\x00e\x00g\x00m\x00e\x00n\x00a\x00t\x00i\x00o\x00n\x00_\x00m\x00o\x00d\x00u\x00l\
\x00e\x00.\x00s\x00v\x00g\
\x00\x0a\
\x0b\xa8b\x87\
\x00s\
\x00e\x00l\x00e\x00c\x00t\x00.\x00s\x00v\x00g\
\x00\x0d\
\x05\xa2\xc8\x07\
\x00w\
\x00a\x00t\x00e\x00r\x00s\x00h\x00e\x00d\x00.\x00s\x00v\x00g\
\x00\x0e\
\x04\x9aK\x87\
\x00c\
\x00o\x00l\x00o\x00r\x00_\x00g\x00r\x00i\x00d\x00.\x00s\x00v\x00g\
\x00\x0e\
\x0dz\x05\xe7\
\x003\
\x00d\x00_\x00g\x00l\x00a\x00s\x00s\x00e\x00s\x00.\x00s\x00v\x00g\
\x00\x19\
\x05%\x8eG\
\x00g\
\x00r\x00o\x00w\x00_\x00r\x00e\x00g\x00i\x00o\x00n\x00_\x00c\x00o\x00n\x00n\x00e\
\x00c\x00t\x00e\x00d\x00.\x00s\x00v\x00g\
\x00\x0d\
\x03\xd6\xc8\xc7\
\x00t\
\x00h\x00r\x00e\x00s\x00h\x00o\x00l\x00d\x00.\x00s\x00v\x00g\
\x00\x09\
\x00W\xb7\xc7\
\x00p\
\x00a\x00i\x00n\x00t\x00.\x00s\x00v\x00g\
\x00\x0e\
\x00n\x93\x07\
\x00t\
\x00e\x00r\x00a\x00h\x00e\x00d\x00r\x00o\x00n\x00.\x00s\x00v\x00g\
\x00\x0a\
\x0cK\xf6\xa7\
\x00v\
\x00o\x00l\x00u\x00n\x00e\x00.\x00s\x00v\x00g\
\x00\x09\
\x08\xc6\x8f\xa7\
\x00c\
\x00u\x00b\x00e\x00s\x00.\x00s\x00v\x00g\
\x00\x12\
\x0b&\x82\xa7\
\x00g\
\x00r\x00o\x00w\x00_\x00f\x00r\x00o\x00m\x00_\x00s\x00e\x00e\x00d\x00.\x00s\x00v\
\x00g\
\x00\x0d\
\x05\xe6\xb0\xa7\
\x00g\
\x00r\x00a\x00y\x00_\x00g\x00r\x00i\x00d\x00.\x00s\x00v\x00g\
\x00\x09\
\x08\x98\x83\xc7\
\x00e\
\x00r\x00a\x00s\x00e\x00.\x00s\x00v\x00g\
\x00\x0e\
\x04u\xea\xe7\
\x00g\
\x00e\x00a\x00r\x00_\x00c\x00o\x00l\x00o\x00r\x00.\x00s\x00v\x00g\
\x00\x08\
\x05\xe2_\x07\
\x00l\
\x00o\x00g\x00o\x00.\x00j\x00p\x00g\
\x00\x0c\
\x0b\xa9\xf8\x07\
\x00l\
\x00i\x00n\x00k\x00_\x00o\x00f\x00f\x00.\x00s\x00v\x00g\
\x00\x0b\
\x06\xc7P\xe7\
\x00l\
\x00i\x00n\x00k\x00_\x00o\x00n\x00.\x00s\x00v\x00g\
\x00\x13\
\x03\x9b\x8e\xe7\
\x00i\
\x00c\x00o\x00n\x00s\x008\x00-\x00s\x00a\x00v\x00e\x00-\x001\x000\x000\x00.\x00p\
\x00n\x00g\
\x00\x0f\
\x0dte\x07\
\x00c\
\x00o\x00l\x00o\x00r\x00-\x00w\x00h\x00e\x00e\x00l\x00.\x00p\x00n\x00g\
\x00\x07\
\x0c\xf8W\x87\
\x00e\
\x00y\x00e\x00.\x00p\x00n\x00g\
\x00\x0a\
\x0a\xcc\x88\x07\
\x00h\
\x00i\x00d\x00d\x00e\x00n\x00.\x00p\x00n\x00g\
\x00\x10\
\x03\xbboG\
\x00m\
\x00i\x00n\x00u\x00s\x00-\x00b\x00u\x00t\x00t\x00o\x00n\x00.\x00p\x00n\x00g\
\x00\x08\
\x03\xc6Y\xa7\
\x00p\
\x00l\x00u\x00s\x00.\x00p\x00n\x00g\
\x00\x06\
\x03\x97WG\
\x003\
\x00d\x00.\x00p\x00n\x00g\
"

qt_resource_struct = b"\
\x00\x00\x00\x00\x00\x02\x00\x00\x00\x06\x00\x00\x00\x01\
\x00\x00\x00\x00\x00\x00\x00\x00\
\x00\x00\x00\x5c\x00\x02\x00\x00\x00\x02\x00\x00\x00.\
\x00\x00\x00\x00\x00\x00\x00\x00\
\x00\x00\x00\x00\x00\x02\x00\x00\x00\x05\x00\x00\x00)\
\x00\x00\x00\x00\x00\x00\x00\x00\
\x00\x00\x00\x90\x00\x02\x00\x00\x00\x03\x00\x00\x00&\
\x00\x00\x00\x00\x00\x00\x00\x00\
\x00\x00\x00j\x00\x02\x00\x00\x00\x01\x00\x00\x00\x0b\
\x00\x00\x00\x00\x00\x00\x00\x00\
\x00\x00\x00D\x00\x02\x00\x00\x00\x01\x00\x00\x00\x0a\
\x00\x00\x00\x00\x00\x00\x00\x00\
\x00\x00\x00$\x00\x02\x00\x00\x00\x03\x00\x00\x00\x07\
\x00\x00\x00\x00\x00\x00\x00\x00\
\x00\x00\x03\xe8\x00\x00\x00\x00\x00\x01\x00\x01\x09\x12\
\x00\x00\x01\x97,\xfam\x81\
\x00\x00\x03\xd4\x00\x00\x00\x00\x00\x01\x00\x00\xee\xbb\
\x00\x00\x01\x97,\xfam~\
\x00\x00\x03\xb0\x00\x00\x00\x00\x00\x01\x00\x00\x8e\xe8\
\x00\x00\x01\x97,\xfamm\
\x00\x00\x03\x84\x00\x00\x00\x00\x00\x01\x00\x00\x8b\xb0\
\x00\x00\x01\x97,\xfam\xa9\
\x00\x00\x01,\x00\x02\x00\x00\x00\x1a\x00\x00\x00\x0c\
\x00\x00\x00\x00\x00\x00\x00\x00\
\x00\x00\x02D\x00\x00\x00\x00\x00\x01\x00\x007\xa3\
\x00\x00\x01\x97,\xfam\x94\
\x00\x00\x02D\x00\x00\x00\x00\x00\x01\x00\x007\xa3\
\x00\x00\x01\x97,\xfam\x94\
\x00\x00\x02\x5c\x00\x01\x00\x00\x00\x01\x00\x00@\x00\
\x00\x00\x01\x97,\xfam\x99\
\x00\x00\x02\x5c\x00\x01\x00\x00\x00\x01\x00\x00@\x00\
\x00\x00\x01\x97,\xfam\x99\
\x00\x00\x01<\x00\x01\x00\x00\x00\x01\x00\x00\x0e\x97\
\x00\x00\x01\x97A\xfc T\
\x00\x00\x02$\x00\x01\x00\x00\x00\x01\x00\x004g\
\x00\x00\x01\x97,\xfam\x9c\
\x00\x00\x02$\x00\x01\x00\x00\x00\x01\x00\x004g\
\x00\x00\x01\x97,\xfam\x9c\
\x00\x00\x03\x12\x00\x01\x00\x00\x00\x01\x00\x00U\xcd\
\x00\x00\x01\x97B\x03\x02/\
\x00\x00\x01\xa8\x00\x01\x00\x00\x00\x01\x00\x00\x1f4\
\x00\x00\x01\x97,\xfam\x86\
\x00\x00\x01\xa8\x00\x01\x00\x00\x00\x01\x00\x00\x1f4\
\x00\x00\x01\x97,\xfam\x86\
\x00\x00\x01\xec\x00\x00\x00\x00\x00\x01\x00\x00%g\
\x00\x00\x01\x97,\xfam\x92\
\x00\x00\x01\xec\x00\x00\x00\x00\x00\x01\x00\x00%g\
\x00\x00\x01\x97,\xfam\x92\
\x00\x00\x01\x88\x00\x00\x00\x00\x00\x01\x00\x00\x16$\
\x00\x00\x01\x97,\xfam\x9e\
\x00\x00\x01\x88\x00\x00\x00\x00\x00\x01\x00\x00\x16$\
\x00\x00\x01\x97,\xfam\x9e\
\x00\x00\x02\xda\x00\x01\x00\x00\x00\x01\x00\x00P\xab\
\x00\x00\x01\x97,\xfam\x8d\
\x00\x00\x02\xda\x00\x01\x00\x00\x00\x01\x00\x00P\xab\
\x00\x00\x01\x97,\xfam\x8d\
\x00\x00\x02\xfa\x00\x01\x00\x00\x00\x01\x00\x00S/\
\x00\x00\x01\x97,\xfam\x89\
\x00\x00\x02\xfa\x00\x01\x00\x00\x00\x01\x00\x00S/\
\x00\x00\x01\x97,\xfam\x89\
\x00\x00\x02\x98\x00\x00\x00\x00\x00\x01\x00\x00F\xb4\
\x00\x00\x01\x97,\xfam\x87\
\x00\x00\x02\x98\x00\x00\x00\x00\x00\x01\x00\x00F\xb4\
\x00\x00\x01\x97,\xfam\x87\
\x00\x00\x02\xb0\x00\x00\x00\x00\x00\x01\x00\x00K\xb0\
\x00\x00\x01\x97,\xfam\x90\
\x00\x00\x02\xb0\x00\x00\x00\x00\x00\x01\x00\x00K\xb0\
\x00\x00\x01\x97,\xfam\x90\
\x00\x00\x01n\x00\x00\x00\x00\x00\x01\x00\x00\x13\x1f\
\x00\x00\x01\x97,\xfam\x96\
\x00\x00\x01n\x00\x00\x00\x00\x00\x01\x00\x00\x13\x1f\
\x00\x00\x01\x97,\xfam\x96\
\x00\x00\x02~\x00\x01\x00\x00\x00\x01\x00\x00B\xb4\
\x00\x00\x01\x97B\x00\xf2\xe1\
\x00\x00\x01\xca\x00\x01\x00\x00\x00\x01\x00\x00#S\
\x00\x00\x01\x97B\x01\xca\x8f\
\x00\x00\x00\xfe\x00\x00\x00\x00\x00\x01\x00\x00\x0au\
\x00\x00\x01\x97,\xfam\xa4\
\x00\x00\x00\xd2\x00\x00\x00\x00\x00\x01\x00\x00\x07\x11\
\x00\x00\x01\x97,\xfam\xa6\
\x00\x00\x00\xa6\x00\x00\x00\x00\x00\x01\x00\x00\x00\x00\
\x00\x00\x01\x97,\xfam\xa0\
\x00\x00\x04>\x00\x00\x00\x00\x00\x01\x00\x01\xa9\xdc\
\x00\x00\x01\x97,\xfam:\
\x00\x00\x04\x02\x00\x00\x00\x00\x00\x01\x00\x019\x18\
\x00\x00\x01\x97,\xfam\xaf\
\x00\x00\x04(\x00\x00\x00\x00\x00\x01\x00\x01p\xd8\
\x00\x00\x01\x97,\xfam\xb3\
\x00\x00\x03\xe8\x00\x00\x00\x00\x00\x01\x00\x01\x09\x12\
\x00\x00\x01\x97,\xfam\x81\
\x00\x00\x03\xb0\x00\x00\x00\x00\x00\x01\x00\x00\x8e\xe8\
\x00\x00\x01\x97,\xfamm\
\x00\x00\x01,\x00\x02\x00\x00\x00\x11\x00\x00\x000\
\x00\x00\x00\x00\x00\x00\x00\x00\
\x00\x00\x034\x00\x00\x00\x00\x00\x01\x00\x00Y\xad\
\x00\x00\x01\x97,\xfam\xac\
\x00\x00\x02D\x00\x00\x00\x00\x00\x01\x00\x007\xa3\
\x00\x00\x01\x97,\xfam\x94\
\x00\x00\x02\x5c\x00\x01\x00\x00\x00\x01\x00\x00@\x00\
\x00\x00\x01\x97,\xfam\x99\
\x00\x00\x01<\x00\x01\x00\x00\x00\x01\x00\x00\x0e\x97\
\x00\x00\x01\x97A\xfc T\
\x00\x00\x02$\x00\x01\x00\x00\x00\x01\x00\x004g\
\x00\x00\x01\x97,\xfam\x9c\
\x00\x00\x03\x12\x00\x01\x00\x00\x00\x01\x00\x00U\xcd\
\x00\x00\x01\x97B\x03\x02/\
\x00\x00\x01\xa8\x00\x01\x00\x00\x00\x01\x00\x00\x1f4\
\x00\x00\x01\x97,\xfam\x86\
\x00\x00\x01\xec\x00\x00\x00\x00\x00\x01\x00\x00%g\
\x00\x00\x01\x97,\xfam\x92\
\x00\x00\x01\x88\x00\x00\x00\x00\x00\x01\x00\x00\x16$\
\x00\x00\x01\x97,\xfam\x9e\
\x00\x00\x02\xda\x00\x01\x00\x00\x00\x01\x00\x00P\xab\
\x00\x00\x01\x97,\xfam\x8d\
\x00\x00\x03h\x00\x01\x00\x00\x00\x01\x00\x00\x89\x91\
\x00\x00\x01\x97De% \
\x00\x00\x02\xfa\x00\x01\x00\x00\x00\x01\x00\x00S/\
\x00\x00\x01\x97,\xfam\x89\
\x00\x00\x02\x98\x00\x00\x00\x00\x00\x01\x00\x00F\xb4\
\x00\x00\x01\x97,\xfam\x87\
\x00\x00\x02\xb0\x00\x00\x00\x00\x00\x01\x00\x00K\xb0\
\x00\x00\x01\x97,\xfam\x90\
\x00\x00\x01n\x00\x00\x00\x00\x00\x01\x00\x00\x13\x1f\
\x00\x00\x01\x97,\xfam\x96\
\x00\x00\x03J\x00\x01\x00\x00\x00\x01\x00\x00\x86X\
\x00\x00\x01\x97Dd\xc1\x8f\
\x00\x00\x02~\x00\x01\x00\x00\x00\x01\x00\x00B\xb4\
\x00\x00\x01\x97B\x00\xf2\xe1\
\x00\x00\x01\xca\x00\x01\x00\x00\x00\x01\x00\x00#S\
\x00\x00\x01\x97B\x01\xca\x8f\
"

def qInitResources():
    QtCore.qRegisterResourceData(0x03, qt_resource_struct, qt_resource_name, qt_resource_data)

def qCleanupResources():
    QtCore.qUnregisterResourceData(0x03, qt_resource_struct, qt_resource_name, qt_resource_data)

qInitResources()
